seed,dataset,epoch,train_loss,train_accuracy,val_loss,val_accuracy,epoch_seconds_bank,elapsed_seconds_global
1,NSL-KDD,1,0.2992921769618988,0.9058343768119812,0.15280260145664215,0.9455965757369995,61.965467200032435,62.90521810000064
2,NSL-KDD,1,0.30137479305267334,0.9026023745536804,0.16491462290287018,0.9461801052093506,61.965467200032435,62.90521810000064
3,NSL-KDD,1,0.2936375141143799,0.9042969346046448,0.14888650178909302,0.9486488699913025,61.965467200032435,62.90521810000064
4,NSL-KDD,1,0.297556072473526,0.9030625224113464,0.16078482568264008,0.9425442218780518,61.965467200032435,62.90521810000064
5,NSL-KDD,1,0.31320908665657043,0.8999651670455933,0.17375944554805756,0.9411078095436096,61.965467200032435,62.90521810000064
6,NSL-KDD,1,0.29465240240097046,0.9048692584037781,0.17056865990161896,0.9388185739517212,61.965467200032435,62.90521810000064
7,NSL-KDD,1,0.29840925335884094,0.9059466123580933,0.17139001190662384,0.9498159289360046,61.965467200032435,62.90521810000064
8,NSL-KDD,1,0.2839060127735138,0.9183807969093323,0.1505231112241745,0.9469431638717651,61.965467200032435,62.90521810000064
9,NSL-KDD,1,0.29300129413604736,0.9072708487510681,0.16033287346363068,0.9504444003105164,61.965467200032435,62.90521810000064
10,NSL-KDD,1,0.30339351296424866,0.9024677276611328,0.15239809453487396,0.9479306936264038,61.965467200032435,62.90521810000064
11,NSL-KDD,1,0.28463342785835266,0.908516526222229,0.15806089341640472,0.9420055747032166,61.965467200032435,62.90521810000064
12,NSL-KDD,1,0.3044939637184143,0.9123208522796631,0.17035740613937378,0.9470778107643127,61.965467200032435,62.90521810000064
13,NSL-KDD,1,0.30159804224967957,0.9016372561454773,0.16181239485740662,0.9427237510681152,61.965467200032435,62.90521810000064
14,NSL-KDD,1,0.29747509956359863,0.9111537337303162,0.1509811133146286,0.9484244585037231,61.965467200032435,62.90521810000064
15,NSL-KDD,1,0.29590240120887756,0.9125789403915405,0.19198092818260193,0.939491868019104,61.965467200032435,62.90521810000064
16,NSL-KDD,1,0.29919835925102234,0.9096162915229797,0.17285124957561493,0.9427686333656311,61.965467200032435,62.90521810000064
17,NSL-KDD,1,0.30055931210517883,0.9086623787879944,0.1767088770866394,0.9477960467338562,61.965467200032435,62.90521810000064
18,NSL-KDD,1,0.30416178703308105,0.9053966999053955,0.161580890417099,0.9434419274330139,61.965467200032435,62.90521810000064
19,NSL-KDD,1,0.30490222573280334,0.9069341421127319,0.1707903891801834,0.9417362213134766,61.965467200032435,62.90521810000064
20,NSL-KDD,1,0.31590527296066284,0.9085726141929626,0.18065132200717926,0.9455516338348389,61.965467200032435,62.90521810000064
21,NSL-KDD,1,0.3054789900779724,0.9043418169021606,0.17076504230499268,0.9404793977737427,61.965467200032435,62.90521810000064
22,NSL-KDD,1,0.28896647691726685,0.9100988507270813,0.16250936686992645,0.9432175159454346,61.965467200032435,62.90521810000064
23,NSL-KDD,1,0.29516729712486267,0.9060476422309875,0.16474556922912598,0.9453721046447754,61.965467200032435,62.90521810000064
24,NSL-KDD,1,0.28349196910858154,0.9117035865783691,0.159425288438797,0.9432623982429504,61.965467200032435,62.90521810000064
25,NSL-KDD,1,0.29234907031059265,0.9074840545654297,0.1585714966058731,0.950309693813324,61.965467200032435,62.90521810000064
26,NSL-KDD,1,0.2962949872016907,0.9140266180038452,0.15899989008903503,0.947616457939148,61.965467200032435,62.90521810000064
27,NSL-KDD,1,0.2822876572608948,0.9108843803405762,0.14656847715377808,0.9504444003105164,61.965467200032435,62.90521810000064
28,NSL-KDD,1,0.29993993043899536,0.9096162915229797,0.1650794893503189,0.9431277513504028,61.965467200032435,62.90521810000064
29,NSL-KDD,1,0.29976004362106323,0.9139031767845154,0.15134309232234955,0.9460005164146423,61.965467200032435,62.90521810000064
30,NSL-KDD,1,0.2992480397224426,0.9112322926521301,0.15274010598659515,0.9468085169792175,61.965467200032435,62.90521810000064
31,NSL-KDD,1,0.30762210488319397,0.9060476422309875,0.16798996925354004,0.9396713972091675,61.965467200032435,62.90521810000064
32,NSL-KDD,1,0.2880615293979645,0.9070800542831421,0.14935898780822754,0.949097752571106,61.965467200032435,62.90521810000064
33,NSL-KDD,1,0.30987876653671265,0.8992806077003479,0.16294929385185242,0.9455965757369995,61.965467200032435,62.90521810000064
34,NSL-KDD,1,0.30442261695861816,0.9095938205718994,0.16582091152668,0.9435317516326904,61.965467200032435,62.90521810000064
35,NSL-KDD,1,0.2712786793708801,0.9195030331611633,0.1552373617887497,0.9461352229118347,61.965467200032435,62.90521810000064
36,NSL-KDD,1,0.29167813062667847,0.9172810316085815,0.15026456117630005,0.9487835168838501,61.965467200032435,62.90521810000064
37,NSL-KDD,1,0.31738826632499695,0.909807026386261,0.1678297072649002,0.9433072805404663,61.965467200032435,62.90521810000064
38,NSL-KDD,1,0.3015087842941284,0.9136675000190735,0.17262224853038788,0.9411078095436096,61.965467200032435,62.90521810000064
39,NSL-KDD,1,0.2959500253200531,0.9134654998779297,0.1536942720413208,0.9431277513504028,61.965467200032435,62.90521810000064
40,NSL-KDD,1,0.31068482995033264,0.9042520523071289,0.16246265172958374,0.944564163684845,61.965467200032435,62.90521810000064
41,NSL-KDD,1,0.28868257999420166,0.9077534079551697,0.15194764733314514,0.9477960467338562,61.965467200032435,62.90521810000064
42,NSL-KDD,1,0.28840145468711853,0.9128819108009338,0.147593155503273,0.9488284587860107,61.965467200032435,62.90521810000064
43,NSL-KDD,1,0.30110734701156616,0.9019851684570312,0.1681130975484848,0.9435766339302063,61.965467200032435,62.90521810000064
44,NSL-KDD,1,0.2955705225467682,0.9105701446533203,0.15825875103473663,0.9439805746078491,61.965467200032435,62.90521810000064
45,NSL-KDD,1,0.2816573977470398,0.912837028503418,0.14624813199043274,0.9487386345863342,61.965467200032435,62.90521810000064
46,NSL-KDD,1,0.3071981370449066,0.9080339670181274,0.17292721569538116,0.9413771629333496,61.965467200032435,62.90521810000064
47,NSL-KDD,1,0.30657824873924255,0.9008966088294983,0.15845094621181488,0.9452823400497437,61.965467200032435,62.90521810000064
48,NSL-KDD,1,0.2977754771709442,0.9050488471984863,0.17340581119060516,0.9482898116111755,61.965467200032435,62.90521810000064
49,NSL-KDD,1,0.29651549458503723,0.914307177066803,0.16455908119678497,0.9499057531356812,61.965467200032435,62.90521810000064
50,NSL-KDD,1,0.3010600209236145,0.9033318161964417,0.16690826416015625,0.9450129866600037,61.965467200032435,62.90521810000064
51,NSL-KDD,1,0.31846854090690613,0.8956782817840576,0.16045209765434265,0.9465391635894775,61.965467200032435,62.90521810000064
52,NSL-KDD,1,0.3121556341648102,0.9097285270690918,0.1692187786102295,0.9415118098258972,61.965467200032435,62.90521810000064
53,NSL-KDD,1,0.2975766360759735,0.9086399674415588,0.15477636456489563,0.947257399559021,61.965467200032435,62.90521810000064
54,NSL-KDD,1,0.2972366511821747,0.9061822891235352,0.16738241910934448,0.9483795762062073,61.965467200032435,62.90521810000064
55,NSL-KDD,1,0.30028653144836426,0.9124106168746948,0.1608845740556717,0.9441152811050415,61.965467200032435,62.90521810000064
56,NSL-KDD,1,0.2939278781414032,0.9042183756828308,0.16504248976707458,0.9454169869422913,61.965467200032435,62.90521810000064
57,NSL-KDD,1,0.2880757749080658,0.9124554991722107,0.16798090934753418,0.9431277513504028,61.965467200032435,62.90521810000064
58,NSL-KDD,1,0.2808227837085724,0.9082583785057068,0.14515048265457153,0.950893223285675,61.965467200032435,62.90521810000064
59,NSL-KDD,1,0.29885801672935486,0.9038592576980591,0.16008953750133514,0.9458658695220947,61.965467200032435,62.90521810000064
60,NSL-KDD,1,0.2980291247367859,0.903466522693634,0.1633235216140747,0.9438459277153015,61.965467200032435,62.90521810000064
61,NSL-KDD,1,0.28972479701042175,0.9050712585449219,0.15358582139015198,0.9468533992767334,61.965467200032435,62.90521810000064
62,NSL-KDD,1,0.27977123856544495,0.911748468875885,0.15072888135910034,0.9497710466384888,61.965467200032435,62.90521810000064
63,NSL-KDD,1,0.2966199815273285,0.9142398238182068,0.15883667767047882,0.9463147521018982,61.965467200032435,62.90521810000064
64,NSL-KDD,1,0.3057125210762024,0.9084715843200684,0.1604851484298706,0.9466289281845093,61.965467200032435,62.90521810000064
1,UNSW-NB15,1,0.7298489809036255,0.7087076902389526,0.5858966708183289,0.7570672631263733,66.49309970001923,67.43226380000124
2,UNSW-NB15,1,0.7332378625869751,0.6983632445335388,0.6003326773643494,0.7419784665107727,66.49309970001923,67.43226380000124
3,UNSW-NB15,1,0.7354008555412292,0.7030808329582214,0.6117480993270874,0.7206237316131592,66.49309970001923,67.43226380000124
4,UNSW-NB15,1,0.695711076259613,0.7178547978401184,0.5756111741065979,0.7589758634567261,66.49309970001923,67.43226380000124
5,UNSW-NB15,1,0.7259488701820374,0.7051965594291687,0.5761308670043945,0.7595520615577698,66.49309970001923,67.43226380000124
6,UNSW-NB15,1,0.7352328300476074,0.7003079056739807,0.6120356917381287,0.7316792607307434,66.49309970001923,67.43226380000124
7,UNSW-NB15,1,0.7112675309181213,0.7122638821601868,0.5813264846801758,0.7428427934646606,66.49309970001923,67.43226380000124
8,UNSW-NB15,1,0.7199804782867432,0.7065199613571167,0.5817506909370422,0.758255660533905,66.49309970001923,67.43226380000124
9,UNSW-NB15,1,0.7168376445770264,0.7076723575592041,0.5792657732963562,0.7592279314994812,66.49309970001923,67.43226380000124
10,UNSW-NB15,1,0.7076238393783569,0.7118587493896484,0.5684290528297424,0.7598761320114136,66.49309970001923,67.43226380000124
11,UNSW-NB15,1,0.7111449837684631,0.7097610831260681,0.586676836013794,0.7435269951820374,66.49309970001923,67.43226380000124
12,UNSW-NB15,1,0.7139462828636169,0.710355281829834,0.5798293948173523,0.7483164668083191,66.49309970001923,67.43226380000124
13,UNSW-NB15,1,0.725534200668335,0.7044042944908142,0.5869762301445007,0.754366397857666,66.49309970001923,67.43226380000124
14,UNSW-NB15,1,0.723125696182251,0.7082845568656921,0.5786342620849609,0.7502251267433167,66.49309970001923,67.43226380000124
15,UNSW-NB15,1,0.7175333499908447,0.7112195491790771,0.5910050868988037,0.7419424653053284,66.49309970001923,67.43226380000124
16,UNSW-NB15,1,0.725184977054596,0.7095270156860352,0.5800042748451233,0.7605963945388794,66.49309970001923,67.43226380000124
17,UNSW-NB15,1,0.7213432192802429,0.7040981650352478,0.5781689882278442,0.7573553323745728,66.49309970001923,67.43226380000124
18,UNSW-NB15,1,0.7052340507507324,0.7112555503845215,0.5681240558624268,0.7604163289070129,66.49309970001923,67.43226380000124
19,UNSW-NB15,1,0.7075862884521484,0.7144336104393005,0.5931314826011658,0.7410061955451965,66.49309970001923,67.43226380000124
20,UNSW-NB15,1,0.702852725982666,0.7161802053451538,0.5716617703437805,0.7583996653556824,66.49309970001923,67.43226380000124
21,UNSW-NB15,1,0.7120716571807861,0.7102382183074951,0.5735618472099304,0.7545464634895325,66.49309970001923,67.43226380000124
22,UNSW-NB15,1,0.7212255001068115,0.7066190242767334,0.5946446657180786,0.7487125992774963,66.49309970001923,67.43226380000124
23,UNSW-NB15,1,0.7076587677001953,0.7150908708572388,0.5761376619338989,0.759443998336792,66.49309970001923,67.43226380000124
24,UNSW-NB15,1,0.6963843107223511,0.715595006942749,0.5652983784675598,0.7613525986671448,66.49309970001923,67.43226380000124
25,UNSW-NB15,1,0.7351655960083008,0.7028647661209106,0.6039345860481262,0.7330116629600525,66.49309970001923,67.43226380000124
26,UNSW-NB15,1,0.7120804190635681,0.7136503458023071,0.5790911316871643,0.752565860748291,66.49309970001923,67.43226380000124
27,UNSW-NB15,1,0.7197086811065674,0.710832417011261,0.5812751054763794,0.7609204649925232,66.49309970001923,67.43226380000124
28,UNSW-NB15,1,0.7067467570304871,0.7128941416740417,0.5766836404800415,0.7615326642990112,66.49309970001923,67.43226380000124
29,UNSW-NB15,1,0.7281359434127808,0.702162504196167,0.58945631980896,0.7464439272880554,66.49309970001923,67.43226380000124
30,UNSW-NB15,1,0.7248436212539673,0.7086626887321472,0.5900379419326782,0.7558788657188416,66.49309970001923,67.43226380000124
31,UNSW-NB15,1,0.7079067230224609,0.7121378779411316,0.5731070041656494,0.7546184659004211,66.49309970001923,67.43226380000124
32,UNSW-NB15,1,0.7164619565010071,0.7099050879478455,0.5773353576660156,0.754258394241333,66.49309970001923,67.43226380000124
33,UNSW-NB15,1,0.708553671836853,0.7116066813468933,0.603054404258728,0.7591559290885925,66.49309970001923,67.43226380000124
34,UNSW-NB15,1,0.7188823223114014,0.7082935571670532,0.5779781341552734,0.7613165974617004,66.49309970001923,67.43226380000124
35,UNSW-NB15,1,0.7061586976051331,0.7122638821601868,0.5973436832427979,0.7309589982032776,66.49309970001923,67.43226380000124
36,UNSW-NB15,1,0.6997256875038147,0.7130111455917358,0.5796253085136414,0.7564190626144409,66.49309970001923,67.43226380000124
37,UNSW-NB15,1,0.7137675881385803,0.7096620202064514,0.5685784220695496,0.7491087317466736,66.49309970001923,67.43226380000124
38,UNSW-NB15,1,0.7101194858551025,0.7122278809547424,0.5835068225860596,0.7558788657188416,66.49309970001923,67.43226380000124
39,UNSW-NB15,1,0.7213427424430847,0.7051064968109131,0.5808841586112976,0.7569231986999512,66.49309970001923,67.43226380000124
40,UNSW-NB15,1,0.7057955265045166,0.7128220796585083,0.5721372961997986,0.7602362632751465,66.49309970001923,67.43226380000124
41,UNSW-NB15,1,0.7294662594795227,0.7025136351585388,0.594416081905365,0.7551226615905762,66.49309970001923,67.43226380000124
42,UNSW-NB15,1,0.7080827355384827,0.7116426825523376,0.5756869912147522,0.7564910650253296,66.49309970001923,67.43226380000124
43,UNSW-NB15,1,0.7056187987327576,0.7146676778793335,0.5692075490951538,0.7604523301124573,66.49309970001923,67.43226380000124
44,UNSW-NB15,1,0.7010939121246338,0.7104452848434448,0.570449948310852,0.7608124613761902,66.49309970001923,67.43226380000124
45,UNSW-NB15,1,0.705120861530304,0.7131462097167969,0.5825436115264893,0.7556267976760864,66.49309970001923,67.43226380000124
46,UNSW-NB15,1,0.7203617095947266,0.708509624004364,0.6127405166625977,0.7532860636711121,66.49309970001923,67.43226380000124
47,UNSW-NB15,1,0.709547758102417,0.7141455411911011,0.5790106058120728,0.7549065947532654,66.49309970001923,67.43226380000124
48,UNSW-NB15,1,0.7221159934997559,0.7058087587356567,0.5849144458770752,0.7551586627960205,66.49309970001923,67.43226380000124
49,UNSW-NB15,1,0.7060721516609192,0.7140284776687622,0.5714345574378967,0.7652058601379395,66.49309970001923,67.43226380000124
50,UNSW-NB15,1,0.7286099195480347,0.704125165939331,0.5821344256401062,0.7501890659332275,66.49309970001923,67.43226380000124
51,UNSW-NB15,1,0.744153618812561,0.6973549127578735,0.614409327507019,0.748676598072052,66.49309970001923,67.43226380000124
52,UNSW-NB15,1,0.7182232141494751,0.7088427543640137,0.5761600732803345,0.7609564661979675,66.49309970001923,67.43226380000124
53,UNSW-NB15,1,0.7188549041748047,0.7076723575592041,0.5999714732170105,0.7465159296989441,66.49309970001923,67.43226380000124
54,UNSW-NB15,1,0.7076019048690796,0.7153069376945496,0.5782098174095154,0.758363664150238,66.49309970001923,67.43226380000124
55,UNSW-NB15,1,0.7079421281814575,0.7163602709770203,0.5775892734527588,0.7573553323745728,66.49309970001923,67.43226380000124
56,UNSW-NB15,1,0.7152180075645447,0.7094369530677795,0.5878689885139465,0.7535741329193115,66.49309970001923,67.43226380000124
57,UNSW-NB15,1,0.709115743637085,0.7156580090522766,0.5736812353134155,0.7621448636054993,66.49309970001923,67.43226380000124
58,UNSW-NB15,1,0.7217320203781128,0.7074472904205322,0.5784469246864319,0.7584717273712158,66.49309970001923,67.43226380000124
59,UNSW-NB15,1,0.7094243764877319,0.7115526795387268,0.574517011642456,0.761136531829834,66.49309970001923,67.43226380000124
60,UNSW-NB15,1,0.7105072140693665,0.7123359441757202,0.5740454196929932,0.7604163289070129,66.49309970001923,67.43226380000124
61,UNSW-NB15,1,0.7086694240570068,0.7154690027236938,0.5696666836738586,0.7632611989974976,66.49309970001923,67.43226380000124
62,UNSW-NB15,1,0.6988614797592163,0.7144606113433838,0.5722768902778625,0.7606323957443237,66.49309970001923,67.43226380000124
63,UNSW-NB15,1,0.7144690752029419,0.7056736946105957,0.5751997232437134,0.7555907964706421,66.49309970001923,67.43226380000124
64,UNSW-NB15,1,0.7086673378944397,0.708167552947998,0.5726624727249146,0.7603803277015686,66.49309970001923,67.43226380000124
1,NSL-KDD,2,0.13762591779232025,0.9518005847930908,0.1249580830335617,0.9546188712120056,47.06226489995606,110.03775129996939
2,NSL-KDD,2,0.14816796779632568,0.950667142868042,0.1318337321281433,0.9552473425865173,47.06226489995606,110.03775129996939
3,NSL-KDD,2,0.13810023665428162,0.9512506723403931,0.13798531889915466,0.9570428133010864,47.06226489995606,110.03775129996939
4,NSL-KDD,2,0.14325286448001862,0.9511833190917969,0.1290186643600464,0.9513869881629944,47.06226489995606,110.03775129996939
5,NSL-KDD,2,0.15509749948978424,0.9469974637031555,0.1340014487504959,0.9560104012489319,47.06226489995606,110.03775129996939
6,NSL-KDD,2,0.13802576065063477,0.9528891444206238,0.12350243330001831,0.9554717540740967,47.06226489995606,110.03775129996939
7,NSL-KDD,2,0.1392001509666443,0.9522494673728943,0.12013233453035355,0.9557859897613525,47.06226489995606,110.03775129996939
8,NSL-KDD,2,0.13417403399944305,0.953618586063385,0.11712096631526947,0.9577609896659851,47.06226489995606,110.03775129996939
9,NSL-KDD,2,0.1394447535276413,0.9520811438560486,0.12726934254169464,0.9560104012489319,47.06226489995606,110.03775129996939
10,NSL-KDD,2,0.13640691339969635,0.953427791595459,0.12379274517297745,0.9543046951293945,47.06226489995606,110.03775129996939
11,NSL-KDD,2,0.13741043210029602,0.9516546726226807,0.12263070046901703,0.955965518951416,47.06226489995606,110.03775129996939
12,NSL-KDD,2,0.14031612873077393,0.9520025849342346,0.12180081009864807,0.9569530487060547,47.06226489995606,110.03775129996939
13,NSL-KDD,2,0.13839852809906006,0.9524402618408203,0.1260732114315033,0.9565490484237671,47.06226489995606,110.03775129996939
14,NSL-KDD,2,0.1342567652463913,0.9539103507995605,0.11740636080503464,0.9588382840156555,47.06226489995606,110.03775129996939
15,NSL-KDD,2,0.14046458899974823,0.9509477019309998,0.11968418210744858,0.9572672247886658,47.06226489995606,110.03775129996939
16,NSL-KDD,2,0.15094877779483795,0.9491745829582214,0.1337081342935562,0.9543944597244263,47.06226489995606,110.03775129996939
17,NSL-KDD,2,0.13889451324939728,0.952530026435852,0.13002215325832367,0.9602746963500977,47.06226489995606,110.03775129996939
18,NSL-KDD,2,0.14360098540782928,0.9503417015075684,0.14173570275306702,0.946988046169281,47.06226489995606,110.03775129996939
19,NSL-KDD,2,0.13786084949970245,0.951216995716095,0.11973448097705841,0.9587934017181396,47.06226489995606,110.03775129996939
20,NSL-KDD,2,0.14799129962921143,0.9491633176803589,0.13958308100700378,0.9488733410835266,47.06226489995606,110.03775129996939
21,NSL-KDD,2,0.14889149367809296,0.949578583240509,0.1338948756456375,0.9519705176353455,47.06226489995606,110.03775129996939
22,NSL-KDD,2,0.13682308793067932,0.9533267617225647,0.1208420917391777,0.9585241079330444,47.06226489995606,110.03775129996939
23,NSL-KDD,2,0.14555275440216064,0.9498703479766846,0.1292404979467392,0.9545739889144897,47.06226489995606,110.03775129996939
24,NSL-KDD,2,0.1364923119544983,0.9533604383468628,0.1299227625131607,0.9539904594421387,47.06226489995606,110.03775129996939
25,NSL-KDD,2,0.13940127193927765,0.9516209959983826,0.1186019629240036,0.9578508138656616,47.06226489995606,110.03775129996939
26,NSL-KDD,2,0.14409026503562927,0.9499937891960144,0.12765975296497345,0.9536762833595276,47.06226489995606,110.03775129996939
27,NSL-KDD,2,0.1288842111825943,0.9551560282707214,0.12008704245090485,0.9557411074638367,47.06226489995606,110.03775129996939
28,NSL-KDD,2,0.1469951868057251,0.9492980241775513,0.13863080739974976,0.9464493989944458,47.06226489995606,110.03775129996939
29,NSL-KDD,2,0.13370005786418915,0.9534951448440552,0.11926114559173584,0.9563695192337036,47.06226489995606,110.03775129996939
30,NSL-KDD,2,0.13530997931957245,0.9527095556259155,0.11929985880851746,0.9593320488929749,47.06226489995606,110.03775129996939
31,NSL-KDD,2,0.14149059355258942,0.9515424370765686,0.12733596563339233,0.9557411074638367,47.06226489995606,110.03775129996939
32,NSL-KDD,2,0.13593201339244843,0.9533941149711609,0.11846406012773514,0.955965518951416,47.06226489995606,110.03775129996939
33,NSL-KDD,2,0.14310616254806519,0.9516658782958984,0.13247892260551453,0.9533620476722717,47.06226489995606,110.03775129996939
34,NSL-KDD,2,0.1461631953716278,0.9502968192100525,0.13282930850982666,0.9547086954116821,47.06226489995606,110.03775129996939
35,NSL-KDD,2,0.13522230088710785,0.9533829092979431,0.12235358357429504,0.9576712250709534,47.06226489995606,110.03775129996939
36,NSL-KDD,2,0.13429853320121765,0.9527881145477295,0.12255317717790604,0.9574019312858582,47.06226489995606,110.03775129996939
37,NSL-KDD,2,0.13802941143512726,0.9530462026596069,0.12218575179576874,0.954753577709198,47.06226489995606,110.03775129996939
38,NSL-KDD,2,0.13831982016563416,0.9528554677963257,0.12537410855293274,0.9532274007797241,47.06226489995606,110.03775129996939
39,NSL-KDD,2,0.1309451311826706,0.9544265866279602,0.11881894618272781,0.958658754825592,47.06226489995606,110.03775129996939
40,NSL-KDD,2,0.14405712485313416,0.9505773186683655,0.12363506853580475,0.9561001658439636,47.06226489995606,110.03775129996939
41,NSL-KDD,2,0.1325719952583313,0.9548417925834656,0.12547063827514648,0.961037814617157,47.06226489995606,110.03775129996939
42,NSL-KDD,2,0.13394004106521606,0.9528442025184631,0.11952906101942062,0.9543944597244263,47.06226489995606,110.03775129996939
43,NSL-KDD,2,0.14317460358142853,0.9505549073219299,0.1337759792804718,0.9531376361846924,47.06226489995606,110.03775129996939
44,NSL-KDD,2,0.14242570102214813,0.9517781138420105,0.12778687477111816,0.9539904594421387,47.06226489995606,110.03775129996939
45,NSL-KDD,2,0.1335505247116089,0.953349232673645,0.1294461190700531,0.9582996368408203,47.06226489995606,110.03775129996939
46,NSL-KDD,2,0.1535385549068451,0.9481533765792847,0.14740906655788422,0.9493222236633301,47.06226489995606,110.03775129996939
47,NSL-KDD,2,0.1424877792596817,0.9517893195152283,0.12872400879859924,0.9552473425865173,47.06226489995606,110.03775129996939
48,NSL-KDD,2,0.1476670354604721,0.950476348400116,0.12836968898773193,0.9534518122673035,47.06226489995606,110.03775129996939
49,NSL-KDD,2,0.13571849465370178,0.9536858797073364,0.11477239429950714,0.9593320488929749,47.06226489995606,110.03775129996939
50,NSL-KDD,2,0.1450352966785431,0.9504988193511963,0.12918919324874878,0.9539455771446228,47.06226489995606,110.03775129996939
51,NSL-KDD,2,0.13925765454769135,0.95268714427948,0.12638279795646667,0.9539904594421387,47.06226489995606,110.03775129996939
52,NSL-KDD,2,0.14392943680286407,0.9505997896194458,0.13080185651779175,0.9545291066169739,47.06226489995606,110.03775129996939
53,NSL-KDD,2,0.13857808709144592,0.9516097903251648,0.12166434526443481,0.9559206366539001,47.06226489995606,110.03775129996939
54,NSL-KDD,2,0.13766105473041534,0.9532145857810974,0.12001146376132965,0.9562797546386719,47.06226489995606,110.03775129996939
55,NSL-KDD,2,0.14368575811386108,0.9513180255889893,0.13125373423099518,0.9570876955986023,47.06226489995606,110.03775129996939
56,NSL-KDD,2,0.140959694981575,0.9519689083099365,0.12726497650146484,0.9559206366539001,47.06226489995606,110.03775129996939
57,NSL-KDD,2,0.13924410939216614,0.952608585357666,0.14004112780094147,0.9561001658439636,47.06226489995606,110.03775129996939
58,NSL-KDD,2,0.1328679323196411,0.954246997833252,0.12972788512706757,0.96014004945755,47.06226489995606,110.03775129996939
59,NSL-KDD,2,0.1387081891298294,0.9514975547790527,0.1190040335059166,0.9590627551078796,47.06226489995606,110.03775129996939
60,NSL-KDD,2,0.14319753646850586,0.9506446719169617,0.1266452670097351,0.9566388130187988,47.06226489995606,110.03775129996939
61,NSL-KDD,2,0.14113503694534302,0.9512282609939575,0.12881435453891754,0.9549779891967773,47.06226489995606,110.03775129996939
62,NSL-KDD,2,0.13736948370933533,0.9533267617225647,0.12357435375452042,0.9564144015312195,47.06226489995606,110.03775129996939
63,NSL-KDD,2,0.13724589347839355,0.9525973200798035,0.11805549263954163,0.956863284111023,47.06226489995606,110.03775129996939
64,NSL-KDD,2,0.13804961740970612,0.9529340267181396,0.1254345327615738,0.9556512832641602,47.06226489995606,110.03775129996939
1,UNSW-NB15,2,0.5641086101531982,0.7607091069221497,0.5320321321487427,0.772408127784729,53.96157879999373,121.44813919998705
2,UNSW-NB15,2,0.5738608241081238,0.7566847205162048,0.5452753901481628,0.7698513269424438,53.96157879999373,121.44813919998705
3,UNSW-NB15,2,0.5609421133995056,0.7619875073432922,0.5248680114746094,0.779178261756897,53.96157879999373,121.44813919998705
4,UNSW-NB15,2,0.5638126730918884,0.7601059079170227,0.5361149311065674,0.7743887305259705,53.96157879999373,121.44813919998705
5,UNSW-NB15,2,0.5635856986045837,0.7585123777389526,0.5306137204170227,0.7692391276359558,53.96157879999373,121.44813919998705
6,UNSW-NB15,2,0.5681959390640259,0.7590975761413574,0.5393771529197693,0.7699593305587769,53.96157879999373,121.44813919998705
7,UNSW-NB15,2,0.5504872798919678,0.7647334337234497,0.5235482454299927,0.7820231318473816,53.96157879999373,121.44813919998705
8,UNSW-NB15,2,0.563555896282196,0.7593766450881958,0.5361466407775879,0.7714717984199524,53.96157879999373,121.44813919998705
9,UNSW-NB15,2,0.5622729063034058,0.7605830430984497,0.5399314761161804,0.7721560001373291,53.96157879999373,121.44813919998705
10,UNSW-NB15,2,0.5429399013519287,0.7665430307388306,0.51579749584198,0.7614246606826782,53.96157879999373,121.44813919998705
11,UNSW-NB15,2,0.5635247826576233,0.7609071731567383,0.5415467023849487,0.7729482650756836,53.96157879999373,121.44813919998705
12,UNSW-NB15,2,0.5552166700363159,0.7643373012542725,0.5313251614570618,0.7715798616409302,53.96157879999373,121.44813919998705
13,UNSW-NB15,2,0.5636119842529297,0.7610691785812378,0.5344834923744202,0.7724801301956177,53.96157879999373,121.44813919998705
14,UNSW-NB15,2,0.5546724796295166,0.762572705745697,0.5263683199882507,0.7627930641174316,53.96157879999373,121.44813919998705
15,UNSW-NB15,2,0.5591489672660828,0.761834442615509,0.526605486869812,0.7716518640518188,53.96157879999373,121.44813919998705
16,UNSW-NB15,2,0.5607290267944336,0.7602229118347168,0.536403238773346,0.7719399333000183,53.96157879999373,121.44813919998705
17,UNSW-NB15,2,0.567550778388977,0.7592415809631348,0.5434548854827881,0.7690590620040894,53.96157879999373,121.44813919998705
18,UNSW-NB15,2,0.5431037545204163,0.7676684260368347,0.5215132832527161,0.7659260630607605,53.96157879999373,121.44813919998705
19,UNSW-NB15,2,0.5648409128189087,0.7603669762611389,0.5359187722206116,0.7730563282966614,53.96157879999373,121.44813919998705
20,UNSW-NB15,2,0.5577730536460876,0.7617174386978149,0.5297315716743469,0.7712917327880859,53.96157879999373,121.44813919998705
21,UNSW-NB15,2,0.548064649105072,0.7667680978775024,0.5183245539665222,0.7783139944076538,53.96157879999373,121.44813919998705
22,UNSW-NB15,2,0.5699910521507263,0.7565497159957886,0.5482679605484009,0.7490007281303406,53.96157879999373,121.44813919998705
23,UNSW-NB15,2,0.5554032325744629,0.7622215747833252,0.5214985013008118,0.7755771279335022,53.96157879999373,121.44813919998705
24,UNSW-NB15,2,0.5442603826522827,0.764157235622406,0.5110848546028137,0.7794303297996521,53.96157879999373,121.44813919998705
25,UNSW-NB15,2,0.5582140684127808,0.7627797722816467,0.5201234221458435,0.7764413952827454,53.96157879999373,121.44813919998705
26,UNSW-NB15,2,0.5646807551383972,0.7597817778587341,0.5485231280326843,0.7695271968841553,53.96157879999373,121.44813919998705
27,UNSW-NB15,2,0.5604873299598694,0.7605290412902832,0.5367055535316467,0.7585797309875488,53.96157879999373,121.44813919998705
28,UNSW-NB15,2,0.5588767528533936,0.7612312436103821,0.5409730672836304,0.7738125324249268,53.96157879999373,121.44813919998705
29,UNSW-NB15,2,0.5663129091262817,0.7589355111122131,0.5690933465957642,0.7455435991287231,53.96157879999373,121.44813919998705
30,UNSW-NB15,2,0.5677408576011658,0.7605740427970886,0.5434464812278748,0.7562389969825745,53.96157879999373,121.44813919998705
31,UNSW-NB15,2,0.5549229383468628,0.7608261108398438,0.5438397526741028,0.7516295313835144,53.96157879999373,121.44813919998705
32,UNSW-NB15,2,0.5499986410140991,0.7672092318534851,0.5207995176315308,0.7823112607002258,53.96157879999373,121.44813919998705
33,UNSW-NB15,2,0.5568094253540039,0.7619065046310425,0.5289948582649231,0.7732003331184387,53.96157879999373,121.44813919998705
34,UNSW-NB15,2,0.5559709072113037,0.7645533680915833,0.5240866541862488,0.7735604643821716,53.96157879999373,121.44813919998705
35,UNSW-NB15,2,0.5582277774810791,0.7625007033348083,0.5264879465103149,0.773488461971283,53.96157879999373,121.44813919998705
36,UNSW-NB15,2,0.564321756362915,0.7587374448776245,0.5418097376823425,0.7693831324577332,53.96157879999373,121.44813919998705
37,UNSW-NB15,2,0.5487698912620544,0.7634730339050293,0.5168615579605103,0.7753610610961914,53.96157879999373,121.44813919998705
38,UNSW-NB15,2,0.5588201880455017,0.7618164420127869,0.5358601808547974,0.7653858661651611,53.96157879999373,121.44813919998705
39,UNSW-NB15,2,0.5536267161369324,0.7644453048706055,0.5183079838752747,0.777485728263855,53.96157879999373,121.44813919998705
40,UNSW-NB15,2,0.5629633665084839,0.7601509094238281,0.5446538925170898,0.751449465751648,53.96157879999373,121.44813919998705
41,UNSW-NB15,2,0.5559267401695251,0.7625187039375305,0.5172650814056396,0.7778818607330322,53.96157879999373,121.44813919998705
42,UNSW-NB15,2,0.5605822801589966,0.7608081102371216,0.5327483415603638,0.7729122638702393,53.96157879999373,121.44813919998705
43,UNSW-NB15,2,0.550341784954071,0.7636080384254456,0.5268930792808533,0.7782779335975647,53.96157879999373,121.44813919998705
44,UNSW-NB15,2,0.5460407137870789,0.765129566192627,0.5269321799278259,0.7762973308563232,53.96157879999373,121.44813919998705
45,UNSW-NB15,2,0.5637028217315674,0.7603219747543335,0.5285496115684509,0.7733443975448608,53.96157879999373,121.44813919998705
46,UNSW-NB15,2,0.5458953976631165,0.7691178917884827,0.510379433631897,0.7800065279006958,53.96157879999373,121.44813919998705
47,UNSW-NB15,2,0.5627842545509338,0.7601509094238281,0.5366717576980591,0.7740646600723267,53.96157879999373,121.44813919998705
48,UNSW-NB15,2,0.560194194316864,0.7611502408981323,0.5359234809875488,0.769131064414978,53.96157879999373,121.44813919998705
49,UNSW-NB15,2,0.5491511821746826,0.7655797004699707,0.5171921253204346,0.7802585959434509,53.96157879999373,121.44813919998705
50,UNSW-NB15,2,0.5544254779815674,0.7623746395111084,0.5345237255096436,0.7529979944229126,53.96157879999373,121.44813919998705
51,UNSW-NB15,2,0.5674148797988892,0.7590165138244629,0.5291210412979126,0.7752169966697693,53.96157879999373,121.44813919998705
52,UNSW-NB15,2,0.5572625398635864,0.7628427743911743,0.5295844674110413,0.7710396647453308,53.96157879999373,121.44813919998705
53,UNSW-NB15,2,0.5552158355712891,0.7644813656806946,0.519037127494812,0.7828513979911804,53.96157879999373,121.44813919998705
54,UNSW-NB15,2,0.5656304359436035,0.7565587162971497,0.5331182479858398,0.7700313329696655,53.96157879999373,121.44813919998705
55,UNSW-NB15,2,0.5556531548500061,0.7644903659820557,0.5153157711029053,0.7794303297996521,53.96157879999373,121.44813919998705
56,UNSW-NB15,2,0.5599842071533203,0.7618074417114258,0.5287713408470154,0.7659980654716492,53.96157879999373,121.44813919998705
57,UNSW-NB15,2,0.5539765954017639,0.7630318403244019,0.5374986529350281,0.7738845944404602,53.96157879999373,121.44813919998705
58,UNSW-NB15,2,0.5460678935050964,0.7655616998672485,0.5075993537902832,0.7818430662155151,53.96157879999373,121.44813919998705
59,UNSW-NB15,2,0.5558196306228638,0.761456310749054,0.526238203048706,0.7589398622512817,53.96157879999373,121.44813919998705
60,UNSW-NB15,2,0.5612767338752747,0.7607721090316772,0.5399295091629028,0.7723360657691956,53.96157879999373,121.44813919998705
61,UNSW-NB15,2,0.55058753490448,0.7644183039665222,0.5194334387779236,0.778097927570343,53.96157879999373,121.44813919998705
62,UNSW-NB15,2,0.5577287673950195,0.7615283727645874,0.5357131361961365,0.774712860584259,53.96157879999373,121.44813919998705
63,UNSW-NB15,2,0.5595437288284302,0.7591245770454407,0.5304301381111145,0.7665382623672485,53.96157879999373,121.44813919998705
64,UNSW-NB15,2,0.557938814163208,0.7612672448158264,0.5302876830101013,0.7667903304100037,53.96157879999373,121.44813919998705
1,NSL-KDD,3,0.11322009563446045,0.9604865312576294,0.11880667507648468,0.9546638131141663,45.24318290001247,155.33264360000612
2,NSL-KDD,3,0.12424257397651672,0.9579503536224365,0.1258728951215744,0.9611724615097046,45.24318290001247,155.33264360000612
3,NSL-KDD,3,0.11310362070798874,0.960071325302124,0.10266932100057602,0.9656162858009338,45.24318290001247,155.33264360000612
4,NSL-KDD,3,0.12304306775331497,0.957310676574707,0.11787047237157822,0.9563246369361877,45.24318290001247,155.33264360000612
5,NSL-KDD,3,0.12595105171203613,0.9573218822479248,0.13499762117862701,0.9584343433380127,45.24318290001247,155.33264360000612
6,NSL-KDD,3,0.11410275846719742,0.9610139727592468,0.1085214838385582,0.9620252847671509,45.24318290001247,155.33264360000612
7,NSL-KDD,3,0.11288710683584213,0.9605426788330078,0.11349742114543915,0.9628781676292419,45.24318290001247,155.33264360000612
8,NSL-KDD,3,0.114105224609375,0.9597570896148682,0.11374400556087494,0.9616662263870239,45.24318290001247,155.33264360000612
9,NSL-KDD,3,0.11585022509098053,0.9588817954063416,0.10598666220903397,0.9646287560462952,45.24318290001247,155.33264360000612
10,NSL-KDD,3,0.11403294652700424,0.9610364437103271,0.1014108955860138,0.9664691686630249,45.24318290001247,155.33264360000612
11,NSL-KDD,3,0.11391762644052505,0.960340678691864,0.11680713295936584,0.961980402469635,45.24318290001247,155.33264360000612
12,NSL-KDD,3,0.1145743876695633,0.9594653248786926,0.10411395132541656,0.962249755859375,45.24318290001247,155.33264360000612
13,NSL-KDD,3,0.11572598665952682,0.9597570896148682,0.1164136603474617,0.9587036371231079,45.24318290001247,155.33264360000612
14,NSL-KDD,3,0.10994528234004974,0.9620689153671265,0.09801885485649109,0.9657060503959656,45.24318290001247,155.33264360000612
15,NSL-KDD,3,0.1139875128865242,0.9613730907440186,0.1066245287656784,0.9637759327888489,45.24318290001247,155.33264360000612
16,NSL-KDD,3,0.12402038276195526,0.9572769999504089,0.11065055429935455,0.9632372856140137,45.24318290001247,155.33264360000612
17,NSL-KDD,3,0.11400698870420456,0.9609466791152954,0.12146727740764618,0.9542149305343628,45.24318290001247,155.33264360000612
18,NSL-KDD,3,0.11866194754838943,0.9579166769981384,0.1095026507973671,0.9626088738441467,45.24318290001247,155.33264360000612
19,NSL-KDD,3,0.11248981952667236,0.9609466791152954,0.09737347811460495,0.9659754037857056,45.24318290001247,155.33264360000612
20,NSL-KDD,3,0.11502526700496674,0.9605650901794434,0.11422912031412125,0.9552922248840332,45.24318290001247,155.33264360000612
21,NSL-KDD,3,0.1178755983710289,0.9598693251609802,0.10804329067468643,0.9590627551078796,45.24318290001247,155.33264360000612
22,NSL-KDD,3,0.11598788946866989,0.9597683548927307,0.10733166337013245,0.9656611680984497,45.24318290001247,155.33264360000612
23,NSL-KDD,3,0.12013685703277588,0.957467794418335,0.1145850345492363,0.9606786966323853,45.24318290001247,155.33264360000612
24,NSL-KDD,3,0.11346470564603806,0.9601835608482361,0.10776472091674805,0.9596911668777466,45.24318290001247,155.33264360000612
25,NSL-KDD,3,0.1129668727517128,0.9608232378959656,0.09882139414548874,0.9672322273254395,45.24318290001247,155.33264360000612
26,NSL-KDD,3,0.12283103913068771,0.9578942060470581,0.11627718061208725,0.9592422842979431,45.24318290001247,155.33264360000612
27,NSL-KDD,3,0.10526888072490692,0.9643694162368774,0.10730118304491043,0.9675464630126953,45.24318290001247,155.33264360000612
28,NSL-KDD,3,0.1222916916012764,0.9567944407463074,0.11147890985012054,0.9620702266693115,45.24318290001247,155.33264360000612
29,NSL-KDD,3,0.11156190931797028,0.9607895612716675,0.10033023357391357,0.9672322273254395,45.24318290001247,155.33264360000612
30,NSL-KDD,3,0.11081861704587936,0.9613394737243652,0.10302997380495071,0.9644043445587158,45.24318290001247,155.33264360000612
31,NSL-KDD,3,0.1177239790558815,0.9599927663803101,0.10655789077281952,0.9642696976661682,45.24318290001247,155.33264360000612
32,NSL-KDD,3,0.11357370018959045,0.9610364437103271,0.106019027531147,0.9633270502090454,45.24318290001247,155.33264360000612
33,NSL-KDD,3,0.11733239889144897,0.9600152373313904,0.11191089451313019,0.9653918743133545,45.24318290001247,155.33264360000612
34,NSL-KDD,3,0.12383142858743668,0.9563680291175842,0.11154806613922119,0.9618008732795715,45.24318290001247,155.33264360000612
35,NSL-KDD,3,0.11467402428388596,0.9597683548927307,0.10493841022253036,0.9601849317550659,45.24318290001247,155.33264360000612
36,NSL-KDD,3,0.11287861317396164,0.9606773257255554,0.11161834746599197,0.9604542255401611,45.24318290001247,155.33264360000612
37,NSL-KDD,3,0.11073902249336243,0.9620801210403442,0.10077596455812454,0.9666935801506042,45.24318290001247,155.33264360000612
38,NSL-KDD,3,0.11209485679864883,0.961900532245636,0.10178451240062714,0.9648083448410034,45.24318290001247,155.33264360000612
39,NSL-KDD,3,0.10776468366384506,0.962439239025116,0.09767722338438034,0.966154932975769,45.24318290001247,155.33264360000612
40,NSL-KDD,3,0.119815893471241,0.9584104418754578,0.12455438077449799,0.9566388130187988,45.24318290001247,155.33264360000612
41,NSL-KDD,3,0.11074603348970413,0.9617546796798706,0.09817232191562653,0.9660651683807373,45.24318290001247,155.33264360000612
42,NSL-KDD,3,0.11052878201007843,0.9620576500892639,0.1109723374247551,0.9631475210189819,45.24318290001247,155.33264360000612
43,NSL-KDD,3,0.11985747516155243,0.9581410884857178,0.12474610656499863,0.9549779891967773,45.24318290001247,155.33264360000612
44,NSL-KDD,3,0.11753863096237183,0.9589603543281555,0.11818968504667282,0.9569081664085388,45.24318290001247,155.33264360000612
45,NSL-KDD,3,0.11119488626718521,0.9615526795387268,0.10270589590072632,0.964673638343811,45.24318290001247,155.33264360000612
46,NSL-KDD,3,0.1273094266653061,0.9560986757278442,0.11864543706178665,0.9573570489883423,45.24318290001247,155.33264360000612
47,NSL-KDD,3,0.11669111251831055,0.9600601196289062,0.10848406702280045,0.9610826969146729,45.24318290001247,155.33264360000612
48,NSL-KDD,3,0.11990996450185776,0.9586012363433838,0.11449804902076721,0.9603195786476135,45.24318290001247,155.33264360000612
49,NSL-KDD,3,0.11001388728618622,0.9624953269958496,0.10036744922399521,0.966424286365509,45.24318290001247,155.33264360000612
50,NSL-KDD,3,0.11906036734580994,0.9588256478309631,0.11667848378419876,0.9580303430557251,45.24318290001247,155.33264360000612
51,NSL-KDD,3,0.11606411635875702,0.9593867659568787,0.10962612181901932,0.9590627551078796,45.24318290001247,155.33264360000612
52,NSL-KDD,3,0.11781951040029526,0.9588144421577454,0.10681243240833282,0.9636412262916565,45.24318290001247,155.33264360000612
53,NSL-KDD,3,0.11527422070503235,0.9598469138145447,0.11141029000282288,0.9582098722457886,45.24318290001247,155.33264360000612
54,NSL-KDD,3,0.11153179407119751,0.9617546796798706,0.10007047653198242,0.965840756893158,45.24318290001247,155.33264360000612
55,NSL-KDD,3,0.11715596914291382,0.9596897959709167,0.11441567540168762,0.9586138725280762,45.24318290001247,155.33264360000612
56,NSL-KDD,3,0.11469689756631851,0.9595887660980225,0.11191203445196152,0.9639554619789124,45.24318290001247,155.33264360000612
57,NSL-KDD,3,0.1165819764137268,0.9600489139556885,0.10465431958436966,0.966154932975769,45.24318290001247,155.33264360000612
58,NSL-KDD,3,0.11175511032342911,0.9609130024909973,0.10041773319244385,0.9674118161201477,45.24318290001247,155.33264360000612
59,NSL-KDD,3,0.11127561330795288,0.9608232378959656,0.10618241131305695,0.9635065793991089,45.24318290001247,155.33264360000612
60,NSL-KDD,3,0.11961421370506287,0.9588930010795593,0.10778489708900452,0.9607235789299011,45.24318290001247,155.33264360000612
61,NSL-KDD,3,0.11937256902456284,0.9587920308113098,0.12886695563793182,0.9554717540740967,45.24318290001247,155.33264360000612
62,NSL-KDD,3,0.11679626256227493,0.9597570896148682,0.11617381125688553,0.9579405784606934,45.24318290001247,155.33264360000612
63,NSL-KDD,3,0.11488764733076096,0.9598244428634644,0.11571642756462097,0.9578956961631775,45.24318290001247,155.33264360000612
64,NSL-KDD,3,0.11308155953884125,0.9609578847885132,0.10340184718370438,0.9645389914512634,45.24318290001247,155.33264360000612
1,UNSW-NB15,3,0.5208554267883301,0.7736464142799377,0.5103427767753601,0.7801865935325623,55.07639729999937,176.57463779998943
2,UNSW-NB15,3,0.5359556078910828,0.7694330215454102,0.5216498374938965,0.7798624634742737,55.07639729999937,176.57463779998943
3,UNSW-NB15,3,0.5159077644348145,0.7776347398757935,0.49097901582717896,0.7868486642837524,55.07639729999937,176.57463779998943
4,UNSW-NB15,3,0.5248000025749207,0.7734483480453491,0.49660220742225647,0.7858043313026428,55.07639729999937,176.57463779998943
5,UNSW-NB15,3,0.5278153419494629,0.7705223560333252,0.5081667304039001,0.7755771279335022,55.07639729999937,176.57463779998943
6,UNSW-NB15,3,0.5301735997200012,0.7721879482269287,0.5184029340744019,0.7780618667602539,55.07639729999937,176.57463779998943
7,UNSW-NB15,3,0.5151098370552063,0.7771576046943665,0.49665191769599915,0.7762973308563232,55.07639729999937,176.57463779998943
8,UNSW-NB15,3,0.5265564918518066,0.7725120186805725,0.5016104578971863,0.7785660624504089,55.07639729999937,176.57463779998943
9,UNSW-NB15,3,0.526432454586029,0.7723950147628784,0.5147883296012878,0.7822751998901367,55.07639729999937,176.57463779998943
10,UNSW-NB15,3,0.5029466152191162,0.779777467250824,0.4884270429611206,0.7833195328712463,55.07639729999937,176.57463779998943
11,UNSW-NB15,3,0.5242967009544373,0.7738624811172485,0.5012097954750061,0.786668598651886,55.07639729999937,176.57463779998943
12,UNSW-NB15,3,0.5125544667243958,0.7797684669494629,0.4921416640281677,0.7783499956130981,55.07639729999937,176.57463779998943
13,UNSW-NB15,3,0.5236486792564392,0.7742136120796204,0.5011857748031616,0.7817350625991821,55.07639729999937,176.57463779998943
14,UNSW-NB15,3,0.5055500864982605,0.7799034714698792,0.49477913975715637,0.7747848629951477,55.07639729999937,176.57463779998943
15,UNSW-NB15,3,0.5146326422691345,0.7776617407798767,0.4931071698665619,0.780978798866272,55.07639729999937,176.57463779998943
16,UNSW-NB15,3,0.5311013460159302,0.7694690227508545,0.5072217583656311,0.7779538631439209,55.07639729999937,176.57463779998943
17,UNSW-NB15,3,0.5333696603775024,0.7714136838912964,0.5128390789031982,0.7761172652244568,55.07639729999937,176.57463779998943
18,UNSW-NB15,3,0.5037776231765747,0.7789672017097473,0.5042999982833862,0.785480260848999,55.07639729999937,176.57463779998943
19,UNSW-NB15,3,0.5280773043632507,0.773196280002594,0.508018970489502,0.7813389301300049,55.07639729999937,176.57463779998943
20,UNSW-NB15,3,0.5229195356369019,0.7722779512405396,0.4997198283672333,0.7853001952171326,55.07639729999937,176.57463779998943
21,UNSW-NB15,3,0.5062590837478638,0.7803626656532288,0.4839758276939392,0.7892974615097046,55.07639729999937,176.57463779998943
22,UNSW-NB15,3,0.5330144762992859,0.7692709565162659,0.5231264233589172,0.7619287967681885,55.07639729999937,176.57463779998943
23,UNSW-NB15,3,0.5167068839073181,0.7752129435539246,0.4997066855430603,0.7758291959762573,55.07639729999937,176.57463779998943
24,UNSW-NB15,3,0.504801869392395,0.7791112065315247,0.4834524691104889,0.7853361964225769,55.07639729999937,176.57463779998943
25,UNSW-NB15,3,0.5110670328140259,0.7786070704460144,0.4917718172073364,0.783787727355957,55.07639729999937,176.57463779998943
26,UNSW-NB15,3,0.5275734663009644,0.7732412815093994,0.5139204263687134,0.7656019330024719,55.07639729999937,176.57463779998943
27,UNSW-NB15,3,0.5242782235145569,0.7734663486480713,0.5023073554039001,0.7859843969345093,55.07639729999937,176.57463779998943
28,UNSW-NB15,3,0.525480329990387,0.7735203504562378,0.5041713118553162,0.7871367335319519,55.07639729999937,176.57463779998943
29,UNSW-NB15,3,0.5250805616378784,0.7748078107833862,0.5100609660148621,0.7747848629951477,55.07639729999937,176.57463779998943
30,UNSW-NB15,3,0.5288279056549072,0.7737724781036377,0.5075647830963135,0.7822751998901367,55.07639729999937,176.57463779998943
31,UNSW-NB15,3,0.5148055553436279,0.7771486043930054,0.4918351471424103,0.7879649996757507,55.07639729999937,176.57463779998943
32,UNSW-NB15,3,0.5078173875808716,0.7805066704750061,0.4913159906864166,0.7849400639533997,55.07639729999937,176.57463779998943
33,UNSW-NB15,3,0.5186539888381958,0.7746187448501587,0.5134899616241455,0.7643775939941406,55.07639729999937,176.57463779998943
34,UNSW-NB15,3,0.5158069729804993,0.7777968049049377,0.4978986382484436,0.7872447967529297,55.07639729999937,176.57463779998943
35,UNSW-NB15,3,0.5248022079467773,0.7715576887130737,0.5050654411315918,0.7784219980239868,55.07639729999937,176.57463779998943
36,UNSW-NB15,3,0.5295454859733582,0.7710535526275635,0.5058294534683228,0.7787821292877197,55.07639729999937,176.57463779998943
37,UNSW-NB15,3,0.5103012919425964,0.7786340713500977,0.486878365278244,0.7892974615097046,55.07639729999937,176.57463779998943
38,UNSW-NB15,3,0.5193167328834534,0.7772746086120605,0.49878716468811035,0.7792502641677856,55.07639729999937,176.57463779998943
39,UNSW-NB15,3,0.5109677910804749,0.7802276015281677,0.49377596378326416,0.779898464679718,55.07639729999937,176.57463779998943
40,UNSW-NB15,3,0.5309417843818665,0.7714136838912964,0.520164430141449,0.7728762626647949,55.07639729999937,176.57463779998943
41,UNSW-NB15,3,0.5128965377807617,0.777823805809021,0.5046750903129578,0.7720119953155518,55.07639729999937,176.57463779998943
42,UNSW-NB15,3,0.5258118510246277,0.7711345553398132,0.5064049363136292,0.7787821292877197,55.07639729999937,176.57463779998943
43,UNSW-NB15,3,0.512370765209198,0.7786250710487366,0.5028718113899231,0.7848320603370667,55.07639729999937,176.57463779998943
44,UNSW-NB15,3,0.5098185539245605,0.7784540057182312,0.4934592843055725,0.7851561307907104,55.07639729999937,176.57463779998943
45,UNSW-NB15,3,0.5244776606559753,0.7738894820213318,0.5064629912376404,0.7787821292877197,55.07639729999937,176.57463779998943
46,UNSW-NB15,3,0.5051954984664917,0.7805787324905396,0.4918502867221832,0.7865245938301086,55.07639729999937,176.57463779998943
47,UNSW-NB15,3,0.526945173740387,0.7725750207901001,0.5096134543418884,0.7668983936309814,55.07639729999937,176.57463779998943
48,UNSW-NB15,3,0.5283305644989014,0.7700182199478149,0.5177152752876282,0.775288999080658,55.07639729999937,176.57463779998943
49,UNSW-NB15,3,0.507394015789032,0.7799755334854126,0.4864344894886017,0.7778457999229431,55.07639729999937,176.57463779998943
50,UNSW-NB15,3,0.5223182439804077,0.7736374139785767,0.5088496208190918,0.7852641940116882,55.07639729999937,176.57463779998943
51,UNSW-NB15,3,0.5137348771095276,0.7766894102096558,0.4913817048072815,0.7841117978096008,55.07639729999937,176.57463779998943
52,UNSW-NB15,3,0.5172629356384277,0.7762122750282288,0.49308449029922485,0.7863445281982422,55.07639729999937,176.57463779998943
53,UNSW-NB15,3,0.5073283314704895,0.780758798122406,0.48876965045928955,0.7821671962738037,55.07639729999937,176.57463779998943
54,UNSW-NB15,3,0.528294563293457,0.7699911594390869,0.5092424750328064,0.7643775939941406,55.07639729999937,176.57463779998943
55,UNSW-NB15,3,0.5118418335914612,0.7770765423774719,0.49220916628837585,0.7761532664299011,55.07639729999937,176.57463779998943
56,UNSW-NB15,3,0.5211729407310486,0.7754200100898743,0.497568815946579,0.7818070650100708,55.07639729999937,176.57463779998943
57,UNSW-NB15,3,0.5151214599609375,0.7750688791275024,0.5072715878486633,0.7768735289573669,55.07639729999937,176.57463779998943
58,UNSW-NB15,3,0.5058342218399048,0.7772476077079773,0.4904443025588989,0.784976065158844,55.07639729999937,176.57463779998943
59,UNSW-NB15,3,0.5154930949211121,0.7765634059906006,0.4942474365234375,0.7864885330200195,55.07639729999937,176.57463779998943
60,UNSW-NB15,3,0.5258644223213196,0.7717287540435791,0.5142636895179749,0.7833195328712463,55.07639729999937,176.57463779998943
61,UNSW-NB15,3,0.5101824998855591,0.7773826718330383,0.4938763976097107,0.7854081988334656,55.07639729999937,176.57463779998943
62,UNSW-NB15,3,0.518420398235321,0.7740785479545593,0.4962688684463501,0.7833195328712463,55.07639729999937,176.57463779998943
63,UNSW-NB15,3,0.5222282409667969,0.7740245461463928,0.5020665526390076,0.7813389301300049,55.07639729999937,176.57463779998943
64,UNSW-NB15,3,0.5178475975990295,0.7744566798210144,0.5017841458320618,0.7670783996582031,55.07639729999937,176.57463779998943
1,NSL-KDD,4,0.10012844204902649,0.9653457999229431,0.09269019216299057,0.9708232283592224,46.3089908999973,201.70246619998943
2,NSL-KDD,4,0.11145854741334915,0.962360680103302,0.12111324816942215,0.9609031081199646,46.3089908999973,201.70246619998943
3,NSL-KDD,4,0.09945257753133774,0.9658844470977783,0.09132811427116394,0.9670975804328918,46.3089908999973,201.70246619998943
4,NSL-KDD,4,0.1091788187623024,0.961541473865509,0.10073193907737732,0.9675913453102112,46.3089908999973,201.70246619998943
5,NSL-KDD,4,0.11060637980699539,0.962360680103302,0.10499297082424164,0.9640452265739441,46.3089908999973,201.70246619998943
6,NSL-KDD,4,0.10090861469507217,0.965861976146698,0.09996380656957626,0.9652571678161621,46.3089908999973,201.70246619998943
7,NSL-KDD,4,0.09930892288684845,0.9657498002052307,0.09228823333978653,0.9671873450279236,46.3089908999973,201.70246619998943
8,NSL-KDD,4,0.10119259357452393,0.9649193286895752,0.10020475834608078,0.966154932975769,46.3089908999973,201.70246619998943
9,NSL-KDD,4,0.10020987689495087,0.9652110934257507,0.1037011444568634,0.9639554619789124,46.3089908999973,201.70246619998943
10,NSL-KDD,4,0.09946312010288239,0.9672872424125671,0.10309486091136932,0.9651674032211304,46.3089908999973,201.70246619998943
11,NSL-KDD,4,0.10121707618236542,0.9647397994995117,0.10059335827827454,0.9644043445587158,46.3089908999973,201.70246619998943
12,NSL-KDD,4,0.1001826822757721,0.9652447700500488,0.09334129840135574,0.9695215225219727,46.3089908999973,201.70246619998943
13,NSL-KDD,4,0.10314896702766418,0.9647061228752136,0.10936489701271057,0.9638656973838806,46.3089908999973,201.70246619998943
14,NSL-KDD,4,0.09464463591575623,0.9676799774169922,0.08401785790920258,0.9727982878684998,46.3089908999973,201.70246619998943
15,NSL-KDD,4,0.1013028472661972,0.965469241142273,0.09745253622531891,0.9643145799636841,46.3089908999973,201.70246619998943
16,NSL-KDD,4,0.1088678389787674,0.9632359743118286,0.10391826182603836,0.9619355201721191,46.3089908999973,201.70246619998943
17,NSL-KDD,4,0.0995655357837677,0.9654916524887085,0.0973535105586052,0.9653021097183228,46.3089908999973,201.70246619998943
18,NSL-KDD,4,0.1055050864815712,0.9641562104225159,0.10757573693990707,0.9648981094360352,46.3089908999973,201.70246619998943
19,NSL-KDD,4,0.09810134023427963,0.9660976529121399,0.09632012993097305,0.9661998152732849,46.3089908999973,201.70246619998943
20,NSL-KDD,4,0.09755874425172806,0.9663894176483154,0.10405256599187851,0.9644941091537476,46.3089908999973,201.70246619998943
21,NSL-KDD,4,0.1009683907032013,0.9657722115516663,0.09412428736686707,0.9706436991691589,46.3089908999973,201.70246619998943
22,NSL-KDD,4,0.10394708067178726,0.9644255638122559,0.09593275189399719,0.9689379334449768,46.3089908999973,201.70246619998943
23,NSL-KDD,4,0.1028204932808876,0.9648070931434631,0.10549893230199814,0.9641798734664917,46.3089908999973,201.70246619998943
24,NSL-KDD,4,0.10100662708282471,0.9652896523475647,0.095804363489151,0.9670975804328918,46.3089908999973,201.70246619998943
25,NSL-KDD,4,0.09769854694604874,0.9669056534767151,0.09312526136636734,0.9696112871170044,46.3089908999973,201.70246619998943
26,NSL-KDD,4,0.10755813866853714,0.9639093279838562,0.10025344789028168,0.9660202860832214,46.3089908999973,201.70246619998943
27,NSL-KDD,4,0.09358863532543182,0.9689256548881531,0.09495768696069717,0.9679055213928223,46.3089908999973,201.70246619998943
28,NSL-KDD,4,0.10830477625131607,0.962169885635376,0.10674089193344116,0.9647185206413269,46.3089908999973,201.70246619998943
29,NSL-KDD,4,0.09700553119182587,0.9660302996635437,0.0954165980219841,0.9652122855186462,46.3089908999973,201.70246619998943
30,NSL-KDD,4,0.0989794060587883,0.9661762118339539,0.089173324406147,0.9704641103744507,46.3089908999973,201.70246619998943
31,NSL-KDD,4,0.10354200005531311,0.9647397994995117,0.10354284942150116,0.9656162858009338,46.3089908999973,201.70246619998943
32,NSL-KDD,4,0.10081036388874054,0.9657722115516663,0.0958801731467247,0.968264639377594,46.3089908999973,201.70246619998943
33,NSL-KDD,4,0.1026286855340004,0.9663670063018799,0.11273051053285599,0.9585241079330444,46.3089908999973,201.70246619998943
34,NSL-KDD,4,0.11014428734779358,0.9615638852119446,0.10284879058599472,0.9658856391906738,46.3089908999973,201.70246619998943
35,NSL-KDD,4,0.10172755271196365,0.9653345346450806,0.09232930839061737,0.9696561694145203,46.3089908999973,201.70246619998943
36,NSL-KDD,4,0.09961462020874023,0.9656824469566345,0.10088212043046951,0.9676811099052429,46.3089908999973,201.70246619998943
37,NSL-KDD,4,0.09702931344509125,0.9673770070075989,0.09135909378528595,0.9702845811843872,46.3089908999973,201.70246619998943
38,NSL-KDD,4,0.10000458359718323,0.9664904475212097,0.0946379154920578,0.9672771096229553,46.3089908999973,201.70246619998943
39,NSL-KDD,4,0.09393513202667236,0.9676463007926941,0.0904814824461937,0.9693868160247803,46.3089908999973,201.70246619998943
40,NSL-KDD,4,0.104740671813488,0.96384197473526,0.09794411808252335,0.9687135219573975,46.3089908999973,201.70246619998943
41,NSL-KDD,4,0.09737364947795868,0.966131329536438,0.08841154724359512,0.9710925221443176,46.3089908999973,201.70246619998943
42,NSL-KDD,4,0.09695562720298767,0.967141330242157,0.08884148299694061,0.9705988168716431,46.3089908999973,201.70246619998943
43,NSL-KDD,4,0.1081247478723526,0.9625850915908813,0.10220929980278015,0.9641798734664917,46.3089908999973,201.70246619998943
44,NSL-KDD,4,0.10233932733535767,0.9643357992172241,0.10300042480230331,0.9613519906997681,46.3089908999973,201.70246619998943
45,NSL-KDD,4,0.09933987259864807,0.9662884473800659,0.09132442623376846,0.9690277576446533,46.3089908999973,201.70246619998943
46,NSL-KDD,4,0.1103975772857666,0.961238443851471,0.11375940591096878,0.9620252847671509,46.3089908999973,201.70246619998943
47,NSL-KDD,4,0.09974877536296844,0.9668383002281189,0.09424212574958801,0.966783344745636,46.3089908999973,201.70246619998943
48,NSL-KDD,4,0.10495191067457199,0.9639542102813721,0.09872016310691833,0.9631025791168213,46.3089908999973,201.70246619998943
49,NSL-KDD,4,0.09950077533721924,0.96624356508255,0.09020314365625381,0.9682197570800781,46.3089908999973,201.70246619998943
50,NSL-KDD,4,0.10586991906166077,0.9633818864822388,0.09910624474287033,0.9692521691322327,46.3089908999973,201.70246619998943
51,NSL-KDD,4,0.10194443166255951,0.9645602107048035,0.09335914999246597,0.9678606390953064,46.3089908999973,201.70246619998943
52,NSL-KDD,4,0.10251700133085251,0.9652447700500488,0.09484990686178207,0.9705988168716431,46.3089908999973,201.70246619998943
53,NSL-KDD,4,0.10184416174888611,0.9656038880348206,0.0976114422082901,0.970374345779419,46.3089908999973,201.70246619998943
54,NSL-KDD,4,0.09662917256355286,0.9670290946960449,0.11016692966222763,0.9645838737487793,46.3089908999973,201.70246619998943
55,NSL-KDD,4,0.10190176963806152,0.9647510051727295,0.09564468264579773,0.9638208150863647,46.3089908999973,201.70246619998943
56,NSL-KDD,4,0.09919877350330353,0.9660302996635437,0.10049629211425781,0.9677259922027588,46.3089908999973,201.70246619998943
57,NSL-KDD,4,0.10210742801427841,0.9651325345039368,0.1028805822134018,0.9666038155555725,46.3089908999973,201.70246619998943
58,NSL-KDD,4,0.09858721494674683,0.9665016531944275,0.09036237001419067,0.9705538749694824,46.3089908999973,201.70246619998943
59,NSL-KDD,4,0.09874548017978668,0.9662772417068481,0.0906592532992363,0.9688930511474609,46.3089908999973,201.70246619998943
60,NSL-KDD,4,0.1060851588845253,0.9638644456863403,0.09785817563533783,0.9672771096229553,46.3089908999973,201.70246619998943
61,NSL-KDD,4,0.10687129944562912,0.9634043574333191,0.10359063744544983,0.9621151089668274,46.3089908999973,201.70246619998943
62,NSL-KDD,4,0.10198815912008286,0.9645938873291016,0.09157583862543106,0.9689379334449768,46.3089908999973,201.70246619998943
63,NSL-KDD,4,0.10202092677354813,0.9646163582801819,0.09650057554244995,0.9686686396598816,46.3089908999973,201.70246619998943
64,NSL-KDD,4,0.09820111840963364,0.9667822122573853,0.09528816491365433,0.9684891104698181,46.3089908999973,201.70246619998943
1,UNSW-NB15,4,0.49571511149406433,0.7816320657730103,0.48650938272476196,0.7896935939788818,54.93646350002382,231.56262979999883
2,UNSW-NB15,4,0.5078586935997009,0.7801105380058289,0.5117000341415405,0.7791061997413635,54.93646350002382,231.56262979999883
3,UNSW-NB15,4,0.4936012327671051,0.7841889262199402,0.4843156635761261,0.7852281332015991,54.93646350002382,231.56262979999883
4,UNSW-NB15,4,0.4957253634929657,0.7831265926361084,0.4970981478691101,0.7854081988334656,54.93646350002382,231.56262979999883
5,UNSW-NB15,4,0.5034071803092957,0.7806777358055115,0.4917835593223572,0.7727681994438171,54.93646350002382,231.56262979999883
6,UNSW-NB15,4,0.5043013691902161,0.7809028029441833,0.4977480471134186,0.7867045998573303,54.93646350002382,231.56262979999883
7,UNSW-NB15,4,0.49245569109916687,0.7844499945640564,0.47612565755844116,0.7896935939788818,54.93646350002382,231.56262979999883
8,UNSW-NB15,4,0.4999006688594818,0.7839638590812683,0.4906512200832367,0.7886492609977722,54.93646350002382,231.56262979999883
9,UNSW-NB15,4,0.5043091773986816,0.7811459302902222,0.503150224685669,0.7744607329368591,54.93646350002382,231.56262979999883
10,UNSW-NB15,4,0.48065781593322754,0.78758305311203,0.4639911651611328,0.7926465272903442,54.93646350002382,231.56262979999883
11,UNSW-NB15,4,0.49957048892974854,0.782208263874054,0.48831772804260254,0.7881450653076172,54.93646350002382,231.56262979999883
12,UNSW-NB15,4,0.48617100715637207,0.7872229218482971,0.48890426754951477,0.7844719290733337,54.93646350002382,231.56262979999883
13,UNSW-NB15,4,0.49614331126213074,0.7839908599853516,0.48505905270576477,0.7881810665130615,54.93646350002382,231.56262979999883
14,UNSW-NB15,4,0.48242396116256714,0.7873849868774414,0.4707871973514557,0.7901617288589478,54.93646350002382,231.56262979999883
15,UNSW-NB15,4,0.4905685782432556,0.7851072549819946,0.47657084465026855,0.7889373302459717,54.93646350002382,231.56262979999883
16,UNSW-NB15,4,0.5076543688774109,0.7793543338775635,0.49287912249565125,0.7775577306747437,54.93646350002382,231.56262979999883
17,UNSW-NB15,4,0.5067801475524902,0.7805517315864563,0.5004090070724487,0.7883971333503723,54.93646350002382,231.56262979999883
18,UNSW-NB15,4,0.48233500123023987,0.7872229218482971,0.4679006338119507,0.7961035966873169,54.93646350002382,231.56262979999883
19,UNSW-NB15,4,0.5024294257164001,0.7814069986343384,0.48260441422462463,0.790557861328125,54.93646350002382,231.56262979999883
20,UNSW-NB15,4,0.49656060338020325,0.783693790435791,0.4832031726837158,0.7896575331687927,54.93646350002382,231.56262979999883
21,UNSW-NB15,4,0.4830707013607025,0.787475049495697,0.47487035393714905,0.7807987332344055,54.93646350002382,231.56262979999883
22,UNSW-NB15,4,0.5048606991767883,0.7800655364990234,0.4850802421569824,0.7894054651260376,54.93646350002382,231.56262979999883
23,UNSW-NB15,4,0.4909120202064514,0.7840899229049683,0.49343132972717285,0.7851921319961548,54.93646350002382,231.56262979999883
24,UNSW-NB15,4,0.4831623435020447,0.7856563925743103,0.4696106016635895,0.792250394821167,54.93646350002382,231.56262979999883
25,UNSW-NB15,4,0.48714229464530945,0.7867907881736755,0.47465747594833374,0.7917822599411011,54.93646350002382,231.56262979999883
26,UNSW-NB15,4,0.5012142062187195,0.7824423313140869,0.47958171367645264,0.7895495295524597,54.93646350002382,231.56262979999883
27,UNSW-NB15,4,0.5003663301467896,0.7817941308021545,0.4821670353412628,0.7894054651260376,54.93646350002382,231.56262979999883
28,UNSW-NB15,4,0.49935686588287354,0.7824693322181702,0.48441898822784424,0.7896215319633484,54.93646350002382,231.56262979999883
29,UNSW-NB15,4,0.5006310343742371,0.7826223969459534,0.4902174472808838,0.7874608635902405,54.93646350002382,231.56262979999883
30,UNSW-NB15,4,0.5058307647705078,0.7801735997200012,0.490008682012558,0.7890813946723938,54.93646350002382,231.56262979999883
31,UNSW-NB15,4,0.4912658631801605,0.7847291231155396,0.476709246635437,0.788253128528595,54.93646350002382,231.56262979999883
32,UNSW-NB15,4,0.48837152123451233,0.7846931219100952,0.48158398270606995,0.7862364649772644,54.93646350002382,231.56262979999883
33,UNSW-NB15,4,0.4934994578361511,0.7833876609802246,0.4883866012096405,0.7776297330856323,54.93646350002382,231.56262979999883
34,UNSW-NB15,4,0.48876479268074036,0.786493718624115,0.4781174659729004,0.7838597297668457,54.93646350002382,231.56262979999883
35,UNSW-NB15,4,0.5005831718444824,0.7807047367095947,0.4863114058971405,0.7904857993125916,54.93646350002382,231.56262979999883
36,UNSW-NB15,4,0.4992106258869171,0.782217264175415,0.4825994074344635,0.789945662021637,54.93646350002382,231.56262979999883
37,UNSW-NB15,4,0.4872182607650757,0.7861425876617432,0.4724900424480438,0.7934027314186096,54.93646350002382,231.56262979999883
38,UNSW-NB15,4,0.49472370743751526,0.7836847305297852,0.48517045378685,0.7789981961250305,54.93646350002382,231.56262979999883
39,UNSW-NB15,4,0.4876817762851715,0.7863046526908875,0.48610949516296387,0.791278064250946,54.93646350002382,231.56262979999883
40,UNSW-NB15,4,0.5042762160301208,0.7802906036376953,0.504692554473877,0.7819871306419373,54.93646350002382,231.56262979999883
41,UNSW-NB15,4,0.4983921945095062,0.7808218002319336,0.4814888536930084,0.7878929972648621,54.93646350002382,231.56262979999883
42,UNSW-NB15,4,0.5006402134895325,0.7821362614631653,0.48702722787857056,0.7779178619384766,54.93646350002382,231.56262979999883
43,UNSW-NB15,4,0.49042513966560364,0.7853503227233887,0.4808137118816376,0.7880730628967285,54.93646350002382,231.56262979999883
44,UNSW-NB15,4,0.48723289370536804,0.7854763865470886,0.48554912209510803,0.7855162620544434,54.93646350002382,231.56262979999883
45,UNSW-NB15,4,0.5029186606407166,0.7789402008056641,0.4851244390010834,0.7879649996757507,54.93646350002382,231.56262979999883
46,UNSW-NB15,4,0.4841706454753876,0.7856563925743103,0.4788097143173218,0.7836796641349792,54.93646350002382,231.56262979999883
47,UNSW-NB15,4,0.5046704411506653,0.7804886698722839,0.49325478076934814,0.7868846654891968,54.93646350002382,231.56262979999883
48,UNSW-NB15,4,0.5046699047088623,0.7810108661651611,0.4865923225879669,0.784255862236023,54.93646350002382,231.56262979999883
49,UNSW-NB15,4,0.48558205366134644,0.7867547869682312,0.4738832116127014,0.77928626537323,54.93646350002382,231.56262979999883
50,UNSW-NB15,4,0.49960145354270935,0.7808398008346558,0.49388086795806885,0.7728402614593506,54.93646350002382,231.56262979999883
51,UNSW-NB15,4,0.4918573200702667,0.7835947275161743,0.48357057571411133,0.7753610610961914,54.93646350002382,231.56262979999883
52,UNSW-NB15,4,0.48958316445350647,0.786232590675354,0.47336313128471375,0.7956714630126953,54.93646350002382,231.56262979999883
53,UNSW-NB15,4,0.48673567175865173,0.7840628623962402,0.4694210886955261,0.7925744652748108,54.93646350002382,231.56262979999883
54,UNSW-NB15,4,0.5041703581809998,0.7780398726463318,0.4931137263774872,0.7886852622032166,54.93646350002382,231.56262979999883
55,UNSW-NB15,4,0.48894140124320984,0.7837117910385132,0.47954198718070984,0.7851921319961548,54.93646350002382,231.56262979999883
56,UNSW-NB15,4,0.49524742364883423,0.7835317254066467,0.4899275302886963,0.7869927287101746,54.93646350002382,231.56262979999883
57,UNSW-NB15,4,0.4904594421386719,0.785251259803772,0.4724733233451843,0.7878929972648621,54.93646350002382,231.56262979999883
58,UNSW-NB15,4,0.48819878697395325,0.7830455303192139,0.47480109333992004,0.7891173958778381,54.93646350002382,231.56262979999883
59,UNSW-NB15,4,0.48937273025512695,0.7848101258277893,0.470524400472641,0.7878929972648621,54.93646350002382,231.56262979999883
60,UNSW-NB15,4,0.5013487339019775,0.7794263362884521,0.486357182264328,0.7881090641021729,54.93646350002382,231.56262979999883
61,UNSW-NB15,4,0.49125373363494873,0.7839458584785461,0.48029395937919617,0.7876769304275513,54.93646350002382,231.56262979999883
62,UNSW-NB15,4,0.4949696362018585,0.7825053930282593,0.4801396429538727,0.7874248623847961,54.93646350002382,231.56262979999883
63,UNSW-NB15,4,0.49412697553634644,0.783801794052124,0.47598564624786377,0.7904857993125916,54.93646350002382,231.56262979999883
64,UNSW-NB15,4,0.4886775314807892,0.7841889262199402,0.47089406847953796,0.7927545309066772,54.93646350002382,231.56262979999883
1,NSL-KDD,5,0.08912485092878342,0.9699805378913879,0.08966290950775146,0.9706885814666748,46.167402099992614,247.9143739999854
2,NSL-KDD,5,0.10115122050046921,0.9656824469566345,0.10019809007644653,0.9651225209236145,46.167402099992614,247.9143739999854
3,NSL-KDD,5,0.08680664747953415,0.9708895683288574,0.07920007407665253,0.9740551114082336,46.167402099992614,247.9143739999854
4,NSL-KDD,5,0.0987398698925972,0.9656487703323364,0.0921582505106926,0.9701948165893555,46.167402099992614,247.9143739999854
5,NSL-KDD,5,0.10054505616426468,0.9663445353507996,0.09225280582904816,0.9710476398468018,46.167402099992614,247.9143739999854
6,NSL-KDD,5,0.09126238524913788,0.9694418907165527,0.09019773453474045,0.9728431701660156,46.167402099992614,247.9143739999854
7,NSL-KDD,5,0.09020091593265533,0.9689930081367493,0.08420196175575256,0.9717209935188293,46.167402099992614,247.9143739999854
8,NSL-KDD,5,0.09037008881568909,0.9689930081367493,0.0848594605922699,0.9701948165893555,46.167402099992614,247.9143739999854
9,NSL-KDD,5,0.09005303680896759,0.9689817428588867,0.09315580129623413,0.9678157567977905,46.167402099992614,247.9143739999854
10,NSL-KDD,5,0.0903048887848854,0.9705528616905212,0.08406626433134079,0.9729778170585632,46.167402099992614,247.9143739999854
11,NSL-KDD,5,0.09139014780521393,0.9689817428588867,0.0869656428694725,0.9705538749694824,46.167402099992614,247.9143739999854
12,NSL-KDD,5,0.08982497453689575,0.9690939784049988,0.08571386337280273,0.9713169932365417,46.167402099992614,247.9143739999854
13,NSL-KDD,5,0.09121797233819962,0.9695428609848022,0.08503003418445587,0.9734266996383667,46.167402099992614,247.9143739999854
14,NSL-KDD,5,0.0840054303407669,0.9717199802398682,0.07913238555192947,0.9743244647979736,46.167402099992614,247.9143739999854
15,NSL-KDD,5,0.0897630900144577,0.9702386856079102,0.08395715057849884,0.9730226993560791,46.167402099992614,247.9143739999854
16,NSL-KDD,5,0.09802643954753876,0.9670964479446411,0.09207271039485931,0.9704192280769348,46.167402099992614,247.9143739999854
17,NSL-KDD,5,0.09120424091815948,0.9693745374679565,0.09425224363803864,0.969476580619812,46.167402099992614,247.9143739999854
18,NSL-KDD,5,0.094334177672863,0.9681288599967957,0.08750701695680618,0.9727982878684998,46.167402099992614,247.9143739999854
19,NSL-KDD,5,0.08648094534873962,0.970833420753479,0.09015817195177078,0.9674566984176636,46.167402099992614,247.9143739999854
20,NSL-KDD,5,0.08853452652692795,0.969430685043335,0.08637188374996185,0.9710476398468018,46.167402099992614,247.9143739999854
21,NSL-KDD,5,0.09192226827144623,0.9688583016395569,0.08760028332471848,0.9701499342918396,46.167402099992614,247.9143739999854
22,NSL-KDD,5,0.09411992132663727,0.9677922129631042,0.09061034023761749,0.9671424627304077,46.167402099992614,247.9143739999854
23,NSL-KDD,5,0.09257673472166061,0.9683533310890198,0.08710998296737671,0.9719902873039246,46.167402099992614,247.9143739999854
24,NSL-KDD,5,0.09018415957689285,0.9699581265449524,0.0899718850851059,0.9659754037857056,46.167402099992614,247.9143739999854
25,NSL-KDD,5,0.08851867914199829,0.9695653319358826,0.0826340839266777,0.9735164642333984,46.167402099992614,247.9143739999854
26,NSL-KDD,5,0.09847229719161987,0.9672086834907532,0.0930330827832222,0.9687584042549133,46.167402099992614,247.9143739999854
27,NSL-KDD,5,0.08645188063383102,0.971024215221405,0.08650188148021698,0.9723942875862122,46.167402099992614,247.9143739999854
28,NSL-KDD,5,0.09921285510063171,0.9656487703323364,0.09552356600761414,0.9681299924850464,46.167402099992614,247.9143739999854
29,NSL-KDD,5,0.08670572936534882,0.9703508615493774,0.08590473234653473,0.9732920527458191,46.167402099992614,247.9143739999854
30,NSL-KDD,5,0.0887456089258194,0.970171332359314,0.0861978679895401,0.9693419337272644,46.167402099992614,247.9143739999854
31,NSL-KDD,5,0.09486929327249527,0.9675790071487427,0.09620435535907745,0.9683544039726257,46.167402099992614,247.9143739999854
32,NSL-KDD,5,0.09201741218566895,0.9692286849021912,0.08548188954591751,0.971586287021637,46.167402099992614,247.9143739999854
33,NSL-KDD,5,0.09376318752765656,0.9687910079956055,0.08637286722660065,0.9723494052886963,46.167402099992614,247.9143739999854
34,NSL-KDD,5,0.10019854456186295,0.9658395648002625,0.09638820588588715,0.9659305214881897,46.167402099992614,247.9143739999854
35,NSL-KDD,5,0.09238329529762268,0.9683308601379395,0.08901774138212204,0.969476580619812,46.167402099992614,247.9143739999854
36,NSL-KDD,5,0.09047164022922516,0.9694755673408508,0.08889611810445786,0.9687135219573975,46.167402099992614,247.9143739999854
37,NSL-KDD,5,0.08624803274869919,0.9707099795341492,0.08407734334468842,0.9729329347610474,46.167402099992614,247.9143739999854
38,NSL-KDD,5,0.09010523557662964,0.9699581265449524,0.09834817051887512,0.9677259922027588,46.167402099992614,247.9143739999854
39,NSL-KDD,5,0.08468276262283325,0.9711476564407349,0.08057501167058945,0.9735613465309143,46.167402099992614,247.9143739999854
40,NSL-KDD,5,0.09509405493736267,0.9682523012161255,0.08950898051261902,0.9701050519943237,46.167402099992614,247.9143739999854
41,NSL-KDD,5,0.08754850178956985,0.9698346853256226,0.08311019092798233,0.9723942875862122,46.167402099992614,247.9143739999854
42,NSL-KDD,5,0.08646132797002792,0.971102774143219,0.08353421092033386,0.9695664048194885,46.167402099992614,247.9143739999854
43,NSL-KDD,5,0.09702534973621368,0.9669281244277954,0.09229816496372223,0.9701050519943237,46.167402099992614,247.9143739999854
44,NSL-KDD,5,0.0906369760632515,0.9694755673408508,0.08443650603294373,0.973651111125946,46.167402099992614,247.9143739999854
45,NSL-KDD,5,0.0907197818160057,0.9693633317947388,0.08354295790195465,0.973336935043335,46.167402099992614,247.9143739999854
46,NSL-KDD,5,0.10030843317508698,0.9656599760055542,0.09471669048070908,0.9643594622612,46.167402099992614,247.9143739999854
47,NSL-KDD,5,0.0872819796204567,0.9713047742843628,0.08288433402776718,0.9719005227088928,46.167402099992614,247.9143739999854
48,NSL-KDD,5,0.0947316437959671,0.9683533310890198,0.09237954020500183,0.9698356986045837,46.167402099992614,247.9143739999854
49,NSL-KDD,5,0.08837124705314636,0.970440685749054,0.09004833549261093,0.9704641103744507,46.167402099992614,247.9143739999854
50,NSL-KDD,5,0.09223031997680664,0.9686114192008972,0.09306852519512177,0.9689828753471375,46.167402099992614,247.9143739999854
51,NSL-KDD,5,0.0902358740568161,0.9691725373268127,0.08636663854122162,0.9705089926719666,46.167402099992614,247.9143739999854
52,NSL-KDD,5,0.09276679158210754,0.968970537185669,0.09032853692770004,0.966154932975769,46.167402099992614,247.9143739999854
53,NSL-KDD,5,0.09383636713027954,0.9685441255569458,0.08624384552240372,0.9740102291107178,46.167402099992614,247.9143739999854
54,NSL-KDD,5,0.08734232187271118,0.9707436561584473,0.08343787491321564,0.9720351696014404,46.167402099992614,247.9143739999854
55,NSL-KDD,5,0.09305959194898605,0.9681176543235779,0.08752866834402084,0.969476580619812,46.167402099992614,247.9143739999854
56,NSL-KDD,5,0.08816654980182648,0.9702498912811279,0.08084317296743393,0.9734715819358826,46.167402099992614,247.9143739999854
57,NSL-KDD,5,0.09288845956325531,0.9677473306655884,0.09534106403589249,0.9670975804328918,46.167402099992614,247.9143739999854
58,NSL-KDD,5,0.09030066430568695,0.9691388607025146,0.08563055098056793,0.9722147583961487,46.167402099992614,247.9143739999854
59,NSL-KDD,5,0.08739516884088516,0.9704743027687073,0.08275096118450165,0.971855640411377,46.167402099992614,247.9143739999854
60,NSL-KDD,5,0.09645479917526245,0.9677361249923706,0.09159017354249954,0.9682197570800781,46.167402099992614,247.9143739999854
61,NSL-KDD,5,0.09703008085489273,0.9668158888816833,0.12162791192531586,0.9653021097183228,46.167402099992614,247.9143739999854
62,NSL-KDD,5,0.09132904559373856,0.9688583016395569,0.09209222346544266,0.965840756893158,46.167402099992614,247.9143739999854
63,NSL-KDD,5,0.09226328134536743,0.968263566493988,0.10686302185058594,0.9657509326934814,46.167402099992614,247.9143739999854
64,NSL-KDD,5,0.09043390303850174,0.9694643020629883,0.09344741702079773,0.9688481688499451,46.167402099992614,247.9143739999854
1,UNSW-NB15,5,0.4795345962047577,0.7868087887763977,0.47122156620025635,0.7818791270256042,56.07769820000976,287.69744739995804
2,UNSW-NB15,5,0.487724244594574,0.7867187857627869,0.47281497716903687,0.791170060634613,56.07769820000976,287.69744739995804
3,UNSW-NB15,5,0.48021364212036133,0.7884383201599121,0.4659632444381714,0.7956714630126953,56.07769820000976,287.69744739995804
4,UNSW-NB15,5,0.47697922587394714,0.7885103821754456,0.4753461480140686,0.7811228632926941,56.07769820000976,287.69744739995804
5,UNSW-NB15,5,0.48703452944755554,0.785251259803772,0.4789842367172241,0.7889373302459717,56.07769820000976,287.69744739995804
6,UNSW-NB15,5,0.4873592257499695,0.7861605882644653,0.48261758685112,0.7859123945236206,56.07769820000976,287.69744739995804
7,UNSW-NB15,5,0.4764153063297272,0.7895187139511108,0.4676412343978882,0.7949872612953186,56.07769820000976,287.69744739995804
8,UNSW-NB15,5,0.48320361971855164,0.7869168519973755,0.4702345132827759,0.7936187982559204,56.07769820000976,287.69744739995804
9,UNSW-NB15,5,0.4875434637069702,0.7858094573020935,0.4742261469364166,0.7923583984375,56.07769820000976,287.69744739995804
10,UNSW-NB15,5,0.46866896748542786,0.7912653088569641,0.4635619819164276,0.7923223972320557,56.07769820000976,287.69744739995804
11,UNSW-NB15,5,0.48283323645591736,0.7869348526000977,0.4751209318637848,0.7852641940116882,56.07769820000976,287.69744739995804
12,UNSW-NB15,5,0.47201111912727356,0.7901219129562378,0.4634642004966736,0.7977961301803589,56.07769820000976,287.69744739995804
13,UNSW-NB15,5,0.48060736060142517,0.7891495823860168,0.4733060598373413,0.7919262647628784,56.07769820000976,287.69744739995804
14,UNSW-NB15,5,0.470374196767807,0.7902299165725708,0.46733248233795166,0.7912420630455017,56.07769820000976,287.69744739995804
15,UNSW-NB15,5,0.4762207865715027,0.7876821160316467,0.4622866213321686,0.7955633997917175,56.07769820000976,287.69744739995804
16,UNSW-NB15,5,0.4903685748577118,0.7858725190162659,0.4896329939365387,0.7766574621200562,56.07769820000976,287.69744739995804
17,UNSW-NB15,5,0.4893288016319275,0.7866557240486145,0.48391392827033997,0.7926825284957886,56.07769820000976,287.69744739995804
18,UNSW-NB15,5,0.4684899151325226,0.7918235063552856,0.45926156640052795,0.7867406606674194,56.07769820000976,287.69744739995804
19,UNSW-NB15,5,0.48507800698280334,0.7871869206428528,0.4701550602912903,0.7964997291564941,56.07769820000976,287.69744739995804
20,UNSW-NB15,5,0.47986647486686707,0.7876190543174744,0.46769776940345764,0.7939789295196533,56.07769820000976,287.69744739995804
21,UNSW-NB15,5,0.4715469181537628,0.790274977684021,0.46656474471092224,0.7792142629623413,56.07769820000976,287.69744739995804
22,UNSW-NB15,5,0.4864691495895386,0.7850892543792725,0.47299790382385254,0.7806547284126282,56.07769820000976,287.69744739995804
23,UNSW-NB15,5,0.4747908115386963,0.7875560522079468,0.4687575101852417,0.7931146621704102,56.07769820000976,287.69744739995804
24,UNSW-NB15,5,0.47028833627700806,0.7887714505195618,0.46421441435813904,0.7927545309066772,56.07769820000976,287.69744739995804
25,UNSW-NB15,5,0.4741078019142151,0.7895007133483887,0.4665908217430115,0.794050931930542,56.07769820000976,287.69744739995804
26,UNSW-NB15,5,0.4815448224544525,0.7882943153381348,0.466804563999176,0.7973639965057373,56.07769820000976,287.69744739995804
27,UNSW-NB15,5,0.48388320207595825,0.786844789981842,0.4819955825805664,0.7899096608161926,56.07769820000976,287.69744739995804
28,UNSW-NB15,5,0.48186489939689636,0.7867547869682312,0.4683164358139038,0.7899096608161926,56.07769820000976,287.69744739995804
29,UNSW-NB15,5,0.4849521517753601,0.7877451181411743,0.4696178436279297,0.7927545309066772,56.07769820000976,287.69744739995804
30,UNSW-NB15,5,0.490251749753952,0.7853413224220276,0.4872308075428009,0.7782419323921204,56.07769820000976,287.69744739995804
31,UNSW-NB15,5,0.47581160068511963,0.7908241152763367,0.4749625325202942,0.779790461063385,56.07769820000976,287.69744739995804
32,UNSW-NB15,5,0.47618764638900757,0.7892035841941833,0.46960827708244324,0.7945190668106079,56.07769820000976,287.69744739995804
33,UNSW-NB15,5,0.4768114984035492,0.7895187139511108,0.46161845326423645,0.7950592637062073,56.07769820000976,287.69744739995804
34,UNSW-NB15,5,0.47438886761665344,0.7905360460281372,0.4731124937534332,0.7930065989494324,56.07769820000976,287.69744739995804
35,UNSW-NB15,5,0.4828677177429199,0.7874209880828857,0.4902247190475464,0.789945662021637,56.07769820000976,287.69744739995804
36,UNSW-NB15,5,0.47753021121025085,0.7894827127456665,0.4635869860649109,0.7955633997917175,56.07769820000976,287.69744739995804
37,UNSW-NB15,5,0.4727019667625427,0.7899238467216492,0.46275606751441956,0.7953113317489624,56.07769820000976,287.69744739995804
38,UNSW-NB15,5,0.4809795022010803,0.788456380367279,0.48019102215766907,0.7755411267280579,56.07769820000976,287.69744739995804
39,UNSW-NB15,5,0.473884254693985,0.7907611131668091,0.4652571976184845,0.7964997291564941,56.07769820000976,287.69744739995804
40,UNSW-NB15,5,0.48620331287384033,0.7863766551017761,0.4762830436229706,0.7892614603042603,56.07769820000976,287.69744739995804
41,UNSW-NB15,5,0.4843590259552002,0.7843149900436401,0.4821515381336212,0.7841477990150452,56.07769820000976,287.69744739995804
42,UNSW-NB15,5,0.48238030076026917,0.7868808507919312,0.4746447801589966,0.7930786609649658,56.07769820000976,287.69744739995804
43,UNSW-NB15,5,0.47783365845680237,0.7890865802764893,0.46939733624458313,0.7924304604530334,56.07769820000976,287.69744739995804
44,UNSW-NB15,5,0.4763309359550476,0.7889425158500671,0.46369072794914246,0.7941949963569641,56.07769820000976,287.69744739995804
45,UNSW-NB15,5,0.4880673587322235,0.7839368581771851,0.4761309325695038,0.7902337312698364,56.07769820000976,287.69744739995804
46,UNSW-NB15,5,0.4741309881210327,0.7878801822662354,0.4740200340747833,0.7769455313682556,56.07769820000976,287.69744739995804
47,UNSW-NB15,5,0.4884335696697235,0.7855843901634216,0.4820539951324463,0.7752529978752136,56.07769820000976,287.69744739995804
48,UNSW-NB15,5,0.48676836490631104,0.7859265208244324,0.47831448912620544,0.7780618667602539,56.07769820000976,287.69744739995804
49,UNSW-NB15,5,0.4729591906070709,0.7889515161514282,0.4679161012172699,0.7932587265968323,56.07769820000976,287.69744739995804
50,UNSW-NB15,5,0.4853273630142212,0.784296989440918,0.4744507968425751,0.789585530757904,56.07769820000976,287.69744739995804
51,UNSW-NB15,5,0.47944211959838867,0.7870789170265198,0.4735284745693207,0.7905938625335693,56.07769820000976,287.69744739995804
52,UNSW-NB15,5,0.4748474359512329,0.7914003133773804,0.4642915725708008,0.7981562614440918,56.07769820000976,287.69744739995804
53,UNSW-NB15,5,0.4724038243293762,0.7910402417182922,0.4635676145553589,0.7950592637062073,56.07769820000976,287.69744739995804
54,UNSW-NB15,5,0.4875599145889282,0.7851072549819946,0.4818565845489502,0.7831034660339355,56.07769820000976,287.69744739995804
55,UNSW-NB15,5,0.47604814171791077,0.7877991199493408,0.46166864037513733,0.7948071956634521,56.07769820000976,287.69744739995804
56,UNSW-NB15,5,0.4793074429035187,0.7877811193466187,0.47885531187057495,0.7929345965385437,56.07769820000976,287.69744739995804
57,UNSW-NB15,5,0.475097119808197,0.7887174487113953,0.468589723110199,0.795635461807251,56.07769820000976,287.69744739995804
58,UNSW-NB15,5,0.47820013761520386,0.7863136529922485,0.47677382826805115,0.7875328660011292,56.07769820000976,287.69744739995804
59,UNSW-NB15,5,0.47286561131477356,0.7901579141616821,0.46517327427864075,0.7946271300315857,56.07769820000976,287.69744739995804
60,UNSW-NB15,5,0.48497307300567627,0.7837837934494019,0.47423362731933594,0.7899096608161926,56.07769820000976,287.69744739995804
61,UNSW-NB15,5,0.47887513041496277,0.7867637872695923,0.46630457043647766,0.7889373302459717,56.07769820000976,287.69744739995804
62,UNSW-NB15,5,0.47728854417800903,0.7888705134391785,0.47912585735321045,0.773596465587616,56.07769820000976,287.69744739995804
63,UNSW-NB15,5,0.4770036041736603,0.7895007133483887,0.46365201473236084,0.7950592637062073,56.07769820000976,287.69744739995804
64,UNSW-NB15,5,0.4743644595146179,0.7902659773826599,0.46461766958236694,0.795635461807251,56.07769820000976,287.69744739995804
1,NSL-KDD,6,0.08178591728210449,0.9722137451171875,0.07594987750053406,0.975401759147644,46.05501910002204,294.0305323000066
2,NSL-KDD,6,0.09115057438611984,0.9695092439651489,0.09811220318078995,0.9675913453102112,46.05501910002204,294.0305323000066
3,NSL-KDD,6,0.07844297587871552,0.9734930992126465,0.08140796422958374,0.9722596406936646,46.05501910002204,294.0305323000066
4,NSL-KDD,6,0.08958295732736588,0.9692623019218445,0.08127646893262863,0.9737858176231384,46.05501910002204,294.0305323000066
5,NSL-KDD,6,0.09059511870145798,0.9693408608436584,0.0845688134431839,0.9740102291107178,46.05501910002204,294.0305323000066
6,NSL-KDD,6,0.0846191793680191,0.9715853333473206,0.08193498849868774,0.9723045229911804,46.05501910002204,294.0305323000066
7,NSL-KDD,6,0.08299793303012848,0.9717536568641663,0.07619547098875046,0.9758955240249634,46.05501910002204,294.0305323000066
8,NSL-KDD,6,0.08324465900659561,0.9714730978012085,0.07810015231370926,0.9743693470954895,46.05501910002204,294.0305323000066
9,NSL-KDD,6,0.08339930325746536,0.9717536568641663,0.08678676187992096,0.973067581653595,46.05501910002204,294.0305323000066
10,NSL-KDD,6,0.08448727428913116,0.9719556570053101,0.08197455108165741,0.9743244647979736,46.05501910002204,294.0305323000066
11,NSL-KDD,6,0.08592503517866135,0.971372127532959,0.08237814903259277,0.9732022285461426,46.05501910002204,294.0305323000066
12,NSL-KDD,6,0.08316230028867722,0.9725391864776611,0.09382810443639755,0.9712721109390259,46.05501910002204,294.0305323000066
13,NSL-KDD,6,0.08358241617679596,0.9723484516143799,0.0816577821969986,0.9725289344787598,46.05501910002204,294.0305323000066
14,NSL-KDD,6,0.0769888311624527,0.9745704531669617,0.08532659709453583,0.9684441685676575,46.05501910002204,294.0305323000066
15,NSL-KDD,6,0.08155065029859543,0.9725953340530396,0.08519118279218674,0.9689379334449768,46.05501910002204,294.0305323000066
16,NSL-KDD,6,0.08921206742525101,0.9702723026275635,0.09372628480195999,0.9660202860832214,46.05501910002204,294.0305323000066
17,NSL-KDD,6,0.08371588587760925,0.9724045395851135,0.08497780561447144,0.9714516401290894,46.05501910002204,294.0305323000066
18,NSL-KDD,6,0.08777736872434616,0.9707885384559631,0.08064606040716171,0.9752670526504517,46.05501910002204,294.0305323000066
19,NSL-KDD,6,0.08039052784442902,0.9729207754135132,0.08598999679088593,0.9707783460617065,46.05501910002204,294.0305323000066
20,NSL-KDD,6,0.08071151375770569,0.9724718928337097,0.08702404052019119,0.9670078158378601,46.05501910002204,294.0305323000066
21,NSL-KDD,6,0.08399740606546402,0.9723259806632996,0.08075698465108871,0.9735164642333984,46.05501910002204,294.0305323000066
22,NSL-KDD,6,0.08833340555429459,0.9705191850662231,0.08457031846046448,0.9717658758163452,46.05501910002204,294.0305323000066
23,NSL-KDD,6,0.08720371872186661,0.9702050089836121,0.08834803104400635,0.9711374640464783,46.05501910002204,294.0305323000066
24,NSL-KDD,6,0.08142904192209244,0.9727187752723694,0.07380305230617523,0.9766137003898621,46.05501910002204,294.0305323000066
25,NSL-KDD,6,0.08146023005247116,0.9729768633842468,0.0971837043762207,0.9644492268562317,46.05501910002204,294.0305323000066
26,NSL-KDD,6,0.09182366728782654,0.9702498912811279,0.09496346116065979,0.9696561694145203,46.05501910002204,294.0305323000066
27,NSL-KDD,6,0.0806531086564064,0.9725279808044434,0.075688436627388,0.9756710529327393,46.05501910002204,294.0305323000066
28,NSL-KDD,6,0.09161730855703354,0.9686899781227112,0.092201367020607,0.9648532271385193,46.05501910002204,294.0305323000066
29,NSL-KDD,6,0.08062334358692169,0.9725504517555237,0.0903395488858223,0.9677259922027588,46.05501910002204,294.0305323000066
30,NSL-KDD,6,0.08108236640691757,0.9727524518966675,0.07722795754671097,0.9746386408805847,46.05501910002204,294.0305323000066
31,NSL-KDD,6,0.08619574457406998,0.970440685749054,0.08392688632011414,0.9732022285461426,46.05501910002204,294.0305323000066
32,NSL-KDD,6,0.0840933695435524,0.9715965390205383,0.08054747432470322,0.9740551114082336,46.05501910002204,294.0305323000066
33,NSL-KDD,6,0.08558324724435806,0.972191333770752,0.08274897187948227,0.9725289344787598,46.05501910002204,294.0305323000066
34,NSL-KDD,6,0.0934138149023056,0.9676575660705566,0.08830828964710236,0.9719454050064087,46.05501910002204,294.0305323000066
35,NSL-KDD,6,0.08582769334316254,0.9716526865959167,0.09134741127490997,0.9665589332580566,46.05501910002204,294.0305323000066
36,NSL-KDD,6,0.08087056875228882,0.9734706282615662,0.0887073278427124,0.972439169883728,46.05501910002204,294.0305323000066
37,NSL-KDD,6,0.081529401242733,0.9727187752723694,0.07778211683034897,0.9743244647979736,46.05501910002204,294.0305323000066
38,NSL-KDD,6,0.0839916467666626,0.9713833332061768,0.08600258827209473,0.9701948165893555,46.05501910002204,294.0305323000066
39,NSL-KDD,6,0.0778188481926918,0.9737175703048706,0.08085557073354721,0.9732471704483032,46.05501910002204,294.0305323000066
40,NSL-KDD,6,0.08757494390010834,0.9702723026275635,0.08355669677257538,0.973336935043335,46.05501910002204,294.0305323000066
41,NSL-KDD,6,0.0811939612030983,0.9726850986480713,0.08070521801710129,0.9720351696014404,46.05501910002204,294.0305323000066
42,NSL-KDD,6,0.07891986519098282,0.9734594225883484,0.08276240527629852,0.973336935043335,46.05501910002204,294.0305323000066
43,NSL-KDD,6,0.09062460064888,0.9695428609848022,0.10109411180019379,0.9705089926719666,46.05501910002204,294.0305323000066
44,NSL-KDD,6,0.08257373422384262,0.9722586274147034,0.07691162824630737,0.9762545824050903,46.05501910002204,294.0305323000066
45,NSL-KDD,6,0.08163773268461227,0.9729544520378113,0.08430039882659912,0.9712721109390259,46.05501910002204,294.0305323000066
46,NSL-KDD,6,0.09367994219064713,0.9681064486503601,0.08724963665008545,0.9705538749694824,46.05501910002204,294.0305323000066
47,NSL-KDD,6,0.08117200434207916,0.9735379815101624,0.0825541689991951,0.973067581653595,46.05501910002204,294.0305323000066
48,NSL-KDD,6,0.0872860997915268,0.9706538915634155,0.08448407799005508,0.9717658758163452,46.05501910002204,294.0305323000066
49,NSL-KDD,6,0.08402460813522339,0.9717536568641663,0.08076771348714828,0.9719902873039246,46.05501910002204,294.0305323000066
50,NSL-KDD,6,0.08556901663541794,0.9713271856307983,0.08396751433610916,0.9725738167762756,46.05501910002204,294.0305323000066
51,NSL-KDD,6,0.0836588591337204,0.9716077446937561,0.07778510451316833,0.9717658758163452,46.05501910002204,294.0305323000066
52,NSL-KDD,6,0.08365790545940399,0.9727636575698853,0.08042189478874207,0.9734715819358826,46.05501910002204,294.0305323000066
53,NSL-KDD,6,0.08621157705783844,0.9714057445526123,0.08252512663602829,0.9723045229911804,46.05501910002204,294.0305323000066
54,NSL-KDD,6,0.07970523089170456,0.9735379815101624,0.07873117923736572,0.9763443470001221,46.05501910002204,294.0305323000066
55,NSL-KDD,6,0.08487018942832947,0.971293568611145,0.08309608697891235,0.9743693470954895,46.05501910002204,294.0305323000066
56,NSL-KDD,6,0.08061607927083969,0.9728197455406189,0.07746262848377228,0.975401759147644,46.05501910002204,294.0305323000066
57,NSL-KDD,6,0.08602777868509293,0.9708110094070435,0.08352693915367126,0.9717209935188293,46.05501910002204,294.0305323000066
58,NSL-KDD,6,0.08325983583927155,0.9717873334884644,0.08664147555828094,0.9717209935188293,46.05501910002204,294.0305323000066
59,NSL-KDD,6,0.08080466836690903,0.9728197455406189,0.07421588152647018,0.9764790534973145,46.05501910002204,294.0305323000066
60,NSL-KDD,6,0.08773644268512726,0.9703284502029419,0.08321335166692734,0.9742346405982971,46.05501910002204,294.0305323000066
61,NSL-KDD,6,0.08894631266593933,0.9700590968132019,0.09282063692808151,0.9687584042549133,46.05501910002204,294.0305323000066
62,NSL-KDD,6,0.08270644396543503,0.9722810983657837,0.07597433030605316,0.9755812883377075,46.05501910002204,294.0305323000066
63,NSL-KDD,6,0.08481746912002563,0.9712486863136292,0.08577210456132889,0.9723942875862122,46.05501910002204,294.0305323000066
64,NSL-KDD,6,0.08290411531925201,0.9723596572875977,0.07741282880306244,0.9766585826873779,46.05501910002204,294.0305323000066
1,UNSW-NB15,6,0.4711078405380249,0.7898428440093994,0.4634004235267639,0.7904497981071472,51.97789779998129,339.73015039996244
2,UNSW-NB15,6,0.4743672013282776,0.7893926501274109,0.4668557047843933,0.796247661113739,51.97789779998129,339.73015039996244
3,UNSW-NB15,6,0.4719540476799011,0.790040910243988,0.4623902440071106,0.7964637279510498,51.97789779998129,339.73015039996244
4,UNSW-NB15,6,0.4655207097530365,0.7926877737045288,0.45539313554763794,0.7984083294868469,51.97789779998129,339.73015039996244
5,UNSW-NB15,6,0.4750785529613495,0.7904730439186096,0.4730988144874573,0.7850841283798218,51.97789779998129,339.73015039996244
6,UNSW-NB15,6,0.4753597676753998,0.788321316242218,0.47141924500465393,0.7908099293708801,51.97789779998129,339.73015039996244
7,UNSW-NB15,6,0.4660733640193939,0.7919405102729797,0.461407870054245,0.7936187982559204,51.97789779998129,339.73015039996244
8,UNSW-NB15,6,0.4709995687007904,0.7916884422302246,0.4667172431945801,0.789945662021637,51.97789779998129,339.73015039996244
9,UNSW-NB15,6,0.4747953712940216,0.7893566489219666,0.4674789309501648,0.7943029999732971,51.97789779998129,339.73015039996244
10,UNSW-NB15,6,0.459965318441391,0.7948215007781982,0.4496803283691406,0.7989845275878906,51.97789779998129,339.73015039996244
11,UNSW-NB15,6,0.47186923027038574,0.789770781993866,0.4731931984424591,0.7911339998245239,51.97789779998129,339.73015039996244
12,UNSW-NB15,6,0.4625253975391388,0.7938761711120605,0.4686553180217743,0.7895135283470154,51.97789779998129,339.73015039996244
13,UNSW-NB15,6,0.46994635462760925,0.7920035123825073,0.48484379053115845,0.7722640633583069,51.97789779998129,339.73015039996244
14,UNSW-NB15,6,0.46263372898101807,0.7925167083740234,0.45547348260879517,0.7988044619560242,51.97789779998129,339.73015039996244
15,UNSW-NB15,6,0.46551474928855896,0.7926877737045288,0.45872458815574646,0.7943390607833862,51.97789779998129,339.73015039996244
16,UNSW-NB15,6,0.4771353304386139,0.7890685796737671,0.46739688515663147,0.7950952649116516,51.97789779998129,339.73015039996244
17,UNSW-NB15,6,0.4760669767856598,0.7902209162712097,0.4752560257911682,0.7953473329544067,51.97789779998129,339.73015039996244
18,UNSW-NB15,6,0.4591721296310425,0.7949925661087036,0.4525921046733856,0.7978321313858032,51.97789779998129,339.73015039996244
19,UNSW-NB15,6,0.4719833433628082,0.7902029156684875,0.4677536189556122,0.7924304604530334,51.97789779998129,339.73015039996244
20,UNSW-NB15,6,0.46716153621673584,0.7910582423210144,0.46246615052223206,0.7913500666618347,51.97789779998129,339.73015039996244
21,UNSW-NB15,6,0.46374231576919556,0.7938401699066162,0.4630570411682129,0.7942669987678528,51.97789779998129,339.73015039996244
22,UNSW-NB15,6,0.47393786907196045,0.7899328470230103,0.46865713596343994,0.7952033281326294,51.97789779998129,339.73015039996244
23,UNSW-NB15,6,0.46472859382629395,0.7923096418380737,0.46400150656700134,0.7902337312698364,51.97789779998129,339.73015039996244
24,UNSW-NB15,6,0.4623943269252777,0.7923186421394348,0.4599081575870514,0.7922863960266113,51.97789779998129,339.73015039996244
25,UNSW-NB15,6,0.4660780429840088,0.7915443778038025,0.45893678069114685,0.7918182611465454,51.97789779998129,339.73015039996244
26,UNSW-NB15,6,0.47046932578086853,0.7911662459373474,0.46056240797042847,0.7950232625007629,51.97789779998129,339.73015039996244
27,UNSW-NB15,6,0.47272399067878723,0.789905846118927,0.4772491455078125,0.7799344658851624,51.97789779998129,339.73015039996244
28,UNSW-NB15,6,0.46956053376197815,0.7912202477455139,0.46225979924201965,0.7867766618728638,51.97789779998129,339.73015039996244
29,UNSW-NB15,6,0.4734722971916199,0.7906711101531982,0.4651450216770172,0.7930426001548767,51.97789779998129,339.73015039996244
30,UNSW-NB15,6,0.47948652505874634,0.7873939871788025,0.46772003173828125,0.791170060634613,51.97789779998129,339.73015039996244
31,UNSW-NB15,6,0.4671628177165985,0.7917154431343079,0.4728665053844452,0.7939069271087646,51.97789779998129,339.73015039996244
32,UNSW-NB15,6,0.4691837728023529,0.7903469800949097,0.46041759848594666,0.7917101979255676,51.97789779998129,339.73015039996244
33,UNSW-NB15,6,0.4670916199684143,0.7907611131668091,0.45286211371421814,0.7960675954818726,51.97789779998129,339.73015039996244
34,UNSW-NB15,6,0.4654138684272766,0.7933989763259888,0.4515785574913025,0.7980121970176697,51.97789779998129,339.73015039996244
35,UNSW-NB15,6,0.4705263376235962,0.7920845746994019,0.45926427841186523,0.7988404631614685,51.97789779998129,339.73015039996244
36,UNSW-NB15,6,0.4653034806251526,0.7909501791000366,0.4634056091308594,0.7940869331359863,51.97789779998129,339.73015039996244
37,UNSW-NB15,6,0.463687539100647,0.7916614413261414,0.45898663997650146,0.7986963987350464,51.97789779998129,339.73015039996244
38,UNSW-NB15,6,0.468207985162735,0.7910492420196533,0.46496790647506714,0.7813029289245605,51.97789779998129,339.73015039996244
39,UNSW-NB15,6,0.46544960141181946,0.7933809757232666,0.46127834916114807,0.795131266117096,51.97789779998129,339.73015039996244
40,UNSW-NB15,6,0.47345438599586487,0.790626049041748,0.4663197994232178,0.7959595322608948,51.97789779998129,339.73015039996244
41,UNSW-NB15,6,0.47605812549591064,0.7874660491943359,0.46659573912620544,0.795635461807251,51.97789779998129,339.73015039996244
42,UNSW-NB15,6,0.4691746234893799,0.7921205759048462,0.4635653495788574,0.7907379269599915,51.97789779998129,339.73015039996244
43,UNSW-NB15,6,0.4685971438884735,0.792102575302124,0.4620123505592346,0.7963196635246277,51.97789779998129,339.73015039996244
44,UNSW-NB15,6,0.4657784402370453,0.7917694449424744,0.4700838029384613,0.7910259962081909,51.97789779998129,339.73015039996244
45,UNSW-NB15,6,0.4773077070713043,0.7886183857917786,0.4738852381706238,0.7871367335319519,51.97789779998129,339.73015039996244
46,UNSW-NB15,6,0.46517789363861084,0.7915263772010803,0.469770610332489,0.789477527141571,51.97789779998129,339.73015039996244
47,UNSW-NB15,6,0.4753846824169159,0.790644109249115,0.4646880030632019,0.7946271300315857,51.97789779998129,339.73015039996244
48,UNSW-NB15,6,0.4736958146095276,0.7892215847969055,0.47161340713500977,0.7933667302131653,51.97789779998129,339.73015039996244
49,UNSW-NB15,6,0.4639362096786499,0.7930659055709839,0.4588012099266052,0.7875689268112183,51.97789779998129,339.73015039996244
50,UNSW-NB15,6,0.47443825006484985,0.7864847183227539,0.47144001722335815,0.7901977300643921,51.97789779998129,339.73015039996244
51,UNSW-NB15,6,0.47189104557037354,0.7897257804870605,0.4761807322502136,0.7892614603042603,51.97789779998129,339.73015039996244
52,UNSW-NB15,6,0.46513521671295166,0.7936421036720276,0.46909552812576294,0.7928265333175659,51.97789779998129,339.73015039996244
53,UNSW-NB15,6,0.4632449746131897,0.7934530377388,0.45347270369529724,0.8004249334335327,51.97789779998129,339.73015039996244
54,UNSW-NB15,6,0.4758985638618469,0.7892846465110779,0.4639028310775757,0.7917822599411011,51.97789779998129,339.73015039996244
55,UNSW-NB15,6,0.4656952917575836,0.7897437810897827,0.45487216114997864,0.7999207973480225,51.97789779998129,339.73015039996244
56,UNSW-NB15,6,0.46782222390174866,0.792201578617096,0.46807533502578735,0.7902337312698364,51.97789779998129,339.73015039996244
57,UNSW-NB15,6,0.46310073137283325,0.7943623065948486,0.454385370016098,0.7974720001220703,51.97789779998129,339.73015039996244
58,UNSW-NB15,6,0.4689457416534424,0.7888705134391785,0.46118173003196716,0.7913140654563904,51.97789779998129,339.73015039996244
59,UNSW-NB15,6,0.4629915654659271,0.7933449745178223,0.4637371897697449,0.7890093326568604,51.97789779998129,339.73015039996244
60,UNSW-NB15,6,0.4742561876773834,0.7912293076515198,0.4615098237991333,0.7964277267456055,51.97789779998129,339.73015039996244
61,UNSW-NB15,6,0.47072634100914,0.7896267175674438,0.46707502007484436,0.7925744652748108,51.97789779998129,339.73015039996244
62,UNSW-NB15,6,0.46724802255630493,0.792102575302124,0.45699241757392883,0.7968958616256714,51.97789779998129,339.73015039996244
63,UNSW-NB15,6,0.46665671467781067,0.7918325066566467,0.4606753885746002,0.7948071956634521,51.97789779998129,339.73015039996244
64,UNSW-NB15,6,0.46510347723960876,0.793813169002533,0.46657758951187134,0.7923223972320557,51.97789779998129,339.73015039996244
1,NSL-KDD,7,0.07778619229793549,0.9741664528846741,0.07349713891744614,0.9754466414451599,45.80444769997848,339.9037151999655
2,NSL-KDD,7,0.08370210975408554,0.9722137451171875,0.08327404409646988,0.9711823463439941,45.80444769997848,339.9037151999655
3,NSL-KDD,7,0.07332894206047058,0.9755916595458984,0.06972187012434006,0.9784989356994629,45.80444769997848,339.9037151999655
4,NSL-KDD,7,0.08267208933830261,0.9719893336296082,0.08455010503530502,0.9720800518989563,45.80444769997848,339.9037151999655
5,NSL-KDD,7,0.0823175460100174,0.9727411866188049,0.09180004894733429,0.9692072868347168,45.80444769997848,339.9037151999655
6,NSL-KDD,7,0.07829646021127701,0.9736614227294922,0.07961488515138626,0.9723045229911804,45.80444769997848,339.9037151999655
7,NSL-KDD,7,0.07608752697706223,0.9747724533081055,0.0885007455945015,0.9702396988868713,45.80444769997848,339.9037151999655
8,NSL-KDD,7,0.07654658704996109,0.9740317463874817,0.08144726604223251,0.9725289344787598,45.80444769997848,339.9037151999655
9,NSL-KDD,7,0.07807163149118423,0.9738858938217163,0.09329221397638321,0.9704641103744507,45.80444769997848,339.9037151999655
10,NSL-KDD,7,0.08012843877077103,0.9738746285438538,0.08686813712120056,0.9717658758163452,45.80444769997848,339.9037151999655
11,NSL-KDD,7,0.08033137023448944,0.9727524518966675,0.07956947386264801,0.9740102291107178,45.80444769997848,339.9037151999655
12,NSL-KDD,7,0.07818453758955002,0.973313570022583,0.08915016055107117,0.9750875234603882,45.80444769997848,339.9037151999655
13,NSL-KDD,7,0.07642665505409241,0.9751988649368286,0.07596586644649506,0.9753568768501282,45.80444769997848,339.9037151999655
14,NSL-KDD,7,0.07111039012670517,0.9759507775306702,0.07316309213638306,0.9762994647026062,45.80444769997848,339.9037151999655
15,NSL-KDD,7,0.07565244287252426,0.974323570728302,0.07968685030937195,0.9713169932365417,45.80444769997848,339.9037151999655
16,NSL-KDD,7,0.08258681744337082,0.9726738929748535,0.0833897516131401,0.9703294634819031,45.80444769997848,339.9037151999655
17,NSL-KDD,7,0.07815062254667282,0.9745591878890991,0.08387388288974762,0.9728431701660156,45.80444769997848,339.9037151999655
18,NSL-KDD,7,0.08195021748542786,0.9730330109596252,0.07871586084365845,0.9737408757209778,45.80444769997848,339.9037151999655
19,NSL-KDD,7,0.07347409427165985,0.9759507775306702,0.07519008219242096,0.973336935043335,45.80444769997848,339.9037151999655
20,NSL-KDD,7,0.07479547709226608,0.9748173356056213,0.07355125993490219,0.9744142293930054,45.80444769997848,339.9037151999655
21,NSL-KDD,7,0.08000495284795761,0.9737960696220398,0.08234843611717224,0.9720800518989563,45.80444769997848,339.9037151999655
22,NSL-KDD,7,0.08213674277067184,0.9723933339118958,0.08383532613515854,0.9726635813713074,45.80444769997848,339.9037151999655
23,NSL-KDD,7,0.08062343299388885,0.9725728631019592,0.1103493943810463,0.9671873450279236,45.80444769997848,339.9037151999655
24,NSL-KDD,7,0.07596728950738907,0.9744806289672852,0.0688319057226181,0.980204701423645,45.80444769997848,339.9037151999655
25,NSL-KDD,7,0.07553479820489883,0.9749407768249512,0.08228517323732376,0.9719454050064087,45.80444769997848,339.9037151999655
26,NSL-KDD,7,0.08662319928407669,0.9713496565818787,0.0846100002527237,0.9705988168716431,45.80444769997848,339.9037151999655
27,NSL-KDD,7,0.07497090846300125,0.9748173356056213,0.07060043513774872,0.9785887598991394,45.80444769997848,339.9037151999655
28,NSL-KDD,7,0.0860520750284195,0.970911979675293,0.08610156178474426,0.9728431701660156,45.80444769997848,339.9037151999655
29,NSL-KDD,7,0.07494600862264633,0.9746490120887756,0.07682251930236816,0.9761648178100586,45.80444769997848,339.9037151999655
30,NSL-KDD,7,0.07581639289855957,0.9750417470932007,0.08025876432657242,0.9713169932365417,45.80444769997848,339.9037151999655
31,NSL-KDD,7,0.08048119395971298,0.9732798933982849,0.08061128854751587,0.9721698760986328,45.80444769997848,339.9037151999655
32,NSL-KDD,7,0.07736767083406448,0.9742562174797058,0.07982726395130157,0.9749528765678406,45.80444769997848,339.9037151999655
33,NSL-KDD,7,0.08018963038921356,0.9740205407142639,0.0868956446647644,0.9737408757209778,45.80444769997848,339.9037151999655
34,NSL-KDD,7,0.08582444489002228,0.9713047742843628,0.09053568542003632,0.9683544039726257,45.80444769997848,339.9037151999655
35,NSL-KDD,7,0.07980041950941086,0.9731676578521729,0.09928883612155914,0.9666486978530884,45.80444769997848,339.9037151999655
36,NSL-KDD,7,0.07574561983346939,0.9748958945274353,0.07426413148641586,0.9752221703529358,45.80444769997848,339.9037151999655
37,NSL-KDD,7,0.07531746476888657,0.9747275710105896,0.07520068436861038,0.9749977588653564,45.80444769997848,339.9037151999655
38,NSL-KDD,7,0.07895199209451675,0.9732798933982849,0.08234819769859314,0.9708232283592224,45.80444769997848,339.9037151999655
39,NSL-KDD,7,0.07184315472841263,0.9763547778129578,0.08194474875926971,0.9729329347610474,45.80444769997848,339.9037151999655
40,NSL-KDD,7,0.08073469251394272,0.9733247756958008,0.08194080740213394,0.9695664048194885,45.80444769997848,339.9037151999655
41,NSL-KDD,7,0.07481475919485092,0.9754120707511902,0.07277335971593857,0.9756261706352234,45.80444769997848,339.9037151999655
42,NSL-KDD,7,0.07459980994462967,0.9754570126533508,0.07419462502002716,0.9750875234603882,45.80444769997848,339.9037151999655
43,NSL-KDD,7,0.08553770184516907,0.9718322157859802,0.10667916387319565,0.9704192280769348,45.80444769997848,339.9037151999655
44,NSL-KDD,7,0.07546938210725784,0.9747724533081055,0.07635890692472458,0.9766137003898621,45.80444769997848,339.9037151999655
45,NSL-KDD,7,0.07558130472898483,0.9750530123710632,0.0724564865231514,0.9756710529327393,45.80444769997848,339.9037151999655
46,NSL-KDD,7,0.08598244935274124,0.970911979675293,0.08568649739027023,0.9728431701660156,45.80444769997848,339.9037151999655
47,NSL-KDD,7,0.07673497498035431,0.9754682183265686,0.07097224146127701,0.9767932295799255,45.80444769997848,339.9037151999655
48,NSL-KDD,7,0.08129455149173737,0.9727075695991516,0.08214274048805237,0.973336935043335,45.80444769997848,339.9037151999655
49,NSL-KDD,7,0.07874994724988937,0.9740990996360779,0.09553083777427673,0.9684441685676575,45.80444769997848,339.9037151999655
50,NSL-KDD,7,0.07902658730745316,0.9731901288032532,0.07713600248098373,0.9758505821228027,45.80444769997848,339.9037151999655
51,NSL-KDD,7,0.07665371149778366,0.9745367765426636,0.07578574120998383,0.9762545824050903,45.80444769997848,339.9037151999655
52,NSL-KDD,7,0.07743366807699203,0.9749744534492493,0.07734204828739166,0.9744142293930054,45.80444769997848,339.9037151999655
53,NSL-KDD,7,0.08073670417070389,0.9729993343353271,0.07838375121355057,0.9736062288284302,45.80444769997848,339.9037151999655
54,NSL-KDD,7,0.0751945823431015,0.9753559827804565,0.07542353123426437,0.975132405757904,45.80444769997848,339.9037151999655
55,NSL-KDD,7,0.0800919383764267,0.973313570022583,0.07729773223400116,0.9775563478469849,45.80444769997848,339.9037151999655
56,NSL-KDD,7,0.0760887861251831,0.9749183058738708,0.07198328524827957,0.9768381118774414,45.80444769997848,339.9037151999655
57,NSL-KDD,7,0.07835518568754196,0.973863422870636,0.08074041455984116,0.9761199355125427,45.80444769997848,339.9037151999655
58,NSL-KDD,7,0.077437624335289,0.9738522171974182,0.0769186019897461,0.9753119349479675,45.80444769997848,339.9037151999655
59,NSL-KDD,7,0.0739813894033432,0.9753447771072388,0.06961452960968018,0.9779154062271118,45.80444769997848,339.9037151999655
60,NSL-KDD,7,0.08253423869609833,0.9723933339118958,0.07975807785987854,0.9738755822181702,45.80444769997848,339.9037151999655
61,NSL-KDD,7,0.08246441185474396,0.972382128238678,0.08094044029712677,0.9725738167762756,45.80444769997848,339.9037151999655
62,NSL-KDD,7,0.0770501121878624,0.9743684530258179,0.07165617495775223,0.9774665236473083,45.80444769997848,339.9037151999655
63,NSL-KDD,7,0.07726698368787766,0.9741439819335938,0.0778522863984108,0.9749528765678406,45.80444769997848,339.9037151999655
64,NSL-KDD,7,0.07670769095420837,0.9745143055915833,0.07230201363563538,0.9767483472824097,45.80444769997848,339.9037151999655
1,NSL-KDD,8,0.07177135348320007,0.9766128659248352,0.0758511945605278,0.9741897583007812,48.73356549994787,388.69116419996135
2,NSL-KDD,8,0.07605233788490295,0.9743796586990356,0.07399012893438339,0.9734266996383667,48.73356549994787,388.69116419996135
3,NSL-KDD,8,0.06738471239805222,0.9783298969268799,0.0689699575304985,0.9783194065093994,48.73356549994787,388.69116419996135
4,NSL-KDD,8,0.07626361399888992,0.9747836589813232,0.07376431673765182,0.9767932295799255,48.73356549994787,388.69116419996135
5,NSL-KDD,8,0.07584714889526367,0.9754794239997864,0.07284669578075409,0.9776012301445007,48.73356549994787,388.69116419996135
6,NSL-KDD,8,0.07434090226888657,0.9748846292495728,0.07439803332090378,0.974548876285553,48.73356549994787,388.69116419996135
7,NSL-KDD,8,0.07187113165855408,0.9763659834861755,0.07162661850452423,0.9779154062271118,48.73356549994787,388.69116419996135
8,NSL-KDD,8,0.0716099664568901,0.9761303067207336,0.07425227761268616,0.9758056998252869,48.73356549994787,388.69116419996135
9,NSL-KDD,8,0.07475458085536957,0.9748958945274353,0.0859820693731308,0.9702396988868713,48.73356549994787,388.69116419996135
10,NSL-KDD,8,0.07335229963064194,0.9761303067207336,0.08111974596977234,0.9714965224266052,48.73356549994787,388.69116419996135
11,NSL-KDD,8,0.07418534904718399,0.97580486536026,0.07455969601869583,0.9752221703529358,48.73356549994787,388.69116419996135
12,NSL-KDD,8,0.07303862273693085,0.9756477475166321,0.07410476356744766,0.9765688180923462,48.73356549994787,388.69116419996135
13,NSL-KDD,8,0.07047249376773834,0.977084219455719,0.07227237522602081,0.9748631119728088,48.73356549994787,388.69116419996135
14,NSL-KDD,8,0.06591355800628662,0.978644073009491,0.06728562712669373,0.9798455834388733,48.73356549994787,388.69116419996135
15,NSL-KDD,8,0.06880434602499008,0.9773311018943787,0.07792188972234726,0.9750875234603882,48.73356549994787,388.69116419996135
16,NSL-KDD,8,0.07681449502706528,0.9745255708694458,0.08169006556272507,0.9750875234603882,48.73356549994787,388.69116419996135
17,NSL-KDD,8,0.07395322620868683,0.9760517477989197,0.07522647827863693,0.9765239357948303,48.73356549994787,388.69116419996135
18,NSL-KDD,8,0.07642225921154022,0.9741551876068115,0.0792396068572998,0.9741897583007812,48.73356549994787,388.69116419996135
19,NSL-KDD,8,0.06902061402797699,0.9773535132408142,0.07339385151863098,0.9760750532150269,48.73356549994787,388.69116419996135
20,NSL-KDD,8,0.07055678218603134,0.9767251014709473,0.07153721153736115,0.977511465549469,48.73356549994787,388.69116419996135
21,NSL-KDD,8,0.07608482986688614,0.974716305732727,0.07195086032152176,0.9760750532150269,48.73356549994787,388.69116419996135
22,NSL-KDD,8,0.07717650383710861,0.9747836589813232,0.08200439065694809,0.972439169883728,48.73356549994787,388.69116419996135
23,NSL-KDD,8,0.07609009742736816,0.9746714234352112,0.07838461548089981,0.9732920527458191,48.73356549994787,388.69116419996135
24,NSL-KDD,8,0.07207693159580231,0.9762762188911438,0.0778292566537857,0.9740102291107178,48.73356549994787,388.69116419996135
25,NSL-KDD,8,0.07158554345369339,0.9760630130767822,0.07751106470823288,0.9756261706352234,48.73356549994787,388.69116419996135
26,NSL-KDD,8,0.0807218998670578,0.9735604524612427,0.07920044660568237,0.9747284054756165,48.73356549994787,388.69116419996135
27,NSL-KDD,8,0.07007721066474915,0.9766128659248352,0.06950032711029053,0.9780949950218201,48.73356549994787,388.69116419996135
28,NSL-KDD,8,0.0807599127292633,0.972662627696991,0.07827309519052505,0.975401759147644,48.73356549994787,388.69116419996135
29,NSL-KDD,8,0.069271519780159,0.976814866065979,0.06871001422405243,0.9787682890892029,48.73356549994787,388.69116419996135
30,NSL-KDD,8,0.0725308358669281,0.9767924547195435,0.07222159951925278,0.9771523475646973,48.73356549994787,388.69116419996135
31,NSL-KDD,8,0.07541655749082565,0.9746377468109131,0.07626346498727798,0.9741897583007812,48.73356549994787,388.69116419996135
32,NSL-KDD,8,0.07360812276601791,0.9753784537315369,0.07415901124477386,0.9762097001075745,48.73356549994787,388.69116419996135
33,NSL-KDD,8,0.07736706733703613,0.9745704531669617,0.07340055704116821,0.9761199355125427,48.73356549994787,388.69116419996135
34,NSL-KDD,8,0.08234332501888275,0.9720903038978577,0.08559238910675049,0.9706885814666748,48.73356549994787,388.69116419996135
35,NSL-KDD,8,0.075864776968956,0.975064218044281,0.07695277035236359,0.9736062288284302,48.73356549994787,388.69116419996135
36,NSL-KDD,8,0.07020380347967148,0.9773871898651123,0.0671006366610527,0.9787682890892029,48.73356549994787,388.69116419996135
37,NSL-KDD,8,0.07102908194065094,0.976152777671814,0.07225847989320755,0.9759852886199951,48.73356549994787,388.69116419996135
38,NSL-KDD,8,0.07452289015054703,0.9752213358879089,0.07568217068910599,0.9746386408805847,48.73356549994787,388.69116419996135
39,NSL-KDD,8,0.06726077198982239,0.9781278967857361,0.06826749444007874,0.9780949950218201,48.73356549994787,388.69116419996135
40,NSL-KDD,8,0.07502976059913635,0.9749407768249512,0.07439716160297394,0.9755364060401917,48.73356549994787,388.69116419996135
41,NSL-KDD,8,0.06998462975025177,0.9767811894416809,0.06947630643844604,0.9779602885246277,48.73356549994787,388.69116419996135
42,NSL-KDD,8,0.07026935368776321,0.9764445424079895,0.0728449821472168,0.978723406791687,48.73356549994787,388.69116419996135
43,NSL-KDD,8,0.08057049661874771,0.9739868640899658,0.08079619705677032,0.9756261706352234,48.73356549994787,388.69116419996135
44,NSL-KDD,8,0.0706121027469635,0.9767475128173828,0.06958741694688797,0.9786336421966553,48.73356549994787,388.69116419996135
45,NSL-KDD,8,0.07132942974567413,0.976814866065979,0.07819903641939163,0.973067581653595,48.73356549994787,388.69116419996135
46,NSL-KDD,8,0.0824027806520462,0.9721351861953735,0.08043816685676575,0.9735613465309143,48.73356549994787,388.69116419996135
47,NSL-KDD,8,0.07251577079296112,0.9762313365936279,0.07313418388366699,0.9770625829696655,48.73356549994787,388.69116419996135
48,NSL-KDD,8,0.07633184641599655,0.9743796586990356,0.07899145781993866,0.9745937585830688,48.73356549994787,388.69116419996135
49,NSL-KDD,8,0.07421790063381195,0.9755804538726807,0.07735434174537659,0.9767483472824097,48.73356549994787,388.69116419996135
50,NSL-KDD,8,0.07489786297082901,0.9744806289672852,0.07445168495178223,0.9761648178100586,48.73356549994787,388.69116419996135
51,NSL-KDD,8,0.07362499833106995,0.9757711887359619,0.07250022143125534,0.9762545824050903,48.73356549994787,388.69116419996135
52,NSL-KDD,8,0.07365263253450394,0.9761751890182495,0.0696931928396225,0.9781847596168518,48.73356549994787,388.69116419996135
53,NSL-KDD,8,0.07467503845691681,0.9754682183265686,0.07714061439037323,0.973651111125946,48.73356549994787,388.69116419996135
54,NSL-KDD,8,0.0720084011554718,0.9760854244232178,0.09541018307209015,0.972439169883728,48.73356549994787,388.69116419996135
55,NSL-KDD,8,0.07416532188653946,0.9752774238586426,0.07285376638174057,0.9771523475646973,48.73356549994787,388.69116419996135
56,NSL-KDD,8,0.07102805376052856,0.9763996601104736,0.07053132355213165,0.9771074652671814,48.73356549994787,388.69116419996135
57,NSL-KDD,8,0.07433344423770905,0.9754345417022705,0.07732506841421127,0.975132405757904,48.73356549994787,388.69116419996135
58,NSL-KDD,8,0.07273080945014954,0.9752437472343445,0.07413516938686371,0.9737408757209778,48.73356549994787,388.69116419996135
59,NSL-KDD,8,0.0711686760187149,0.9767138957977295,0.06847576051950455,0.9778256416320801,48.73356549994787,388.69116419996135
60,NSL-KDD,8,0.07784724235534668,0.9744470119476318,0.08761952072381973,0.9702845811843872,48.73356549994787,388.69116419996135
61,NSL-KDD,8,0.07752448320388794,0.974323570728302,0.08139882236719131,0.9701499342918396,48.73356549994787,388.69116419996135
62,NSL-KDD,8,0.0713152214884758,0.9767587780952454,0.06852229684591293,0.9784989356994629,48.73356549994787,388.69116419996135
63,NSL-KDD,8,0.07287003844976425,0.9753111004829407,0.07837900519371033,0.9718107581138611,48.73356549994787,388.69116419996135
64,NSL-KDD,8,0.07387609779834747,0.9751988649368286,0.07253888994455338,0.9784989356994629,48.73356549994787,388.69116419996135
1,UNSW-NB15,7,0.46366938948631287,0.7924897074699402,0.46532437205314636,0.7902337312698364,50.8158663000213,390.6075778999948
2,UNSW-NB15,7,0.4645121097564697,0.7932639718055725,0.4544658660888672,0.7969318628311157,50.8158663000213,390.6075778999948
3,UNSW-NB15,7,0.4649546444416046,0.7929578423500061,0.4607221782207489,0.7894054651260376,50.8158663000213,390.6075778999948
4,UNSW-NB15,7,0.4555697441101074,0.7970002293586731,0.45496323704719543,0.7995246648788452,50.8158663000213,390.6075778999948
5,UNSW-NB15,7,0.46861523389816284,0.7913823127746582,0.4564860761165619,0.7945911288261414,50.8158663000213,390.6075778999948
6,UNSW-NB15,7,0.4681934714317322,0.7909321784973145,0.46469107270240784,0.7940149307250977,50.8158663000213,390.6075778999948
7,UNSW-NB15,7,0.45865508913993835,0.7934980392456055,0.4512861371040344,0.7975080609321594,50.8158663000213,390.6075778999948
8,UNSW-NB15,7,0.46308577060699463,0.7928138375282288,0.458301305770874,0.7975080609321594,50.8158663000213,390.6075778999948
9,UNSW-NB15,7,0.46542251110076904,0.7921385765075684,0.457581102848053,0.7973639965057373,50.8158663000213,390.6075778999948
10,UNSW-NB15,7,0.4541793465614319,0.796252965927124,0.44564053416252136,0.8004249334335327,50.8158663000213,390.6075778999948
11,UNSW-NB15,7,0.4642792046070099,0.791121244430542,0.45302101969718933,0.797435998916626,50.8158663000213,390.6075778999948
12,UNSW-NB15,7,0.45569494366645813,0.7952266335487366,0.4584043622016907,0.7849400639533997,50.8158663000213,390.6075778999948
13,UNSW-NB15,7,0.46324020624160767,0.7939931750297546,0.4630279839038849,0.7938708662986755,50.8158663000213,390.6075778999948
14,UNSW-NB15,7,0.4572169780731201,0.7954607009887695,0.45311883091926575,0.794555127620697,50.8158663000213,390.6075778999948
15,UNSW-NB15,7,0.45894020795822144,0.7945513725280762,0.4491877257823944,0.7975080609321594,50.8158663000213,390.6075778999948
16,UNSW-NB15,7,0.4690121114253998,0.7919225096702576,0.4595935642719269,0.7916021943092346,50.8158663000213,390.6075778999948
17,UNSW-NB15,7,0.46650710701942444,0.794056236743927,0.4645017683506012,0.7972919940948486,50.8158663000213,390.6075778999948
18,UNSW-NB15,7,0.45344582200050354,0.797594428062439,0.4444741904735565,0.8016493320465088,50.8158663000213,390.6075778999948
19,UNSW-NB15,7,0.46397945284843445,0.7928858399391174,0.46377554535865784,0.7871367335319519,50.8158663000213,390.6075778999948
20,UNSW-NB15,7,0.45852452516555786,0.7941822409629822,0.4504573941230774,0.7913500666618347,50.8158663000213,390.6075778999948
21,UNSW-NB15,7,0.4575708508491516,0.7957127690315247,0.46522337198257446,0.7944470643997192,50.8158663000213,390.6075778999948
22,UNSW-NB15,7,0.4644399583339691,0.7930299043655396,0.4632163643836975,0.7844719290733337,50.8158663000213,390.6075778999948
23,UNSW-NB15,7,0.4571244716644287,0.7947044372558594,0.4492937922477722,0.7985883951187134,50.8158663000213,390.6075778999948
24,UNSW-NB15,7,0.4572601318359375,0.7938581705093384,0.4572511911392212,0.7979041934013367,50.8158663000213,390.6075778999948
25,UNSW-NB15,7,0.4585723578929901,0.7957577705383301,0.4616474509239197,0.7931506633758545,50.8158663000213,390.6075778999948
26,UNSW-NB15,7,0.4628069996833801,0.7934350371360779,0.4599129557609558,0.7964997291564941,50.8158663000213,390.6075778999948
27,UNSW-NB15,7,0.46348100900650024,0.7931109070777893,0.46083346009254456,0.796859860420227,50.8158663000213,390.6075778999948
28,UNSW-NB15,7,0.46064335107803345,0.7935880422592163,0.4522216320037842,0.79466313123703,50.8158663000213,390.6075778999948
29,UNSW-NB15,7,0.465614914894104,0.7937321066856384,0.45414093136787415,0.8003169298171997,50.8158663000213,390.6075778999948
30,UNSW-NB15,7,0.46994227170944214,0.7907431125640869,0.4660474359989166,0.7961035966873169,50.8158663000213,390.6075778999948
31,UNSW-NB15,7,0.4597375690937042,0.7954337000846863,0.45319634675979614,0.8003169298171997,50.8158663000213,390.6075778999948
32,UNSW-NB15,7,0.46122390031814575,0.7942003011703491,0.45353949069976807,0.7942309975624084,50.8158663000213,390.6075778999948
33,UNSW-NB15,7,0.46010279655456543,0.7930929064750671,0.4537632465362549,0.8004969954490662,50.8158663000213,390.6075778999948
34,UNSW-NB15,7,0.45821163058280945,0.795640766620636,0.46182510256767273,0.7946991324424744,50.8158663000213,390.6075778999948
35,UNSW-NB15,7,0.4633955955505371,0.7940472364425659,0.45753446221351624,0.7998847961425781,50.8158663000213,390.6075778999948
36,UNSW-NB15,7,0.45786938071250916,0.7948755025863647,0.4505840241909027,0.7904137969017029,50.8158663000213,390.6075778999948
37,UNSW-NB15,7,0.4580830931663513,0.793813169002533,0.4496226906776428,0.8007490634918213,50.8158663000213,390.6075778999948
38,UNSW-NB15,7,0.46092674136161804,0.7937411069869995,0.45805928111076355,0.7932226657867432,50.8158663000213,390.6075778999948
39,UNSW-NB15,7,0.45880722999572754,0.7950825691223145,0.45134004950523376,0.796859860420227,50.8158663000213,390.6075778999948
40,UNSW-NB15,7,0.4642503559589386,0.7921745777130127,0.4637749493122101,0.791278064250946,50.8158663000213,390.6075778999948
41,UNSW-NB15,7,0.46908262372016907,0.7899868488311768,0.4596187174320221,0.796859860420227,50.8158663000213,390.6075778999948
42,UNSW-NB15,7,0.4620954394340515,0.7934890389442444,0.4526437819004059,0.7965717315673828,50.8158663000213,390.6075778999948
43,UNSW-NB15,7,0.4626590609550476,0.7921295762062073,0.45682045817375183,0.7874608635902405,50.8158663000213,390.6075778999948
44,UNSW-NB15,7,0.45860525965690613,0.7944703698158264,0.4489140510559082,0.7987323999404907,50.8158663000213,390.6075778999948
45,UNSW-NB15,7,0.4704030454158783,0.7909771800041199,0.46032559871673584,0.795635461807251,50.8158663000213,390.6075778999948
46,UNSW-NB15,7,0.46018365025520325,0.7942363023757935,0.45259106159210205,0.7949512600898743,50.8158663000213,390.6075778999948
47,UNSW-NB15,7,0.46691185235977173,0.7912473082542419,0.45666760206222534,0.7959595322608948,50.8158663000213,390.6075778999948
48,UNSW-NB15,7,0.46310660243034363,0.7936511039733887,0.4537605345249176,0.7984443306922913,50.8158663000213,390.6075778999948
49,UNSW-NB15,7,0.45758578181266785,0.795406699180603,0.45669025182724,0.7959235310554504,50.8158663000213,390.6075778999948
50,UNSW-NB15,7,0.4681549072265625,0.7910492420196533,0.46503275632858276,0.7822391986846924,50.8158663000213,390.6075778999948
51,UNSW-NB15,7,0.46405044198036194,0.7923636436462402,0.4571700096130371,0.7958515286445618,50.8158663000213,390.6075778999948
52,UNSW-NB15,7,0.4593356251716614,0.7947494387626648,0.45355796813964844,0.7892253994941711,50.8158663000213,390.6075778999948
53,UNSW-NB15,7,0.45800262689590454,0.7951725721359253,0.45757266879081726,0.7887572646141052,50.8158663000213,390.6075778999948
54,UNSW-NB15,7,0.4676612615585327,0.7920125126838684,0.45821046829223633,0.7963916659355164,50.8158663000213,390.6075778999948
55,UNSW-NB15,7,0.457537978887558,0.7949655055999756,0.4561522603034973,0.7915301322937012,50.8158663000213,390.6075778999948
56,UNSW-NB15,7,0.4607066512107849,0.7937861084938049,0.4547937214374542,0.7971119284629822,50.8158663000213,390.6075778999948
57,UNSW-NB15,7,0.4570634961128235,0.7960008978843689,0.45349210500717163,0.7961035966873169,50.8158663000213,390.6075778999948
58,UNSW-NB15,7,0.4623643755912781,0.7909591794013977,0.4621036946773529,0.7811228632926941,50.8158663000213,390.6075778999948
59,UNSW-NB15,7,0.4557046592235565,0.7945603728294373,0.4462924599647522,0.8003169298171997,50.8158663000213,390.6075778999948
60,UNSW-NB15,7,0.46584320068359375,0.7912743091583252,0.46398913860321045,0.7876409292221069,50.8158663000213,390.6075778999948
61,UNSW-NB15,7,0.46360671520233154,0.7928228378295898,0.45916834473609924,0.7904857993125916,50.8158663000213,390.6075778999948
62,UNSW-NB15,7,0.4604073166847229,0.7940922379493713,0.4554768204689026,0.7973639965057373,50.8158663000213,390.6075778999948
63,UNSW-NB15,7,0.4584292471408844,0.7963069677352905,0.45511332154273987,0.7953113317489624,50.8158663000213,390.6075778999948
64,UNSW-NB15,7,0.4577087461948395,0.7955237030982971,0.4595227539539337,0.7914221286773682,50.8158663000213,390.6075778999948
1,NSL-KDD,9,0.06718222051858902,0.9783411026000977,0.06865950673818588,0.9780949950218201,48.411922800005414,437.16945759998634
2,NSL-KDD,9,0.07008624821901321,0.9765904545783997,0.07402963936328888,0.9766137003898621,48.411922800005414,437.16945759998634
3,NSL-KDD,9,0.06461892277002335,0.9787226319313049,0.07665415853261948,0.9753119349479675,48.411922800005414,437.16945759998634
4,NSL-KDD,9,0.07108183950185776,0.9763771891593933,0.0666205957531929,0.9778256416320801,48.411922800005414,437.16945759998634
5,NSL-KDD,9,0.07016516476869583,0.9770954251289368,0.07970601320266724,0.9731124639511108,48.411922800005414,437.16945759998634
6,NSL-KDD,9,0.07072613388299942,0.9763323068618774,0.06935128569602966,0.9765239357948303,48.411922800005414,437.16945759998634
7,NSL-KDD,9,0.06751877069473267,0.9781951904296875,0.06414680182933807,0.9808779954910278,48.411922800005414,437.16945759998634
8,NSL-KDD,9,0.06648670881986618,0.9782513380050659,0.07080283761024475,0.9771972298622131,48.411922800005414,437.16945759998634
9,NSL-KDD,9,0.07152041792869568,0.9762986302375793,0.07407695055007935,0.9759404063224792,48.411922800005414,437.16945759998634
10,NSL-KDD,9,0.07107879221439362,0.9768036603927612,0.06871365755796432,0.9786785244941711,48.411922800005414,437.16945759998634
11,NSL-KDD,9,0.07151857763528824,0.9767138957977295,0.0841120034456253,0.9749079942703247,48.411922800005414,437.16945759998634
12,NSL-KDD,9,0.06870034337043762,0.9774320721626282,0.06846681237220764,0.978723406791687,48.411922800005414,437.16945759998634
13,NSL-KDD,9,0.06864134967327118,0.9777575135231018,0.07820296287536621,0.9723045229911804,48.411922800005414,437.16945759998634
14,NSL-KDD,9,0.06277269870042801,0.979766309261322,0.06549355387687683,0.9798455834388733,48.411922800005414,437.16945759998634
15,NSL-KDD,9,0.06466690450906754,0.9784645438194275,0.06509940326213837,0.980563759803772,48.411922800005414,437.16945759998634
16,NSL-KDD,9,0.07258479297161102,0.9762200713157654,0.07011287659406662,0.9777807593345642,48.411922800005414,437.16945759998634
17,NSL-KDD,9,0.06908553838729858,0.9771851897239685,0.0839412659406662,0.9747732877731323,48.411922800005414,437.16945759998634
18,NSL-KDD,9,0.07344278693199158,0.9755804538726807,0.08674204349517822,0.9701948165893555,48.411922800005414,437.16945759998634
19,NSL-KDD,9,0.06496992707252502,0.9787114262580872,0.07486855983734131,0.9740999937057495,48.411922800005414,437.16945759998634
20,NSL-KDD,9,0.06518379598855972,0.9785431027412415,0.06331963837146759,0.9807882308959961,48.411922800005414,437.16945759998634
21,NSL-KDD,9,0.07108811289072037,0.9766577482223511,0.07270437479019165,0.9749977588653564,48.411922800005414,437.16945759998634
22,NSL-KDD,9,0.07252655178308487,0.9759395122528076,0.07037565112113953,0.9781847596168518,48.411922800005414,437.16945759998634
23,NSL-KDD,9,0.07438720762729645,0.9745928645133972,0.07304626703262329,0.9767034649848938,48.411922800005414,437.16945759998634
24,NSL-KDD,9,0.06877440959215164,0.9772637486457825,0.07137753069400787,0.9774216413497925,48.411922800005414,437.16945759998634
25,NSL-KDD,9,0.06781686842441559,0.9775779843330383,0.072201669216156,0.9761199355125427,48.411922800005414,437.16945759998634
26,NSL-KDD,9,0.07743645459413528,0.974604070186615,0.07754743099212646,0.9745039939880371,48.411922800005414,437.16945759998634
27,NSL-KDD,9,0.06781744956970215,0.9773759841918945,0.07423395663499832,0.9746835231781006,48.411922800005414,437.16945759998634
28,NSL-KDD,9,0.0782056525349617,0.9735267758369446,0.07859381288290024,0.9747732877731323,48.411922800005414,437.16945759998634
29,NSL-KDD,9,0.06539381295442581,0.9783523082733154,0.07234779745340347,0.9772869944572449,48.411922800005414,437.16945759998634
30,NSL-KDD,9,0.06887925416231155,0.9774433374404907,0.06846392154693604,0.9778256416320801,48.411922800005414,437.16945759998634
31,NSL-KDD,9,0.07189152389764786,0.9755018949508667,0.08084619790315628,0.9742346405982971,48.411922800005414,437.16945759998634
32,NSL-KDD,9,0.0691332146525383,0.9769831895828247,0.06747527420520782,0.9778256416320801,48.411922800005414,437.16945759998634
33,NSL-KDD,9,0.0707705169916153,0.9771291017532349,0.07676329463720322,0.9749079942703247,48.411922800005414,437.16945759998634
34,NSL-KDD,9,0.07828515022993088,0.9738970994949341,0.08527012169361115,0.971855640411377,48.411922800005414,437.16945759998634
35,NSL-KDD,9,0.07140486687421799,0.9763996601104736,0.08631932735443115,0.9735613465309143,48.411922800005414,437.16945759998634
36,NSL-KDD,9,0.06706427782773972,0.9782962203025818,0.06660225987434387,0.979351818561554,48.411922800005414,437.16945759998634
37,NSL-KDD,9,0.06777891516685486,0.9769158959388733,0.06876929104328156,0.9769728183746338,48.411922800005414,437.16945759998634
38,NSL-KDD,9,0.06972923129796982,0.9764557480812073,0.07107475399971008,0.9770625829696655,48.411922800005414,437.16945759998634
39,NSL-KDD,9,0.06255505234003067,0.979104220867157,0.06505992263555527,0.9777358770370483,48.411922800005414,437.16945759998634
40,NSL-KDD,9,0.0734369158744812,0.9759058952331543,0.07851296663284302,0.9754915237426758,48.411922800005414,437.16945759998634
41,NSL-KDD,9,0.06502262502908707,0.9791154265403748,0.0643591582775116,0.9789478182792664,48.411922800005414,437.16945759998634
42,NSL-KDD,9,0.06504500657320023,0.9790144562721252,0.06700862944126129,0.9779154062271118,48.411922800005414,437.16945759998634
43,NSL-KDD,9,0.07642876356840134,0.975692629814148,0.0804581344127655,0.9723942875862122,48.411922800005414,437.16945759998634
44,NSL-KDD,9,0.06699573248624802,0.978015661239624,0.06931644678115845,0.9782296419143677,48.411922800005414,437.16945759998634
45,NSL-KDD,9,0.0660715103149414,0.9789246320724487,0.07131870090961456,0.9774216413497925,48.411922800005414,437.16945759998634
46,NSL-KDD,9,0.07881022244691849,0.973784863948822,0.07664728164672852,0.9749977588653564,48.411922800005414,437.16945759998634
47,NSL-KDD,9,0.06904745101928711,0.9772637486457825,0.06846838444471359,0.9772869944572449,48.411922800005414,437.16945759998634
48,NSL-KDD,9,0.0724257379770279,0.9757711887359619,0.07064992934465408,0.9781398773193359,48.411922800005414,437.16945759998634
49,NSL-KDD,9,0.06982923299074173,0.9771739840507507,0.07126675546169281,0.9765688180923462,48.411922800005414,437.16945759998634
50,NSL-KDD,9,0.07020735740661621,0.9764445424079895,0.08483009785413742,0.969745934009552,48.411922800005414,437.16945759998634
51,NSL-KDD,9,0.06986073404550552,0.9772413372993469,0.06921479851007462,0.9780501127243042,48.411922800005414,437.16945759998634
52,NSL-KDD,9,0.06860828399658203,0.978094220161438,0.07352425903081894,0.9748631119728088,48.411922800005414,437.16945759998634
53,NSL-KDD,9,0.06987651437520981,0.977275013923645,0.07395191490650177,0.9772869944572449,48.411922800005414,437.16945759998634
54,NSL-KDD,9,0.06772274523973465,0.9782625436782837,0.06907298415899277,0.9773767590522766,48.411922800005414,437.16945759998634
55,NSL-KDD,9,0.07130277901887894,0.9764220714569092,0.07507864385843277,0.9762545824050903,48.411922800005414,437.16945759998634
56,NSL-KDD,9,0.06734482944011688,0.9775779843330383,0.07661591470241547,0.9749528765678406,48.411922800005414,437.16945759998634
57,NSL-KDD,9,0.07091543823480606,0.9759395122528076,0.07005826383829117,0.9785887598991394,48.411922800005414,437.16945759998634
58,NSL-KDD,9,0.06948833167552948,0.9764894247055054,0.08237268030643463,0.9717658758163452,48.411922800005414,437.16945759998634
59,NSL-KDD,9,0.06474781036376953,0.9784420728683472,0.06660852581262589,0.9788131713867188,48.411922800005414,437.16945759998634
60,NSL-KDD,9,0.07217973470687866,0.9762986302375793,0.07052001357078552,0.9774665236473083,48.411922800005414,437.16945759998634
61,NSL-KDD,9,0.07280069589614868,0.9757936596870422,0.07239043712615967,0.976030170917511,48.411922800005414,437.16945759998634
62,NSL-KDD,9,0.067362479865551,0.9775779843330383,0.06978015601634979,0.9771972298622131,48.411922800005414,437.16945759998634
63,NSL-KDD,9,0.06926273554563522,0.9766128659248352,0.07115283608436584,0.9775563478469849,48.411922800005414,437.16945759998634
64,NSL-KDD,9,0.06824948638677597,0.9771851897239685,0.06577283143997192,0.9789927005767822,48.411922800005414,437.16945759998634
1,UNSW-NB15,8,0.45805123448371887,0.7938311696052551,0.45228177309036255,0.7948071956634521,55.302518800017424,445.96904709999217
2,UNSW-NB15,8,0.4585839509963989,0.7943623065948486,0.45275378227233887,0.8001368641853333,55.302518800017424,445.96904709999217
3,UNSW-NB15,8,0.45825573801994324,0.7957938313484192,0.45065706968307495,0.800713062286377,55.302518800017424,445.96904709999217
4,UNSW-NB15,8,0.4498584270477295,0.7983326315879822,0.442816823720932,0.8003169298171997,55.302518800017424,445.96904709999217
5,UNSW-NB15,8,0.4617229104042053,0.7936241030693054,0.4623602032661438,0.7913861274719238,55.302518800017424,445.96904709999217
6,UNSW-NB15,8,0.46043720841407776,0.7937591075897217,0.4543685019016266,0.7959955334663391,55.302518800017424,445.96904709999217
7,UNSW-NB15,8,0.45355454087257385,0.7965140342712402,0.44976264238357544,0.8003169298171997,55.302518800017424,445.96904709999217
8,UNSW-NB15,8,0.4563409686088562,0.7961449027061462,0.45818182826042175,0.7959235310554504,55.302518800017424,445.96904709999217
9,UNSW-NB15,8,0.45846280455589294,0.7956947684288025,0.455464243888855,0.7908099293708801,55.302518800017424,445.96904709999217
10,UNSW-NB15,8,0.4482126832008362,0.7989628911018372,0.4440717101097107,0.803629994392395,55.302518800017424,445.96904709999217
11,UNSW-NB15,8,0.45778539776802063,0.7946324348449707,0.4607107639312744,0.7873167991638184,55.302518800017424,445.96904709999217
12,UNSW-NB15,8,0.4507063031196594,0.797468364238739,0.4540763199329376,0.7907018661499023,55.302518800017424,445.96904709999217
13,UNSW-NB15,8,0.45612043142318726,0.7959198355674744,0.4588698148727417,0.7947351932525635,55.302518800017424,445.96904709999217
14,UNSW-NB15,8,0.45233815908432007,0.7953616380691528,0.4521993100643158,0.7983723282814026,55.302518800017424,445.96904709999217
15,UNSW-NB15,8,0.45490655303001404,0.7956317663192749,0.4463495910167694,0.8031617999076843,55.302518800017424,445.96904709999217
16,UNSW-NB15,8,0.4627157747745514,0.7947314381599426,0.46249428391456604,0.7916741967201233,55.302518800017424,445.96904709999217
17,UNSW-NB15,8,0.4596361815929413,0.7959378361701965,0.4557270407676697,0.7979761958122253,55.302518800017424,445.96904709999217
18,UNSW-NB15,8,0.4488163888454437,0.7988458275794983,0.4435335397720337,0.8038100600242615,55.302518800017424,445.96904709999217
19,UNSW-NB15,8,0.45817407965660095,0.7954246997833252,0.4580899477005005,0.7999927997589111,55.302518800017424,445.96904709999217
20,UNSW-NB15,8,0.4522819519042969,0.7958208322525024,0.4426572024822235,0.801325261592865,55.302518800017424,445.96904709999217
21,UNSW-NB15,8,0.4526740312576294,0.7977834939956665,0.4486214220523834,0.8016493320465088,55.302518800017424,445.96904709999217
22,UNSW-NB15,8,0.45889148116111755,0.7950915694236755,0.4482043981552124,0.8003169298171997,55.302518800017424,445.96904709999217
23,UNSW-NB15,8,0.45355209708213806,0.7948755025863647,0.4542628228664398,0.8009291291236877,55.302518800017424,445.96904709999217
24,UNSW-NB15,8,0.45193204283714294,0.7966400980949402,0.4473292827606201,0.797435998916626,55.302518800017424,445.96904709999217
25,UNSW-NB15,8,0.4541446566581726,0.7961719036102295,0.44555458426475525,0.8032338619232178,55.302518800017424,445.96904709999217
26,UNSW-NB15,8,0.45588329434394836,0.7968921661376953,0.450961709022522,0.7985163331031799,55.302518800017424,445.96904709999217
27,UNSW-NB15,8,0.4567895829677582,0.7948935031890869,0.4462301731109619,0.7968958616256714,55.302518800017424,445.96904709999217
28,UNSW-NB15,8,0.45550602674484253,0.7957938313484192,0.4564518630504608,0.7949151992797852,55.302518800017424,445.96904709999217
29,UNSW-NB15,8,0.45884761214256287,0.7953256368637085,0.4579213857650757,0.7961035966873169,55.302518800017424,445.96904709999217
30,UNSW-NB15,8,0.46254482865333557,0.7928588390350342,0.46206021308898926,0.794050931930542,55.302518800017424,445.96904709999217
31,UNSW-NB15,8,0.4550616145133972,0.7971712350845337,0.45426252484321594,0.8017573952674866,55.302518800017424,445.96904709999217
32,UNSW-NB15,8,0.4555305540561676,0.7958118319511414,0.4507220387458801,0.7992005944252014,55.302518800017424,445.96904709999217
33,UNSW-NB15,8,0.45464423298835754,0.7961719036102295,0.4554767608642578,0.7959955334663391,55.302518800017424,445.96904709999217
34,UNSW-NB15,8,0.4538939893245697,0.7966670989990234,0.4562776982784271,0.7953833937644958,55.302518800017424,445.96904709999217
35,UNSW-NB15,8,0.4570080041885376,0.7952986359596252,0.44772249460220337,0.7995967268943787,55.302518800017424,445.96904709999217
36,UNSW-NB15,8,0.4524419605731964,0.7969011664390564,0.4512828588485718,0.7890813946723938,55.302518800017424,445.96904709999217
37,UNSW-NB15,8,0.45211026072502136,0.7973062992095947,0.44787177443504333,0.7994166612625122,55.302518800017424,445.96904709999217
38,UNSW-NB15,8,0.4552091956138611,0.7951545715332031,0.45471441745758057,0.7953113317489624,55.302518800017424,445.96904709999217
39,UNSW-NB15,8,0.45425519347190857,0.7965860962867737,0.4502010643482208,0.7960675954818726,55.302518800017424,445.96904709999217
40,UNSW-NB15,8,0.4576813280582428,0.7955417037010193,0.4594145715236664,0.7953473329544067,55.302518800017424,445.96904709999217
41,UNSW-NB15,8,0.4621265232563019,0.7930119037628174,0.46554675698280334,0.7964277267456055,55.302518800017424,445.96904709999217
42,UNSW-NB15,8,0.45480966567993164,0.7966760993003845,0.45397451519966125,0.7963196635246277,55.302518800017424,445.96904709999217
43,UNSW-NB15,8,0.455157071352005,0.7952896356582642,0.46085554361343384,0.7931146621704102,55.302518800017424,445.96904709999217
44,UNSW-NB15,8,0.4544146656990051,0.7954246997833252,0.4656650424003601,0.7923223972320557,55.302518800017424,445.96904709999217
45,UNSW-NB15,8,0.465938925743103,0.791355311870575,0.4620555341243744,0.7950232625007629,55.302518800017424,445.96904709999217
46,UNSW-NB15,8,0.4544510543346405,0.7958208322525024,0.4482741951942444,0.8013612627983093,55.302518800017424,445.96904709999217
47,UNSW-NB15,8,0.4617927074432373,0.7934980392456055,0.45025506615638733,0.7968237996101379,55.302518800017424,445.96904709999217
48,UNSW-NB15,8,0.45843878388404846,0.7939481735229492,0.4514145851135254,0.791170060634613,55.302518800017424,445.96904709999217
49,UNSW-NB15,8,0.452169269323349,0.7961449027061462,0.45284220576286316,0.7981922626495361,55.302518800017424,445.96904709999217
50,UNSW-NB15,8,0.46184125542640686,0.7925077080726624,0.4542030990123749,0.7955273985862732,55.302518800017424,445.96904709999217
51,UNSW-NB15,8,0.46046704053878784,0.7940742373466492,0.46616098284721375,0.788865327835083,55.302518800017424,445.96904709999217
52,UNSW-NB15,8,0.4538158178329468,0.7972792983055115,0.45011454820632935,0.7987684607505798,55.302518800017424,445.96904709999217
53,UNSW-NB15,8,0.45167139172554016,0.7973062992095947,0.4521351158618927,0.7962116599082947,55.302518800017424,445.96904709999217
54,UNSW-NB15,8,0.459704726934433,0.7949835062026978,0.4485730826854706,0.7993445992469788,55.302518800017424,445.96904709999217
55,UNSW-NB15,8,0.45189523696899414,0.7964150309562683,0.450875461101532,0.7966077327728271,55.302518800017424,445.96904709999217
56,UNSW-NB15,8,0.4542606770992279,0.795874834060669,0.45508530735969543,0.7949151992797852,55.302518800017424,445.96904709999217
57,UNSW-NB15,8,0.4513052701950073,0.796991229057312,0.4533722996711731,0.7990925312042236,55.302518800017424,445.96904709999217
58,UNSW-NB15,8,0.4578021168708801,0.7934350371360779,0.4629952609539032,0.7898015975952148,55.302518800017424,445.96904709999217
59,UNSW-NB15,8,0.4511491060256958,0.7972162961959839,0.4490109384059906,0.7994526624679565,55.302518800017424,445.96904709999217
60,UNSW-NB15,8,0.46281933784484863,0.7930929064750671,0.4643537700176239,0.7938348650932312,55.302518800017424,445.96904709999217
61,UNSW-NB15,8,0.45898351073265076,0.7945153713226318,0.45821788907051086,0.7885051965713501,55.302518800017424,445.96904709999217
62,UNSW-NB15,8,0.4543704390525818,0.7963429689407349,0.45591986179351807,0.7912060618400574,55.302518800017424,445.96904709999217
63,UNSW-NB15,8,0.45385977625846863,0.7982696294784546,0.4477350115776062,0.7999567985534668,55.302518800017424,445.96904709999217
64,UNSW-NB15,8,0.4522290527820587,0.79831463098526,0.45320409536361694,0.793330729007721,55.302518800017424,445.96904709999217
1,NSL-KDD,10,0.06341660022735596,0.9792051911354065,0.06707023084163666,0.9792620539665222,46.483759100025054,483.7160831000074
2,NSL-KDD,10,0.0673060268163681,0.9777799844741821,0.0720343366265297,0.9767932295799255,46.483759100025054,483.7160831000074
3,NSL-KDD,10,0.06223636493086815,0.9796653389930725,0.0642724335193634,0.9794415831565857,46.483759100025054,483.7160831000074
4,NSL-KDD,10,0.06607793271541595,0.9781054258346558,0.06901183724403381,0.9775563478469849,46.483759100025054,483.7160831000074
5,NSL-KDD,10,0.06549276411533356,0.978834867477417,0.06825011223554611,0.9761648178100586,46.483759100025054,483.7160831000074
6,NSL-KDD,10,0.06628017127513885,0.9778024554252625,0.06747094541788101,0.9780501127243042,46.483759100025054,483.7160831000074
7,NSL-KDD,10,0.06346900016069412,0.9792500734329224,0.07803770154714584,0.9724840521812439,46.483759100025054,483.7160831000074
8,NSL-KDD,10,0.06148914247751236,0.9799683094024658,0.0634242370724678,0.9792171716690063,46.483759100025054,483.7160831000074
9,NSL-KDD,10,0.0686570405960083,0.9775443077087402,0.0665142685174942,0.9790375828742981,46.483759100025054,483.7160831000074
10,NSL-KDD,10,0.06519684940576553,0.9789919853210449,0.07222577929496765,0.9748181700706482,46.483759100025054,483.7160831000074
11,NSL-KDD,10,0.06737566739320755,0.977824866771698,0.0788627341389656,0.973067581653595,46.483759100025054,483.7160831000074
12,NSL-KDD,10,0.06523380428552628,0.9784757494926453,0.07325071096420288,0.9780051708221436,46.483759100025054,483.7160831000074
13,NSL-KDD,10,0.06355643272399902,0.9794745445251465,0.06942649185657501,0.9780051708221436,46.483759100025054,483.7160831000074
14,NSL-KDD,10,0.05948849394917488,0.9807538986206055,0.05803529918193817,0.9821797013282776,46.483759100025054,483.7160831000074
15,NSL-KDD,10,0.061187561601400375,0.9803947806358337,0.06521231681108475,0.9808779954910278,46.483759100025054,483.7160831000074
16,NSL-KDD,10,0.06779338419437408,0.9785318970680237,0.0705898255109787,0.9789927005767822,46.483759100025054,483.7160831000074
17,NSL-KDD,10,0.06675958633422852,0.977903425693512,0.07246137410402298,0.975760817527771,46.483759100025054,483.7160831000074
18,NSL-KDD,10,0.07064346224069595,0.976624071598053,0.07263173907995224,0.9766137003898621,46.483759100025054,483.7160831000074
19,NSL-KDD,10,0.061491504311561584,0.9796989560127258,0.06442150473594666,0.9788131713867188,46.483759100025054,483.7160831000074
20,NSL-KDD,10,0.06263912469148636,0.9798673391342163,0.06197107583284378,0.9803393483161926,46.483759100025054,483.7160831000074
21,NSL-KDD,10,0.06815920025110245,0.9775779843330383,0.07518693059682846,0.976030170917511,46.483759100025054,483.7160831000074
22,NSL-KDD,10,0.06916613131761551,0.9770280718803406,0.08081579208374023,0.9736959934234619,46.483759100025054,483.7160831000074
23,NSL-KDD,10,0.07105226814746857,0.9758160710334778,0.0735083743929863,0.9769278764724731,46.483759100025054,483.7160831000074
24,NSL-KDD,10,0.06439664959907532,0.9788909554481506,0.06305622309446335,0.9795313477516174,46.483759100025054,483.7160831000074
25,NSL-KDD,10,0.06468132883310318,0.9785094261169434,0.07376974076032639,0.9750875234603882,46.483759100025054,483.7160831000074
26,NSL-KDD,10,0.07436345517635345,0.9755691885948181,0.07260637730360031,0.9772869944572449,46.483759100025054,483.7160831000074
27,NSL-KDD,10,0.0638948306441307,0.979216456413269,0.06762845069169998,0.9780949950218201,46.483759100025054,483.7160831000074
28,NSL-KDD,10,0.07449707388877869,0.9754008650779724,0.0748385637998581,0.9763443470001221,46.483759100025054,483.7160831000074
29,NSL-KDD,10,0.06386363506317139,0.9788124561309814,0.06506852060556412,0.9792620539665222,46.483759100025054,483.7160831000074
30,NSL-KDD,10,0.06546111404895782,0.9785879850387573,0.06988470256328583,0.9771523475646973,46.483759100025054,483.7160831000074
31,NSL-KDD,10,0.06913040578365326,0.9768485426902771,0.07235509157180786,0.9758056998252869,46.483759100025054,483.7160831000074
32,NSL-KDD,10,0.0659313052892685,0.9777911901473999,0.06939868628978729,0.9782296419143677,46.483759100025054,483.7160831000074
33,NSL-KDD,10,0.06801259517669678,0.9777911901473999,0.07138566672801971,0.9768381118774414,46.483759100025054,483.7160831000074
34,NSL-KDD,10,0.07437463849782944,0.9750754237174988,0.07524585723876953,0.9734715819358826,46.483759100025054,483.7160831000074
35,NSL-KDD,10,0.06821916997432709,0.9775667786598206,0.07279513776302338,0.9766137003898621,46.483759100025054,483.7160831000074
36,NSL-KDD,10,0.06441588699817657,0.9791378974914551,0.07363174110651016,0.9783194065093994,46.483759100025054,483.7160831000074
37,NSL-KDD,10,0.06539715081453323,0.978756308555603,0.06617177277803421,0.9801148772239685,46.483759100025054,483.7160831000074
38,NSL-KDD,10,0.06597377359867096,0.9781391024589539,0.08488339185714722,0.9706885814666748,46.483759100025054,483.7160831000074
39,NSL-KDD,10,0.058615539222955704,0.9810568690299988,0.0580751895904541,0.9817757606506348,46.483759100025054,483.7160831000074
40,NSL-KDD,10,0.06884471327066422,0.977476954460144,0.09978757798671722,0.9658856391906738,46.483759100025054,483.7160831000074
41,NSL-KDD,10,0.062214214354753494,0.9795082211494446,0.06708883494138718,0.9768381118774414,46.483759100025054,483.7160831000074
42,NSL-KDD,10,0.06346628814935684,0.9792837500572205,0.06378179043531418,0.9795313477516174,46.483759100025054,483.7160831000074
43,NSL-KDD,10,0.0721450224518776,0.9768485426902771,0.07723001390695572,0.9738306999206543,46.483759100025054,483.7160831000074
44,NSL-KDD,10,0.061926595866680145,0.9802600741386414,0.06521442532539368,0.9799802303314209,46.483759100025054,483.7160831000074
45,NSL-KDD,10,0.06342670321464539,0.9800917506217957,0.06303685903549194,0.9795313477516174,46.483759100025054,483.7160831000074
46,NSL-KDD,10,0.07529459148645401,0.9745255708694458,0.07793401181697845,0.9748181700706482,46.483759100025054,483.7160831000074
47,NSL-KDD,10,0.06583046168088913,0.9784196615219116,0.06905539333820343,0.9780051708221436,46.483759100025054,483.7160831000074
48,NSL-KDD,10,0.06914611160755157,0.9774882197380066,0.07286431640386581,0.9767034649848938,46.483759100025054,483.7160831000074
49,NSL-KDD,10,0.06549398601055145,0.9784196615219116,0.06490663439035416,0.9797109365463257,46.483759100025054,483.7160831000074
50,NSL-KDD,10,0.0663292184472084,0.9778585433959961,0.06821474432945251,0.9764790534973145,46.483759100025054,483.7160831000074
51,NSL-KDD,10,0.06609546393156052,0.9785879850387573,0.06861227005720139,0.9777807593345642,46.483759100025054,483.7160831000074
52,NSL-KDD,10,0.06587596982717514,0.9787226319313049,0.06468579173088074,0.9807433485984802,46.483759100025054,483.7160831000074
53,NSL-KDD,10,0.06532176584005356,0.9787451028823853,0.06976614147424698,0.9797109365463257,46.483759100025054,483.7160831000074
54,NSL-KDD,10,0.06543844938278198,0.9788236618041992,0.07062391191720963,0.9752670526504517,46.483759100025054,483.7160831000074
55,NSL-KDD,10,0.06968767195940018,0.9770168662071228,0.06893666088581085,0.977511465549469,46.483759100025054,483.7160831000074
56,NSL-KDD,10,0.06466995179653168,0.9781839847564697,0.06657702475786209,0.9781398773193359,46.483759100025054,483.7160831000074
57,NSL-KDD,10,0.06575906276702881,0.9787675142288208,0.06658495962619781,0.9779602885246277,46.483759100025054,483.7160831000074
58,NSL-KDD,10,0.06662243604660034,0.9776677489280701,0.0662030577659607,0.9791274070739746,46.483759100025054,483.7160831000074
59,NSL-KDD,10,0.06144660711288452,0.9797551035881042,0.0657200813293457,0.9798904657363892,46.483759100025054,483.7160831000074
60,NSL-KDD,10,0.06885449588298798,0.9777351021766663,0.06734247505664825,0.977511465549469,46.483759100025054,483.7160831000074
61,NSL-KDD,10,0.07002012431621552,0.9768260717391968,0.0680481493473053,0.9769278764724731,46.483759100025054,483.7160831000074
62,NSL-KDD,10,0.06290353834629059,0.9790144562721252,0.06404983997344971,0.9803393483161926,46.483759100025054,483.7160831000074
63,NSL-KDD,10,0.06604666262865067,0.9775891900062561,0.07142080366611481,0.9758505821228027,46.483759100025054,483.7160831000074
64,NSL-KDD,10,0.06291361898183823,0.9793062210083008,0.06826472282409668,0.9790375828742981,46.483759100025054,483.7160831000074
1,UNSW-NB15,9,0.4529152512550354,0.7953976988792419,0.464430570602417,0.7943750619888306,55.44956859998638,501.4869433999993
2,UNSW-NB15,9,0.45323240756988525,0.7967481017112732,0.45412924885749817,0.7977601289749146,55.44956859998638,501.4869433999993
3,UNSW-NB15,9,0.4546283185482025,0.796487033367157,0.4521563947200775,0.798552393913269,55.44956859998638,501.4869433999993
4,UNSW-NB15,9,0.4456828236579895,0.7999712228775024,0.4375514090061188,0.804710328578949,55.44956859998638,501.4869433999993
5,UNSW-NB15,9,0.4570658504962921,0.7955327033996582,0.45644769072532654,0.7892974615097046,55.44956859998638,501.4869433999993
6,UNSW-NB15,9,0.45489823818206787,0.7957938313484192,0.4521262049674988,0.7995967268943787,55.44956859998638,501.4869433999993
7,UNSW-NB15,9,0.44940894842147827,0.7972432971000671,0.444807231426239,0.7998487949371338,55.44956859998638,501.4869433999993
8,UNSW-NB15,9,0.45224592089653015,0.7974773645401001,0.4485945701599121,0.7959955334663391,55.44956859998638,501.4869433999993
9,UNSW-NB15,9,0.45396992564201355,0.797234296798706,0.4569779634475708,0.7893694639205933,55.44956859998638,501.4869433999993
10,UNSW-NB15,9,0.44521716237068176,0.7998631596565247,0.4390697479248047,0.8027657270431519,55.44956859998638,501.4869433999993
11,UNSW-NB15,9,0.4526842534542084,0.7956227660179138,0.4453125596046448,0.7994886636734009,55.44956859998638,501.4869433999993
12,UNSW-NB15,9,0.448445588350296,0.7969822287559509,0.4469187259674072,0.7992005944252014,55.44956859998638,501.4869433999993
13,UNSW-NB15,9,0.45223087072372437,0.7982606291770935,0.4491482973098755,0.8006770610809326,55.44956859998638,501.4869433999993
14,UNSW-NB15,9,0.44783905148506165,0.7980085611343384,0.44869154691696167,0.799632728099823,55.44956859998638,501.4869433999993
15,UNSW-NB15,9,0.45017746090888977,0.7973062992095947,0.44145622849464417,0.799740731716156,55.44956859998638,501.4869433999993
16,UNSW-NB15,9,0.4591022729873657,0.7947134375572205,0.45059770345687866,0.7995967268943787,55.44956859998638,501.4869433999993
17,UNSW-NB15,9,0.4538441598415375,0.7972702980041504,0.4552685022354126,0.7959955334663391,55.44956859998638,501.4869433999993
18,UNSW-NB15,9,0.4443970024585724,0.7996290922164917,0.4500342905521393,0.8011091947555542,55.44956859998638,501.4869433999993
19,UNSW-NB15,9,0.45440366864204407,0.7959108352661133,0.4561764597892761,0.7960315942764282,55.44956859998638,501.4869433999993
20,UNSW-NB15,9,0.4469643831253052,0.7982966303825378,0.4467456638813019,0.7992005944252014,55.44956859998638,501.4869433999993
21,UNSW-NB15,9,0.44831061363220215,0.8010335564613342,0.4462002217769623,0.8047823309898376,55.44956859998638,501.4869433999993
22,UNSW-NB15,9,0.4529690146446228,0.7971352338790894,0.44646021723747253,0.7935107946395874,55.44956859998638,501.4869433999993
23,UNSW-NB15,9,0.4477502107620239,0.7979004979133606,0.4514475464820862,0.7988044619560242,55.44956859998638,501.4869433999993
24,UNSW-NB15,9,0.4497004449367523,0.7976034283638,0.44218820333480835,0.8027657270431519,55.44956859998638,501.4869433999993
25,UNSW-NB15,9,0.4491337537765503,0.7984946966171265,0.4420589506626129,0.7995246648788452,55.44956859998638,501.4869433999993
26,UNSW-NB15,9,0.45097100734710693,0.79831463098526,0.4627211391925812,0.7905218601226807,55.44956859998638,501.4869433999993
27,UNSW-NB15,9,0.4522932767868042,0.79600989818573,0.4446193277835846,0.7973639965057373,55.44956859998638,501.4869433999993
28,UNSW-NB15,9,0.450967013835907,0.796991229057312,0.47381454706192017,0.7824912667274475,55.44956859998638,501.4869433999993
29,UNSW-NB15,9,0.45516401529312134,0.7972702980041504,0.45739299058914185,0.7961035966873169,55.44956859998638,501.4869433999993
30,UNSW-NB15,9,0.4586370289325714,0.7936511039733887,0.4558395445346832,0.7958515286445618,55.44956859998638,501.4869433999993
31,UNSW-NB15,9,0.4506109654903412,0.7980355620384216,0.4421125650405884,0.802405595779419,55.44956859998638,501.4869433999993
32,UNSW-NB15,9,0.4495626986026764,0.7978464961051941,0.44788652658462524,0.7925024628639221,55.44956859998638,501.4869433999993
33,UNSW-NB15,9,0.44953277707099915,0.7985216975212097,0.44494694471359253,0.8029457330703735,55.44956859998638,501.4869433999993
34,UNSW-NB15,9,0.4490964412689209,0.7983416318893433,0.4465392529964447,0.7908459305763245,55.44956859998638,501.4869433999993
35,UNSW-NB15,9,0.4518273174762726,0.798557698726654,0.4466993808746338,0.7918902635574341,55.44956859998638,501.4869433999993
36,UNSW-NB15,9,0.4472532272338867,0.798917829990387,0.4415549635887146,0.8029817938804626,55.44956859998638,501.4869433999993
37,UNSW-NB15,9,0.4478459656238556,0.7975223660469055,0.4438013732433319,0.7998847961425781,55.44956859998638,501.4869433999993
38,UNSW-NB15,9,0.45064178109169006,0.7966850996017456,0.4604136645793915,0.7856242656707764,55.44956859998638,501.4869433999993
39,UNSW-NB15,9,0.4496597349643707,0.7985396981239319,0.4478571116924286,0.789477527141571,55.44956859998638,501.4869433999993
40,UNSW-NB15,9,0.452592670917511,0.7968831658363342,0.45470744371414185,0.7977601289749146,55.44956859998638,501.4869433999993
41,UNSW-NB15,9,0.45820435881614685,0.7931649088859558,0.4547869563102722,0.8005689978599548,55.44956859998638,501.4869433999993
42,UNSW-NB15,9,0.4491303861141205,0.798683762550354,0.4440608620643616,0.8011451959609985,55.44956859998638,501.4869433999993
43,UNSW-NB15,9,0.45122236013412476,0.7963789701461792,0.4543871581554413,0.7978681325912476,55.44956859998638,501.4869433999993
44,UNSW-NB15,9,0.44876235723495483,0.7983866930007935,0.4432292580604553,0.8039180636405945,55.44956859998638,501.4869433999993
45,UNSW-NB15,9,0.4591975212097168,0.7934980392456055,0.4588673412799835,0.7941589951515198,55.44956859998638,501.4869433999993
46,UNSW-NB15,9,0.4504166543483734,0.7964240312576294,0.44901567697525024,0.7981562614440918,55.44956859998638,501.4869433999993
47,UNSW-NB15,9,0.4561738967895508,0.7963429689407349,0.4560759663581848,0.7891893982887268,55.44956859998638,501.4869433999993
48,UNSW-NB15,9,0.45477792620658875,0.7960999011993408,0.454910546541214,0.7954193949699402,55.44956859998638,501.4869433999993
49,UNSW-NB15,9,0.44768229126930237,0.7981435656547546,0.44464173913002014,0.8020094633102417,55.44956859998638,501.4869433999993
50,UNSW-NB15,9,0.45730024576187134,0.7947044372558594,0.46187204122543335,0.7818791270256042,55.44956859998638,501.4869433999993
51,UNSW-NB15,9,0.45512574911117554,0.7953526377677917,0.4597827196121216,0.7995967268943787,55.44956859998638,501.4869433999993
52,UNSW-NB15,9,0.44971513748168945,0.7982966303825378,0.44339698553085327,0.801433265209198,55.44956859998638,501.4869433999993
53,UNSW-NB15,9,0.4487950801849365,0.7976934313774109,0.44777989387512207,0.8000288605690002,55.44956859998638,501.4869433999993
54,UNSW-NB15,9,0.4548611342906952,0.7969731688499451,0.46231693029403687,0.797940194606781,55.44956859998638,501.4869433999993
55,UNSW-NB15,9,0.4480400085449219,0.7978194952011108,0.44983381032943726,0.7897655963897705,55.44956859998638,501.4869433999993
56,UNSW-NB15,9,0.4501955807209015,0.7984856963157654,0.4648577868938446,0.7981922626495361,55.44956859998638,501.4869433999993
57,UNSW-NB15,9,0.447022944688797,0.7996110916137695,0.44912004470825195,0.795131266117096,55.44956859998638,501.4869433999993
58,UNSW-NB15,9,0.45212486386299133,0.797333300113678,0.4485851526260376,0.7958515286445618,55.44956859998638,501.4869433999993
59,UNSW-NB15,9,0.4463357925415039,0.7979905605316162,0.4399362802505493,0.8017213940620422,55.44956859998638,501.4869433999993
60,UNSW-NB15,9,0.4574468731880188,0.794902503490448,0.4549037218093872,0.7967157959938049,55.44956859998638,501.4869433999993
61,UNSW-NB15,9,0.4533778131008148,0.7981976270675659,0.4542979896068573,0.8011451959609985,55.44956859998638,501.4869433999993
62,UNSW-NB15,9,0.45059940218925476,0.797225296497345,0.4459548592567444,0.801937460899353,55.44956859998638,501.4869433999993
63,UNSW-NB15,9,0.4498112201690674,0.7981345653533936,0.4415278434753418,0.8012171983718872,55.44956859998638,501.4869433999993
64,UNSW-NB15,9,0.44867050647735596,0.7998631596565247,0.445647269487381,0.7977961301803589,55.44956859998638,501.4869433999993
1,NSL-KDD,11,0.06060784310102463,0.9804171919822693,0.06494112312793732,0.9802495837211609,46.27733750001062,530.0493457999546
2,NSL-KDD,11,0.0635531023144722,0.9791715145111084,0.06470774859189987,0.9786785244941711,46.27733750001062,530.0493457999546
3,NSL-KDD,11,0.057721592485904694,0.9811691045761108,0.06154469773173332,0.9809677600860596,46.27733750001062,530.0493457999546
4,NSL-KDD,11,0.06176261976361275,0.9799346327781677,0.0635949894785881,0.9786785244941711,46.27733750001062,530.0493457999546
5,NSL-KDD,11,0.06301990896463394,0.9797438979148865,0.06482009589672089,0.9802495837211609,46.27733750001062,530.0493457999546
6,NSL-KDD,11,0.06322502344846725,0.978913426399231,0.07761547714471817,0.9684891104698181,46.27733750001062,530.0493457999546
7,NSL-KDD,11,0.06108419597148895,0.9796877503395081,0.06255152076482773,0.9798904657363892,46.27733750001062,530.0493457999546
8,NSL-KDD,11,0.059030380100011826,0.9804733395576477,0.06102195754647255,0.9805188775062561,46.27733750001062,530.0493457999546
9,NSL-KDD,11,0.06556835770606995,0.9786104559898376,0.07292570173740387,0.977242112159729,46.27733750001062,530.0493457999546
10,NSL-KDD,11,0.06275424361228943,0.9798785448074341,0.06584443897008896,0.9795313477516174,46.27733750001062,530.0493457999546
11,NSL-KDD,11,0.06546319276094437,0.9781054258346558,0.07494016736745834,0.974279522895813,46.27733750001062,530.0493457999546
12,NSL-KDD,11,0.06291099637746811,0.9792500734329224,0.0671897605061531,0.979351818561554,46.27733750001062,530.0493457999546
13,NSL-KDD,11,0.06099926680326462,0.9800468683242798,0.06790360808372498,0.9793967008590698,46.27733750001062,530.0493457999546
14,NSL-KDD,11,0.05634700506925583,0.9816965460777283,0.06467276066541672,0.9793967008590698,46.27733750001062,530.0493457999546
15,NSL-KDD,11,0.05790015310049057,0.9810568690299988,0.10734402388334274,0.9662895798683167,46.27733750001062,530.0493457999546
16,NSL-KDD,11,0.06423010677099228,0.9794296622276306,0.06523764878511429,0.9804291129112244,46.27733750001062,530.0493457999546
17,NSL-KDD,11,0.062210094183683395,0.9795531034469604,0.06294526904821396,0.9794864654541016,46.27733750001062,530.0493457999546
18,NSL-KDD,11,0.06713010370731354,0.9776565432548523,0.07224789261817932,0.9751772880554199,46.27733750001062,530.0493457999546
19,NSL-KDD,11,0.057035837322473526,0.9818199872970581,0.0604884959757328,0.9806535243988037,46.27733750001062,530.0493457999546
20,NSL-KDD,11,0.05809237062931061,0.9814833402633667,0.05862795189023018,0.9824490547180176,46.27733750001062,530.0493457999546
21,NSL-KDD,11,0.06620629876852036,0.9781615138053894,0.0714767724275589,0.9780501127243042,46.27733750001062,530.0493457999546
22,NSL-KDD,11,0.06678732484579086,0.9779595136642456,0.06872700154781342,0.9789927005767822,46.27733750001062,530.0493457999546
23,NSL-KDD,11,0.06778058409690857,0.9777351021766663,0.06872031837701797,0.9780051708221436,46.27733750001062,530.0493457999546
24,NSL-KDD,11,0.06083155423402786,0.9801591038703918,0.06632130593061447,0.9773318767547607,46.27733750001062,530.0493457999546
25,NSL-KDD,11,0.06118892878293991,0.9796203970909119,0.06276356428861618,0.980204701423645,46.27733750001062,530.0493457999546
26,NSL-KDD,11,0.07054827362298965,0.9767251014709473,0.07155385613441467,0.9776012301445007,46.27733750001062,530.0493457999546
27,NSL-KDD,11,0.06301164627075195,0.9787226319313049,0.07424889504909515,0.975132405757904,46.27733750001062,530.0493457999546
28,NSL-KDD,11,0.07017730176448822,0.9767699837684631,0.07165608555078506,0.9762097001075745,46.27733750001062,530.0493457999546
29,NSL-KDD,11,0.05947035551071167,0.9804957509040833,0.059592388570308685,0.9801148772239685,46.27733750001062,530.0493457999546
30,NSL-KDD,11,0.0633772611618042,0.9792388677597046,0.06793238967657089,0.9774665236473083,46.27733750001062,530.0493457999546
31,NSL-KDD,11,0.06614892929792404,0.9785431027412415,0.06391189247369766,0.9796660542488098,46.27733750001062,530.0493457999546
32,NSL-KDD,11,0.06338909268379211,0.9786104559898376,0.06496775895357132,0.9799802303314209,46.27733750001062,530.0493457999546
33,NSL-KDD,11,0.0654560774564743,0.9788685441017151,0.06508073955774307,0.9785438776016235,46.27733750001062,530.0493457999546
34,NSL-KDD,11,0.07015642523765564,0.9765231013298035,0.07761820405721664,0.973067581653595,46.27733750001062,530.0493457999546
35,NSL-KDD,11,0.0650225430727005,0.9788124561309814,0.06795316189527512,0.9775563478469849,46.27733750001062,530.0493457999546
36,NSL-KDD,11,0.06129367649555206,0.9804171919822693,0.06190342456102371,0.9813717603683472,46.27733750001062,530.0493457999546
37,NSL-KDD,11,0.061662524938583374,0.9799009561538696,0.06338179856538773,0.9797109365463257,46.27733750001062,530.0493457999546
38,NSL-KDD,11,0.06372759491205215,0.9784982204437256,0.06859371811151505,0.9773318767547607,46.27733750001062,530.0493457999546
39,NSL-KDD,11,0.056732844561338425,0.9811354279518127,0.06186662241816521,0.980563759803772,46.27733750001062,530.0493457999546
40,NSL-KDD,11,0.06707216054201126,0.978094220161438,0.066597118973732,0.979351818561554,46.27733750001062,530.0493457999546
41,NSL-KDD,11,0.05981631577014923,0.9808660745620728,0.05989556387066841,0.9812371134757996,46.27733750001062,530.0493457999546
42,NSL-KDD,11,0.05942419543862343,0.980776309967041,0.06207956001162529,0.9809228777885437,46.27733750001062,530.0493457999546
43,NSL-KDD,11,0.06919403374195099,0.9783411026000977,0.06990469247102737,0.9770625829696655,46.27733750001062,530.0493457999546
44,NSL-KDD,11,0.05988049507141113,0.9807987809181213,0.060036879032850266,0.9824490547180176,46.27733750001062,530.0493457999546
45,NSL-KDD,11,0.058789853006601334,0.9812925457954407,0.06891508400440216,0.9780949950218201,46.27733750001062,530.0493457999546
46,NSL-KDD,11,0.07050515711307526,0.9759619832038879,0.07590480893850327,0.9733818173408508,46.27733750001062,530.0493457999546
47,NSL-KDD,11,0.0630163922905922,0.9798560738563538,0.06334525346755981,0.9791274070739746,46.27733750001062,530.0493457999546
48,NSL-KDD,11,0.06584079563617706,0.9784982204437256,0.06980953365564346,0.9781398773193359,46.27733750001062,530.0493457999546
49,NSL-KDD,11,0.06228983774781227,0.9795643091201782,0.06163742393255234,0.9817757606506348,46.27733750001062,530.0493457999546
50,NSL-KDD,11,0.06169643625617027,0.9799458980560303,0.06791961193084717,0.9778256416320801,46.27733750001062,530.0493457999546
51,NSL-KDD,11,0.06484992802143097,0.978644073009491,0.06844465434551239,0.9785887598991394,46.27733750001062,530.0493457999546
52,NSL-KDD,11,0.06249581649899483,0.9801703095436096,0.06255611777305603,0.979935348033905,46.27733750001062,530.0493457999546
53,NSL-KDD,11,0.06120198965072632,0.9802039861679077,0.06315209716558456,0.9804291129112244,46.27733750001062,530.0493457999546
54,NSL-KDD,11,0.062397100031375885,0.9798560738563538,0.06141841784119606,0.9816410541534424,46.27733750001062,530.0493457999546
55,NSL-KDD,11,0.06592609733343124,0.978172779083252,0.10043392330408096,0.9655265212059021,46.27733750001062,530.0493457999546
56,NSL-KDD,11,0.06425970047712326,0.9788685441017151,0.0674666240811348,0.9788580536842346,46.27733750001062,530.0493457999546
57,NSL-KDD,11,0.06435364484786987,0.9786216616630554,0.07212468236684799,0.9758056998252869,46.27733750001062,530.0493457999546
58,NSL-KDD,11,0.062133729457855225,0.9794071912765503,0.06641038507223129,0.9772869944572449,46.27733750001062,530.0493457999546
59,NSL-KDD,11,0.05919637531042099,0.980664074420929,0.058736491948366165,0.9825837016105652,46.27733750001062,530.0493457999546
60,NSL-KDD,11,0.0653296485543251,0.9784645438194275,0.06657464802265167,0.9788580536842346,46.27733750001062,530.0493457999546
61,NSL-KDD,11,0.06807388365268707,0.9774096608161926,0.07649128884077072,0.9719454050064087,46.27733750001062,530.0493457999546
62,NSL-KDD,11,0.059423357248306274,0.980664074420929,0.06336434185504913,0.9795762300491333,46.27733750001062,530.0493457999546
63,NSL-KDD,11,0.06166375055909157,0.979575514793396,0.06880363821983337,0.9794415831565857,46.27733750001062,530.0493457999546
64,NSL-KDD,11,0.05977221205830574,0.9803049564361572,0.06322555989027023,0.9813268780708313,46.27733750001062,530.0493457999546
1,UNSW-NB15,10,0.44941118359565735,0.7982696294784546,0.45018330216407776,0.7975080609321594,55.3501394999912,556.9114106000052
2,UNSW-NB15,10,0.44897040724754333,0.7980445623397827,0.44489526748657227,0.7972559332847595,55.3501394999912,556.9114106000052
3,UNSW-NB15,10,0.4516199827194214,0.7965590357780457,0.45658671855926514,0.7992725968360901,55.3501394999912,556.9114106000052
4,UNSW-NB15,10,0.4425913393497467,0.8000162243843079,0.4437524080276489,0.8016133308410645,55.3501394999912,556.9114106000052
5,UNSW-NB15,10,0.4539449214935303,0.7962439656257629,0.4491034746170044,0.7972559332847595,55.3501394999912,556.9114106000052
6,UNSW-NB15,10,0.4509880244731903,0.7984766960144043,0.45028194785118103,0.7996687293052673,55.3501394999912,556.9114106000052
7,UNSW-NB15,10,0.44588446617126465,0.7995120286941528,0.440307080745697,0.8047823309898376,55.3501394999912,556.9114106000052
8,UNSW-NB15,10,0.4481293261051178,0.7986297607421875,0.4534394145011902,0.7966797947883606,55.3501394999912,556.9114106000052
9,UNSW-NB15,10,0.45002737641334534,0.7973783612251282,0.4555811882019043,0.7884331941604614,55.3501394999912,556.9114106000052
10,UNSW-NB15,10,0.44287946820259094,0.8010695576667786,0.4350722134113312,0.8011811971664429,55.3501394999912,556.9114106000052
11,UNSW-NB15,10,0.4484196901321411,0.797972559928894,0.44641727209091187,0.797327995300293,55.3501394999912,556.9114106000052
12,UNSW-NB15,10,0.44484660029411316,0.798917829990387,0.4473041594028473,0.7979041934013367,55.3501394999912,556.9114106000052
13,UNSW-NB15,10,0.4483688473701477,0.7982786297798157,0.44782644510269165,0.795635461807251,55.3501394999912,556.9114106000052
14,UNSW-NB15,10,0.44440707564353943,0.7991699576377869,0.4519108533859253,0.7880370616912842,55.3501394999912,556.9114106000052
15,UNSW-NB15,10,0.44709840416908264,0.7979905605316162,0.44347089529037476,0.8045662641525269,55.3501394999912,556.9114106000052
16,UNSW-NB15,10,0.45381051301956177,0.7972432971000671,0.4519459307193756,0.7966077327728271,55.3501394999912,556.9114106000052
17,UNSW-NB15,10,0.4505639374256134,0.7992419600486755,0.4555262327194214,0.7972919940948486,55.3501394999912,556.9114106000052
18,UNSW-NB15,10,0.4415247142314911,0.8005383610725403,0.4429488778114319,0.8041701316833496,55.3501394999912,556.9114106000052
19,UNSW-NB15,10,0.45018887519836426,0.7975583672523499,0.4599969983100891,0.7831034660339355,55.3501394999912,556.9114106000052
20,UNSW-NB15,10,0.4429534077644348,0.7999171614646912,0.43785375356674194,0.8037739992141724,55.3501394999912,556.9114106000052
21,UNSW-NB15,10,0.44647619128227234,0.7995660901069641,0.4432179033756256,0.8034859299659729,55.3501394999912,556.9114106000052
22,UNSW-NB15,10,0.4499688744544983,0.7976124286651611,0.44123443961143494,0.8031617999076843,55.3501394999912,556.9114106000052
23,UNSW-NB15,10,0.4457334280014038,0.7995750904083252,0.440426230430603,0.8021895289421082,55.3501394999912,556.9114106000052
24,UNSW-NB15,10,0.444536030292511,0.8003402948379517,0.44299188256263733,0.801937460899353,55.3501394999912,556.9114106000052
25,UNSW-NB15,10,0.44455212354660034,0.7997641563415527,0.44132643938064575,0.8047463297843933,55.3501394999912,556.9114106000052
26,UNSW-NB15,10,0.4476524293422699,0.7996470928192139,0.4436110556125641,0.7917101979255676,55.3501394999912,556.9114106000052
27,UNSW-NB15,10,0.4458516538143158,0.7993680238723755,0.44659438729286194,0.8006049990653992,55.3501394999912,556.9114106000052
28,UNSW-NB15,10,0.44697242975234985,0.7990348935127258,0.44035080075263977,0.800713062286377,55.3501394999912,556.9114106000052
29,UNSW-NB15,10,0.4513249099254608,0.7981165647506714,0.44563624262809753,0.799020528793335,55.3501394999912,556.9114106000052
30,UNSW-NB15,10,0.4539344012737274,0.7964060306549072,0.45754438638687134,0.8010371327400208,55.3501394999912,556.9114106000052
31,UNSW-NB15,10,0.44794920086860657,0.799187958240509,0.4516504406929016,0.7903057932853699,55.3501394999912,556.9114106000052
32,UNSW-NB15,10,0.44608601927757263,0.7993860244750977,0.43839380145072937,0.7981562614440918,55.3501394999912,556.9114106000052
33,UNSW-NB15,10,0.44685661792755127,0.7993409633636475,0.45576250553131104,0.7871007323265076,55.3501394999912,556.9114106000052
34,UNSW-NB15,10,0.44607797265052795,0.7990168929100037,0.4397507309913635,0.8022615313529968,55.3501394999912,556.9114106000052
35,UNSW-NB15,10,0.448658287525177,0.7979544997215271,0.44123032689094543,0.801433265209198,55.3501394999912,556.9114106000052
36,UNSW-NB15,10,0.443594366312027,0.8002862930297852,0.441571444272995,0.803017795085907,55.3501394999912,556.9114106000052
37,UNSW-NB15,10,0.4436357915401459,0.7998451590538025,0.449761301279068,0.8022975325584412,55.3501394999912,556.9114106000052
38,UNSW-NB15,10,0.44645485281944275,0.7982606291770935,0.4420373737812042,0.7990925312042236,55.3501394999912,556.9114106000052
39,UNSW-NB15,10,0.44579941034317017,0.798917829990387,0.44674214720726013,0.7965357303619385,55.3501394999912,556.9114106000052
40,UNSW-NB15,10,0.4486672878265381,0.7987017631530762,0.4494257867336273,0.8001728653907776,55.3501394999912,556.9114106000052
41,UNSW-NB15,10,0.45370709896087646,0.7946144342422485,0.4568563997745514,0.7978321313858032,55.3501394999912,556.9114106000052
42,UNSW-NB15,10,0.4458152949810028,0.7986027598381042,0.44044527411460876,0.8048903942108154,55.3501394999912,556.9114106000052
43,UNSW-NB15,10,0.4468979835510254,0.7985396981239319,0.4417908787727356,0.7988404631614685,55.3501394999912,556.9114106000052
44,UNSW-NB15,10,0.44595399498939514,0.7998451590538025,0.44029128551483154,0.8059707283973694,55.3501394999912,556.9114106000052
45,UNSW-NB15,10,0.45540452003479004,0.7953256368637085,0.4534076452255249,0.7999207973480225,55.3501394999912,556.9114106000052
46,UNSW-NB15,10,0.44805043935775757,0.7983416318893433,0.4444393813610077,0.801433265209198,55.3501394999912,556.9114106000052
47,UNSW-NB15,10,0.4523516297340393,0.7976034283638,0.44879040122032166,0.7969318628311157,55.3501394999912,556.9114106000052
48,UNSW-NB15,10,0.44934824109077454,0.7969822287559509,0.4471399486064911,0.7922863960266113,55.3501394999912,556.9114106000052
49,UNSW-NB15,10,0.44515568017959595,0.7990978956222534,0.45494893193244934,0.7972919940948486,55.3501394999912,556.9114106000052
50,UNSW-NB15,10,0.4520171880722046,0.7971172332763672,0.4516817033290863,0.7953473329544067,55.3501394999912,556.9114106000052
51,UNSW-NB15,10,0.4513753354549408,0.7973783612251282,0.44970130920410156,0.7989484667778015,55.3501394999912,556.9114106000052
52,UNSW-NB15,10,0.44590845704078674,0.7986387610435486,0.4418849050998688,0.8049983978271484,55.3501394999912,556.9114106000052
53,UNSW-NB15,10,0.44603267312049866,0.7986567616462708,0.451855331659317,0.8030537962913513,55.3501394999912,556.9114106000052
54,UNSW-NB15,10,0.4496004581451416,0.7987828254699707,0.4531102180480957,0.7969678640365601,55.3501394999912,556.9114106000052
55,UNSW-NB15,10,0.4434807300567627,0.7993409633636475,0.44519883394241333,0.799632728099823,55.3501394999912,556.9114106000052
56,UNSW-NB15,10,0.4454120993614197,0.7993950247764587,0.4471514821052551,0.8043141961097717,55.3501394999912,556.9114106000052
57,UNSW-NB15,10,0.44435030221939087,0.7998001575469971,0.43982982635498047,0.7996687293052673,55.3501394999912,556.9114106000052
58,UNSW-NB15,10,0.44973087310791016,0.7967751026153564,0.44036948680877686,0.8006410598754883,55.3501394999912,556.9114106000052
59,UNSW-NB15,10,0.4433722496032715,0.7991518974304199,0.4463277757167816,0.8029097318649292,55.3501394999912,556.9114106000052
60,UNSW-NB15,10,0.45330801606178284,0.7959378361701965,0.4582180678844452,0.7908819317817688,55.3501394999912,556.9114106000052
61,UNSW-NB15,10,0.4483237862586975,0.7992059588432312,0.44598934054374695,0.791170060634613,55.3501394999912,556.9114106000052
62,UNSW-NB15,10,0.44712403416633606,0.7990618944168091,0.44556525349617004,0.7983002662658691,55.3501394999912,556.9114106000052
63,UNSW-NB15,10,0.44533026218414307,0.8010155558586121,0.4407869577407837,0.8015053272247314,55.3501394999912,556.9114106000052
64,UNSW-NB15,10,0.4450232982635498,0.7998361587524414,0.4522956311702728,0.8017213940620422,55.3501394999912,556.9114106000052
1,NSL-KDD,12,0.05647572502493858,0.9818423986434937,0.06246746703982353,0.9809677600860596,45.98986169998534,576.1020316999638
2,NSL-KDD,12,0.059580475091934204,0.9804396629333496,0.06148804724216461,0.9821348190307617,45.98986169998534,576.1020316999638
3,NSL-KDD,12,0.056793250143527985,0.9817975163459778,0.05486395210027695,0.9838854670524597,45.98986169998534,576.1020316999638
4,NSL-KDD,12,0.058781735599040985,0.9813935160636902,0.05967206880450249,0.981416642665863,45.98986169998534,576.1020316999638
5,NSL-KDD,12,0.06073134392499924,0.9807426333427429,0.06433713436126709,0.9801598191261292,45.98986169998534,576.1020316999638
6,NSL-KDD,12,0.060116514563560486,0.9804283976554871,0.06108804792165756,0.9810126423835754,45.98986169998534,576.1020316999638
7,NSL-KDD,12,0.058677006512880325,0.9808885455131531,0.07373852282762527,0.9760750532150269,45.98986169998534,576.1020316999638
8,NSL-KDD,12,0.05536389723420143,0.9819546341896057,0.055850401520729065,0.9820001721382141,45.98986169998534,576.1020316999638
9,NSL-KDD,12,0.06362459063529968,0.9788236618041992,0.07619394361972809,0.9749528765678406,45.98986169998534,576.1020316999638
10,NSL-KDD,12,0.059607356786727905,0.980776309967041,0.06070512905716896,0.9802495837211609,45.98986169998534,576.1020316999638
11,NSL-KDD,12,0.06203918531537056,0.9801703095436096,0.06329463422298431,0.9796660542488098,45.98986169998534,576.1020316999638
12,NSL-KDD,12,0.0607895702123642,0.9802600741386414,0.06247369945049286,0.9806535243988037,45.98986169998534,576.1020316999638
13,NSL-KDD,12,0.05825962498784065,0.9810231924057007,0.06212111935019493,0.9806984663009644,45.98986169998534,576.1020316999638
14,NSL-KDD,12,0.05393821746110916,0.9826953411102295,0.05791885033249855,0.9822245836257935,45.98986169998534,576.1020316999638
15,NSL-KDD,12,0.05568568781018257,0.982526957988739,0.05755655840039253,0.9810575246810913,45.98986169998534,576.1020316999638
16,NSL-KDD,12,0.061041176319122314,0.9804508686065674,0.062327440828084946,0.9815064072608948,45.98986169998534,576.1020316999638
17,NSL-KDD,12,0.05965793877840042,0.9810568690299988,0.06367930769920349,0.979935348033905,45.98986169998534,576.1020316999638
18,NSL-KDD,12,0.06519537419080734,0.9789246320724487,0.06365302950143814,0.979351818561554,45.98986169998534,576.1020316999638
19,NSL-KDD,12,0.05559828504920006,0.9819995164871216,0.05631238967180252,0.9824041724205017,45.98986169998534,576.1020316999638
20,NSL-KDD,12,0.05688202753663063,0.9818536639213562,0.06329098343849182,0.979935348033905,45.98986169998534,576.1020316999638
21,NSL-KDD,12,0.0628976970911026,0.9790480732917786,0.07343128323554993,0.9780051708221436,45.98986169998534,576.1020316999638
22,NSL-KDD,12,0.0647917166352272,0.9789583086967468,0.06775131821632385,0.9780051708221436,45.98986169998534,576.1020316999638
23,NSL-KDD,12,0.06565377861261368,0.9783635139465332,0.07010887563228607,0.9773318767547607,45.98986169998534,576.1020316999638
24,NSL-KDD,12,0.058364387601614,0.9805743098258972,0.05786668136715889,0.9824041724205017,45.98986169998534,576.1020316999638
25,NSL-KDD,12,0.05884281173348427,0.9808660745620728,0.06602012366056442,0.9788131713867188,45.98986169998534,576.1020316999638
26,NSL-KDD,12,0.06708433479070663,0.9781391024589539,0.07519234716892242,0.9784091711044312,45.98986169998534,576.1020316999638
27,NSL-KDD,12,0.05898415669798851,0.9806528687477112,0.06719157099723816,0.9768829941749573,45.98986169998534,576.1020316999638
28,NSL-KDD,12,0.0676712915301323,0.9775667786598206,0.06966318190097809,0.9773318767547607,45.98986169998534,576.1020316999638
29,NSL-KDD,12,0.05747087299823761,0.9809558987617493,0.05631832405924797,0.9831672310829163,45.98986169998534,576.1020316999638
30,NSL-KDD,12,0.06122869253158569,0.9803386330604553,0.07044584304094315,0.9762545824050903,45.98986169998534,576.1020316999638
31,NSL-KDD,12,0.06354069709777832,0.978913426399231,0.06867294013500214,0.9767034649848938,45.98986169998534,576.1020316999638
32,NSL-KDD,12,0.060638003051280975,0.9800805449485779,0.06074067950248718,0.9814615249633789,45.98986169998534,576.1020316999638
33,NSL-KDD,12,0.0641842633485794,0.9786553382873535,0.07007507234811783,0.9774216413497925,45.98986169998534,576.1020316999638
34,NSL-KDD,12,0.06907318532466888,0.9767587780952454,0.08447102457284927,0.972708523273468,45.98986169998534,576.1020316999638
35,NSL-KDD,12,0.06162506341934204,0.9797551035881042,0.06292036175727844,0.9793069362640381,45.98986169998534,576.1020316999638
36,NSL-KDD,12,0.057614389806985855,0.9818311929702759,0.060163963586091995,0.981147289276123,45.98986169998534,576.1020316999638
37,NSL-KDD,12,0.05940869078040123,0.9807651042938232,0.06157378852367401,0.9775563478469849,45.98986169998534,576.1020316999638
38,NSL-KDD,12,0.061853889375925064,0.9789807796478271,0.07659749686717987,0.9758056998252869,45.98986169998534,576.1020316999638
39,NSL-KDD,12,0.0535842701792717,0.9827289581298828,0.05706735700368881,0.9815961718559265,45.98986169998534,576.1020316999638
40,NSL-KDD,12,0.06319738924503326,0.9792725443840027,0.06544910371303558,0.978454053401947,45.98986169998534,576.1020316999638
41,NSL-KDD,12,0.056030843406915665,0.9818985462188721,0.05687686428427696,0.9835712313652039,45.98986169998534,576.1020316999638
42,NSL-KDD,12,0.057095006108284,0.9817975163459778,0.05957439914345741,0.9820001721382141,45.98986169998534,576.1020316999638
43,NSL-KDD,12,0.06707540899515152,0.9783074259757996,0.081682488322258,0.9726635813713074,45.98986169998534,576.1020316999638
44,NSL-KDD,12,0.0556291788816452,0.9825943112373352,0.058542605489492416,0.9819552898406982,45.98986169998534,576.1020316999638
45,NSL-KDD,12,0.05684057995676994,0.9826616644859314,0.05953540280461311,0.9822245836257935,45.98986169998534,576.1020316999638
46,NSL-KDD,12,0.06863434612751007,0.9769719839096069,0.07059355825185776,0.9772869944572449,45.98986169998534,576.1020316999638
47,NSL-KDD,12,0.06115857511758804,0.9799009561538696,0.06582088768482208,0.9795762300491333,45.98986169998534,576.1020316999638
48,NSL-KDD,12,0.06353597342967987,0.9790144562721252,0.06549438089132309,0.979621171951294,45.98986169998534,576.1020316999638
49,NSL-KDD,12,0.059862274676561356,0.9801591038703918,0.0599604956805706,0.9813717603683472,45.98986169998534,576.1020316999638
50,NSL-KDD,12,0.05879518762230873,0.9804845452308655,0.05723528191447258,0.9822245836257935,45.98986169998534,576.1020316999638
51,NSL-KDD,12,0.06213763356208801,0.9794745445251465,0.06738322973251343,0.9785887598991394,45.98986169998534,576.1020316999638
52,NSL-KDD,12,0.05992617830634117,0.9807651042938232,0.06587187200784683,0.9786785244941711,45.98986169998534,576.1020316999638
53,NSL-KDD,12,0.05713504180312157,0.981595516204834,0.05811658129096031,0.9815512895584106,45.98986169998534,576.1020316999638
54,NSL-KDD,12,0.060058530420064926,0.9805743098258972,0.06092133745551109,0.9808779954910278,45.98986169998534,576.1020316999638
55,NSL-KDD,12,0.06369075924158096,0.978913426399231,0.07146802544593811,0.9750875234603882,45.98986169998534,576.1020316999638
56,NSL-KDD,12,0.061301592737436295,0.9795418977737427,0.06055360287427902,0.9803842306137085,45.98986169998534,576.1020316999638
57,NSL-KDD,12,0.06271559745073318,0.9795531034469604,0.06127505376935005,0.9818206429481506,45.98986169998534,576.1020316999638
58,NSL-KDD,12,0.06088419631123543,0.9801927804946899,0.06718292832374573,0.9770177006721497,45.98986169998534,576.1020316999638
59,NSL-KDD,12,0.05709332972764969,0.9817414283752441,0.06029212474822998,0.9806086421012878,45.98986169998534,576.1020316999638
60,NSL-KDD,12,0.06317684054374695,0.9797551035881042,0.06456203013658524,0.9777358770370483,45.98986169998534,576.1020316999638
61,NSL-KDD,12,0.0644606351852417,0.978913426399231,0.06419242173433304,0.9780949950218201,45.98986169998534,576.1020316999638
62,NSL-KDD,12,0.05663660168647766,0.9820443987846375,0.05885661393404007,0.9815064072608948,45.98986169998534,576.1020316999638
63,NSL-KDD,12,0.05943448841571808,0.9806191921234131,0.06948819011449814,0.9784989356994629,45.98986169998534,576.1020316999638
64,NSL-KDD,12,0.05763588100671768,0.9813935160636902,0.061044175177812576,0.9820899367332458,45.98986169998534,576.1020316999638
1,UNSW-NB15,11,0.4453650414943695,0.7992059588432312,0.43812599778175354,0.8005689978599548,54.975050700013526,611.9330036999891
2,UNSW-NB15,11,0.4467849135398865,0.7979635000228882,0.4426025450229645,0.8036659955978394,54.975050700013526,611.9330036999891
3,UNSW-NB15,11,0.4474560022354126,0.7992329597473145,0.4442054033279419,0.8039900660514832,54.975050700013526,611.9330036999891
4,UNSW-NB15,11,0.4390350878238678,0.8004483580589294,0.4348079562187195,0.8050343990325928,54.975050700013526,611.9330036999891
5,UNSW-NB15,11,0.4517214596271515,0.7970722317695618,0.4437693655490875,0.8023695945739746,54.975050700013526,611.9330036999891
6,UNSW-NB15,11,0.4471440613269806,0.7986477613449097,0.44703739881515503,0.7896215319633484,54.975050700013526,611.9330036999891
7,UNSW-NB15,11,0.44078513979911804,0.8012316226959229,0.4374330937862396,0.8029817938804626,54.975050700013526,611.9330036999891
8,UNSW-NB15,11,0.4449999928474426,0.8000072240829468,0.44074952602386475,0.803737998008728,54.975050700013526,611.9330036999891
9,UNSW-NB15,11,0.44808030128479004,0.7983686923980713,0.4409150779247284,0.8028737306594849,54.975050700013526,611.9330036999891
10,UNSW-NB15,11,0.4393612742424011,0.802221953868866,0.44882333278656006,0.7963196635246277,54.975050700013526,611.9330036999891
11,UNSW-NB15,11,0.4436623156070709,0.7996470928192139,0.44578802585601807,0.7903057932853699,54.975050700013526,611.9330036999891
12,UNSW-NB15,11,0.4425264000892639,0.8002052903175354,0.4408337473869324,0.8005329966545105,54.975050700013526,611.9330036999891
13,UNSW-NB15,11,0.4445945620536804,0.7995210289955139,0.44340670108795166,0.7909179329872131,54.975050700013526,611.9330036999891
14,UNSW-NB15,11,0.4426589608192444,0.8005474209785461,0.44144973158836365,0.7936908602714539,54.975050700013526,611.9330036999891
15,UNSW-NB15,11,0.4430588483810425,0.800142228603363,0.4380177855491638,0.8040981292724609,54.975050700013526,611.9330036999891
16,UNSW-NB15,11,0.4501253366470337,0.797594428062439,0.44519227743148804,0.7956714630126953,54.975050700013526,611.9330036999891
17,UNSW-NB15,11,0.44755640625953674,0.8003943562507629,0.4445733428001404,0.803017795085907,54.975050700013526,611.9330036999891
18,UNSW-NB15,11,0.4387981593608856,0.8021048903465271,0.4406568706035614,0.7949512600898743,54.975050700013526,611.9330036999891
19,UNSW-NB15,11,0.44849127531051636,0.7977474331855774,0.44874078035354614,0.7957794666290283,54.975050700013526,611.9330036999891
20,UNSW-NB15,11,0.440881609916687,0.8009525537490845,0.4361017942428589,0.8058626651763916,54.975050700013526,611.9330036999891
21,UNSW-NB15,11,0.44180700182914734,0.8006644248962402,0.4366416931152344,0.8050343990325928,54.975050700013526,611.9330036999891
22,UNSW-NB15,11,0.44532790780067444,0.7993499636650085,0.44723308086395264,0.8033778667449951,54.975050700013526,611.9330036999891
23,UNSW-NB15,11,0.44181013107299805,0.8001782894134521,0.44166186451911926,0.7966797947883606,54.975050700013526,611.9330036999891
24,UNSW-NB15,11,0.4420284330844879,0.8005293607711792,0.4410877227783203,0.804818332195282,54.975050700013526,611.9330036999891
25,UNSW-NB15,11,0.44194555282592773,0.8008984923362732,0.4362281560897827,0.8039180636405945,54.975050700013526,611.9330036999891
26,UNSW-NB15,11,0.4448779821395874,0.8002502918243408,0.44075441360473633,0.8000648617744446,54.975050700013526,611.9330036999891
27,UNSW-NB15,11,0.4427742063999176,0.8002052903175354,0.4352542757987976,0.8036659955978394,54.975050700013526,611.9330036999891
28,UNSW-NB15,11,0.44312456250190735,0.7999171614646912,0.44434991478919983,0.7918902635574341,54.975050700013526,611.9330036999891
29,UNSW-NB15,11,0.4471202790737152,0.8004393577575684,0.45595094561576843,0.8006049990653992,54.975050700013526,611.9330036999891
30,UNSW-NB15,11,0.4504680037498474,0.7966670989990234,0.44650334119796753,0.7995606660842896,54.975050700013526,611.9330036999891
31,UNSW-NB15,11,0.4447002410888672,0.800025224685669,0.4418604373931885,0.7970759272575378,54.975050700013526,611.9330036999891
32,UNSW-NB15,11,0.44259247183799744,0.8007814884185791,0.4427642524242401,0.8007850646972656,54.975050700013526,611.9330036999891
33,UNSW-NB15,11,0.44433605670928955,0.8003493547439575,0.4501655697822571,0.7845439314842224,54.975050700013526,611.9330036999891
34,UNSW-NB15,11,0.44231823086738586,0.7999532222747803,0.435019314289093,0.8028737306594849,54.975050700013526,611.9330036999891
35,UNSW-NB15,11,0.44484344124794006,0.8002592921257019,0.45579615235328674,0.7889013290405273,54.975050700013526,611.9330036999891
36,UNSW-NB15,11,0.44086045026779175,0.8002232909202576,0.4340710937976837,0.805322527885437,54.975050700013526,611.9330036999891
37,UNSW-NB15,11,0.4411778450012207,0.8010965585708618,0.4386986494064331,0.806402862071991,54.975050700013526,611.9330036999891
38,UNSW-NB15,11,0.44439682364463806,0.7995120286941528,0.4560106694698334,0.7970398664474487,54.975050700013526,611.9330036999891
39,UNSW-NB15,11,0.4422672688961029,0.7998361587524414,0.4403420388698578,0.8015053272247314,54.975050700013526,611.9330036999891
40,UNSW-NB15,11,0.4459168016910553,0.7993319630622864,0.4393377900123596,0.8038820624351501,54.975050700013526,611.9330036999891
41,UNSW-NB15,11,0.45048296451568604,0.7969011664390564,0.45967283844947815,0.7984803318977356,54.975050700013526,611.9330036999891
42,UNSW-NB15,11,0.44369563460350037,0.800025224685669,0.4384322762489319,0.8040981292724609,54.975050700013526,611.9330036999891
43,UNSW-NB15,11,0.444560170173645,0.7989898920059204,0.4394177198410034,0.801433265209198,54.975050700013526,611.9330036999891
44,UNSW-NB15,11,0.44210371375083923,0.8002322912216187,0.43761101365089417,0.8015773296356201,54.975050700013526,611.9330036999891
45,UNSW-NB15,11,0.4515371024608612,0.7955687046051025,0.4520319998264313,0.7931866645812988,54.975050700013526,611.9330036999891
46,UNSW-NB15,11,0.44343101978302,0.7992599606513977,0.4490053355693817,0.8001008629798889,54.975050700013526,611.9330036999891
47,UNSW-NB15,11,0.44876188039779663,0.7983236312866211,0.44026994705200195,0.8018293976783752,54.975050700013526,611.9330036999891
48,UNSW-NB15,11,0.4449653625488281,0.7992419600486755,0.4416385889053345,0.7982642650604248,54.975050700013526,611.9330036999891
49,UNSW-NB15,11,0.44240981340408325,0.7998271584510803,0.4426444470882416,0.803017795085907,54.975050700013526,611.9330036999891
50,UNSW-NB15,11,0.44748690724372864,0.798071563243866,0.4423249363899231,0.7995967268943787,54.975050700013526,611.9330036999891
51,UNSW-NB15,11,0.4472487270832062,0.7987017631530762,0.44720458984375,0.7996687293052673,54.975050700013526,611.9330036999891
52,UNSW-NB15,11,0.4431215524673462,0.8005383610725403,0.45021259784698486,0.7965717315673828,54.975050700013526,611.9330036999891
53,UNSW-NB15,11,0.4428425431251526,0.8003583550453186,0.4423346519470215,0.8023335933685303,54.975050700013526,611.9330036999891
54,UNSW-NB15,11,0.44539278745651245,0.7993950247764587,0.4417797029018402,0.7946991324424744,54.975050700013526,611.9330036999891
55,UNSW-NB15,11,0.440641850233078,0.7996380925178528,0.4368160665035248,0.8043141961097717,54.975050700013526,611.9330036999891
56,UNSW-NB15,11,0.44195133447647095,0.8001872897148132,0.44942882657051086,0.7993445992469788,54.975050700013526,611.9330036999891
57,UNSW-NB15,11,0.4402233064174652,0.8018348217010498,0.43994709849357605,0.7987323999404907,54.975050700013526,611.9330036999891
58,UNSW-NB15,11,0.445050984621048,0.7992239594459534,0.44323694705963135,0.7961035966873169,54.975050700013526,611.9330036999891
59,UNSW-NB15,11,0.43965715169906616,0.8015737533569336,0.43771570920944214,0.8021535277366638,54.975050700013526,611.9330036999891
60,UNSW-NB15,11,0.4502291977405548,0.7979905605316162,0.453908234834671,0.7963916659355164,54.975050700013526,611.9330036999891
61,UNSW-NB15,11,0.44483309984207153,0.8010875582695007,0.44611242413520813,0.799128532409668,54.975050700013526,611.9330036999891
62,UNSW-NB15,11,0.44385626912117004,0.7987918257713318,0.4450817108154297,0.8001368641853333,54.975050700013526,611.9330036999891
63,UNSW-NB15,11,0.4440990388393402,0.801114559173584,0.4405845105648041,0.8008931279182434,54.975050700013526,611.9330036999891
64,UNSW-NB15,11,0.4422767758369446,0.8014296889305115,0.4395243227481842,0.8027296662330627,54.975050700013526,611.9330036999891
1,NSL-KDD,13,0.05478467419743538,0.9824820756912231,0.06216277554631233,0.979935348033905,45.89184779999778,622.0549711000058
2,NSL-KDD,13,0.05731689929962158,0.9810905456542969,0.059112243354320526,0.9808779954910278,45.89184779999778,622.0549711000058
3,NSL-KDD,13,0.0543489083647728,0.9825718402862549,0.05756658315658569,0.9827632308006287,45.89184779999778,622.0549711000058
4,NSL-KDD,13,0.05586986988782883,0.9816291928291321,0.05921199172735214,0.9813717603683472,45.89184779999778,622.0549711000058
5,NSL-KDD,13,0.05802507698535919,0.9815394282341003,0.08745835721492767,0.9732022285461426,45.89184779999778,622.0549711000058
6,NSL-KDD,13,0.05727162957191467,0.9817414283752441,0.06039147451519966,0.9815064072608948,45.89184779999778,622.0549711000058
7,NSL-KDD,13,0.05534898862242699,0.9821566343307495,0.06218855082988739,0.9776909947395325,45.89184779999778,622.0549711000058
8,NSL-KDD,13,0.05340633541345596,0.982987105846405,0.06507982313632965,0.9780051708221436,45.89184779999778,622.0549711000058
9,NSL-KDD,13,0.06219843775033951,0.9792949557304382,0.07110115885734558,0.9774216413497925,45.89184779999778,622.0549711000058
10,NSL-KDD,13,0.05681430548429489,0.9818873405456543,0.05906200781464577,0.9801598191261292,45.89184779999778,622.0549711000058
11,NSL-KDD,13,0.05983303114771843,0.980585515499115,0.06106528267264366,0.9816410541534424,45.89184779999778,622.0549711000058
12,NSL-KDD,13,0.05861249193549156,0.9807426333427429,0.06462837755680084,0.978454053401947,45.89184779999778,622.0549711000058
13,NSL-KDD,13,0.05560092628002167,0.9818536639213562,0.06288348883390427,0.9785887598991394,45.89184779999778,622.0549711000058
14,NSL-KDD,13,0.053485795855522156,0.9825157523155212,0.05912946164608002,0.9819104075431824,45.89184779999778,622.0549711000058
15,NSL-KDD,13,0.05322845280170441,0.9833798408508301,0.058349352329969406,0.9822245836257935,45.89184779999778,622.0549711000058
16,NSL-KDD,13,0.05795682594180107,0.981707751750946,0.0621112696826458,0.9821797013282776,45.89184779999778,622.0549711000058
17,NSL-KDD,13,0.058080412447452545,0.9815057516098022,0.06403864175081253,0.9803842306137085,45.89184779999778,622.0549711000058
18,NSL-KDD,13,0.0626988485455513,0.9794633388519287,0.06966480612754822,0.977511465549469,45.89184779999778,622.0549711000058
19,NSL-KDD,13,0.053127359598875046,0.9831105470657349,0.05699707567691803,0.9824041724205017,45.89184779999778,622.0549711000058
20,NSL-KDD,13,0.053755950182676315,0.9829758405685425,0.05673221871256828,0.9828081727027893,45.89184779999778,622.0549711000058
21,NSL-KDD,13,0.05977742373943329,0.9803162217140198,0.0716005191206932,0.9758056998252869,45.89184779999778,622.0549711000058
22,NSL-KDD,13,0.06348393857479095,0.9789246320724487,0.06363535672426224,0.9799802303314209,45.89184779999778,622.0549711000058
23,NSL-KDD,13,0.06260524690151215,0.97965407371521,0.07579059153795242,0.9748181700706482,45.89184779999778,622.0549711000058
24,NSL-KDD,13,0.05581733584403992,0.9814496636390686,0.05972497910261154,0.9806535243988037,45.89184779999778,622.0549711000058
25,NSL-KDD,13,0.057361993938684464,0.9810343980789185,0.06170088052749634,0.9782296419143677,45.89184779999778,622.0549711000058
26,NSL-KDD,13,0.0639970600605011,0.9792388677597046,0.0675845667719841,0.978454053401947,45.89184779999778,622.0549711000058
27,NSL-KDD,13,0.05487746000289917,0.9820893406867981,0.0590837299823761,0.9812371134757996,45.89184779999778,622.0549711000058
28,NSL-KDD,13,0.06558124721050262,0.9785094261169434,0.06421507149934769,0.9796660542488098,45.89184779999778,622.0549711000058
29,NSL-KDD,13,0.053916048258543015,0.982526957988739,0.05578635260462761,0.982897937297821,45.89184779999778,622.0549711000058
30,NSL-KDD,13,0.05793397128582001,0.9812700748443604,0.05909903347492218,0.9817757606506348,45.89184779999778,622.0549711000058
31,NSL-KDD,13,0.06186211109161377,0.9797326326370239,0.06954348832368851,0.9765688180923462,45.89184779999778,622.0549711000058
32,NSL-KDD,13,0.05810268223285675,0.9812027812004089,0.06639637798070908,0.9782745242118835,45.89184779999778,622.0549711000058
33,NSL-KDD,13,0.06147688627243042,0.9797438979148865,0.06052277982234955,0.9811024069786072,45.89184779999778,622.0549711000058
34,NSL-KDD,13,0.0657590925693512,0.9779371023178101,0.07325006276369095,0.9753119349479675,45.89184779999778,622.0549711000058
35,NSL-KDD,13,0.059301022440195084,0.9808099865913391,0.060318537056446075,0.9816859364509583,45.89184779999778,622.0549711000058
36,NSL-KDD,13,0.05571533367037773,0.9823025465011597,0.06252593547105789,0.9809228777885437,45.89184779999778,622.0549711000058
37,NSL-KDD,13,0.057619236409664154,0.9808885455131531,0.0573149137198925,0.9823592901229858,45.89184779999778,622.0549711000058
38,NSL-KDD,13,0.059825681149959564,0.9798223972320557,0.06456542760133743,0.9783642888069153,45.89184779999778,622.0549711000058
39,NSL-KDD,13,0.05162891373038292,0.9832563996315002,0.05908786505460739,0.9811024069786072,45.89184779999778,622.0549711000058
40,NSL-KDD,13,0.06101709231734276,0.9794745445251465,0.06853894889354706,0.9791722893714905,45.89184779999778,622.0549711000058
41,NSL-KDD,13,0.0528571754693985,0.9831666350364685,0.05516819283366203,0.9824490547180176,45.89184779999778,622.0549711000058
42,NSL-KDD,13,0.0555163249373436,0.9823474287986755,0.05585503578186035,0.9830325841903687,45.89184779999778,622.0549711000058
43,NSL-KDD,13,0.06452641636133194,0.9795418977737427,0.08298485726118088,0.9705089926719666,45.89184779999778,622.0549711000058
44,NSL-KDD,13,0.05496545135974884,0.9825157523155212,0.05940575897693634,0.9822695255279541,45.89184779999778,622.0549711000058
45,NSL-KDD,13,0.05448590964078903,0.9823249578475952,0.05739782005548477,0.9822695255279541,45.89184779999778,622.0549711000058
46,NSL-KDD,13,0.0653684139251709,0.9783298969268799,0.06595654785633087,0.9792620539665222,45.89184779999778,622.0549711000058
47,NSL-KDD,13,0.05892892926931381,0.9810343980789185,0.061789266765117645,0.9795313477516174,45.89184779999778,622.0549711000058
48,NSL-KDD,13,0.062364716082811356,0.9797102212905884,0.0712471529841423,0.9773767590522766,45.89184779999778,622.0549711000058
49,NSL-KDD,13,0.0561303086578846,0.981674075126648,0.0595150850713253,0.9821348190307617,45.89184779999778,622.0549711000058
50,NSL-KDD,13,0.056428562849760056,0.9814047813415527,0.059160009026527405,0.9814615249633789,45.89184779999778,622.0549711000058
51,NSL-KDD,13,0.06041726842522621,0.9805182218551636,0.07190962880849838,0.9764790534973145,45.89184779999778,622.0549711000058
52,NSL-KDD,13,0.05781334266066551,0.9814047813415527,0.05932355672121048,0.9803393483161926,45.89184779999778,622.0549711000058
53,NSL-KDD,13,0.05402669683098793,0.9827289581298828,0.05359254404902458,0.9843791723251343,45.89184779999778,622.0549711000058
54,NSL-KDD,13,0.05848066508769989,0.9810680747032166,0.06579434871673584,0.9786785244941711,45.89184779999778,622.0549711000058
55,NSL-KDD,13,0.06124601885676384,0.97965407371521,0.06347986310720444,0.9793967008590698,45.89184779999778,622.0549711000058
56,NSL-KDD,13,0.05870463326573372,0.9805182218551636,0.08160681277513504,0.9731573462486267,45.89184779999778,622.0549711000058
57,NSL-KDD,13,0.059388380497694016,0.9803723096847534,0.06328045576810837,0.9795313477516174,45.89184779999778,622.0549711000058
58,NSL-KDD,13,0.058136120438575745,0.980664074420929,0.05757332965731621,0.9822245836257935,45.89184779999778,622.0549711000058
59,NSL-KDD,13,0.05438999459147453,0.9823811054229736,0.057018499821424484,0.98204505443573,45.89184779999778,622.0549711000058
60,NSL-KDD,13,0.060031309723854065,0.9802151918411255,0.0661165714263916,0.9790825247764587,45.89184779999778,622.0549711000058
61,NSL-KDD,13,0.062334250658750534,0.9791378974914551,0.06412903219461441,0.9778256416320801,45.89184779999778,622.0549711000058
62,NSL-KDD,13,0.05480973795056343,0.9824708700180054,0.05591320991516113,0.982628583908081,45.89184779999778,622.0549711000058
63,NSL-KDD,13,0.056807827204465866,0.9815282225608826,0.06410811841487885,0.9792620539665222,45.89184779999778,622.0549711000058
64,NSL-KDD,13,0.05436204373836517,0.9826503992080688,0.06089232489466667,0.9806984663009644,45.89184779999778,622.0549711000058
1,UNSW-NB15,12,0.443108469247818,0.8011055588722229,0.44671446084976196,0.8010011315345764,53.25256679998711,665.2455461999634
2,UNSW-NB15,12,0.4436037540435791,0.7990888953208923,0.4352833032608032,0.8054665327072144,53.25256679998711,665.2455461999634
3,UNSW-NB15,12,0.4443516731262207,0.8000522255897522,0.4612990617752075,0.7983363270759583,53.25256679998711,665.2455461999634
4,UNSW-NB15,12,0.43567052483558655,0.8023390173912048,0.44277721643447876,0.8047463297843933,53.25256679998711,665.2455461999634
5,UNSW-NB15,12,0.4486706554889679,0.797945499420166,0.45497748255729675,0.7964277267456055,53.25256679998711,665.2455461999634
6,UNSW-NB15,12,0.44544777274131775,0.7991248965263367,0.4418083429336548,0.7926104664802551,53.25256679998711,665.2455461999634
7,UNSW-NB15,12,0.4390594959259033,0.8025010228157043,0.44152024388313293,0.796355664730072,53.25256679998711,665.2455461999634
8,UNSW-NB15,12,0.4416871666908264,0.8009074926376343,0.43709102272987366,0.8018293976783752,53.25256679998711,665.2455461999634
9,UNSW-NB15,12,0.444572389125824,0.7995210289955139,0.4422895312309265,0.7965717315673828,53.25256679998711,665.2455461999634
10,UNSW-NB15,12,0.43761274218559265,0.8012316226959229,0.4342368245124817,0.805934727191925,53.25256679998711,665.2455461999634
11,UNSW-NB15,12,0.44112735986709595,0.7994940280914307,0.43740302324295044,0.8022975325584412,53.25256679998711,665.2455461999634
12,UNSW-NB15,12,0.4392099678516388,0.8017087578773499,0.440132737159729,0.7999927997589111,53.25256679998711,665.2455461999634
13,UNSW-NB15,12,0.44327184557914734,0.7991068959236145,0.4419875741004944,0.8063668608665466,53.25256679998711,665.2455461999634
14,UNSW-NB15,12,0.44075721502304077,0.8005834221839905,0.4432077705860138,0.8029817938804626,53.25256679998711,665.2455461999634
15,UNSW-NB15,12,0.44054386019706726,0.801249623298645,0.44713959097862244,0.7859123945236206,53.25256679998711,665.2455461999634
16,UNSW-NB15,12,0.4474388062953949,0.7993139624595642,0.4467605948448181,0.7910979986190796,53.25256679998711,665.2455461999634
17,UNSW-NB15,12,0.4441850781440735,0.8007184267044067,0.44228804111480713,0.8018653988838196,53.25256679998711,665.2455461999634
18,UNSW-NB15,12,0.4361441433429718,0.8035814166069031,0.43408283591270447,0.8049983978271484,53.25256679998711,665.2455461999634
19,UNSW-NB15,12,0.4441855847835541,0.7995390295982361,0.443263441324234,0.7899096608161926,53.25256679998711,665.2455461999634
20,UNSW-NB15,12,0.43707889318466187,0.802221953868866,0.4324130415916443,0.8053945302963257,53.25256679998711,665.2455461999634
21,UNSW-NB15,12,0.43888968229293823,0.8010965585708618,0.43776220083236694,0.8035579323768616,53.25256679998711,665.2455461999634
22,UNSW-NB15,12,0.4421049952507019,0.8014116883277893,0.44343677163124084,0.8009291291236877,53.25256679998711,665.2455461999634
23,UNSW-NB15,12,0.4405457377433777,0.8007184267044067,0.44213607907295227,0.8038460612297058,53.25256679998711,665.2455461999634
24,UNSW-NB15,12,0.4394036829471588,0.8020868897438049,0.43574464321136475,0.8046743273735046,53.25256679998711,665.2455461999634
25,UNSW-NB15,12,0.4385356605052948,0.8017808198928833,0.43370485305786133,0.8086715936660767,53.25256679998711,665.2455461999634
26,UNSW-NB15,12,0.4409042298793793,0.800637423992157,0.44007599353790283,0.8063668608665466,53.25256679998711,665.2455461999634
27,UNSW-NB15,12,0.4394610822200775,0.8018168210983276,0.4458949863910675,0.7883251309394836,53.25256679998711,665.2455461999634
28,UNSW-NB15,12,0.4402877986431122,0.8008444905281067,0.44155797362327576,0.8049623966217041,53.25256679998711,665.2455461999634
29,UNSW-NB15,12,0.44556695222854614,0.8004393577575684,0.44185954332351685,0.8039180636405945,53.25256679998711,665.2455461999634
30,UNSW-NB15,12,0.44867634773254395,0.797972559928894,0.45210713148117065,0.7898736000061035,53.25256679998711,665.2455461999634
31,UNSW-NB15,12,0.441684752702713,0.8020418882369995,0.43758174777030945,0.8033778667449951,53.25256679998711,665.2455461999634
32,UNSW-NB15,12,0.4393749237060547,0.8014926910400391,0.439188688993454,0.7970398664474487,53.25256679998711,665.2455461999634
33,UNSW-NB15,12,0.4420011639595032,0.799530029296875,0.4425767660140991,0.799740731716156,53.25256679998711,665.2455461999634
34,UNSW-NB15,12,0.4389859139919281,0.8015106916427612,0.43713876605033875,0.8061867952346802,53.25256679998711,665.2455461999634
35,UNSW-NB15,12,0.4417663812637329,0.8010875582695007,0.448629230260849,0.7924304604530334,53.25256679998711,665.2455461999634
36,UNSW-NB15,12,0.4378407597541809,0.8013396859169006,0.43757355213165283,0.8046022653579712,53.25256679998711,665.2455461999634
37,UNSW-NB15,12,0.4383934736251831,0.802230954170227,0.4324403703212738,0.8061147332191467,53.25256679998711,665.2455461999634
38,UNSW-NB15,12,0.4400794506072998,0.8002952933311462,0.4517025053501129,0.7967157959938049,53.25256679998711,665.2455461999634
39,UNSW-NB15,12,0.4402875602245331,0.8016367554664612,0.43650808930397034,0.8011451959609985,53.25256679998711,665.2455461999634
40,UNSW-NB15,12,0.4422749876976013,0.7999441623687744,0.43778109550476074,0.804710328578949,53.25256679998711,665.2455461999634
41,UNSW-NB15,12,0.4463804066181183,0.7974503636360168,0.4466002285480499,0.8022615313529968,53.25256679998711,665.2455461999634
42,UNSW-NB15,12,0.4401842951774597,0.8009435534477234,0.4444197714328766,0.7982642650604248,53.25256679998711,665.2455461999634
43,UNSW-NB15,12,0.43984442949295044,0.802600085735321,0.43742087483406067,0.7972199320793152,53.25256679998711,665.2455461999634
44,UNSW-NB15,12,0.4395049214363098,0.801249623298645,0.43499088287353516,0.8019014000892639,53.25256679998711,665.2455461999634
45,UNSW-NB15,12,0.44796231389045715,0.7976304292678833,0.4427800476551056,0.8027657270431519,53.25256679998711,665.2455461999634
46,UNSW-NB15,12,0.44268566370010376,0.8006284236907959,0.4388052821159363,0.8040621280670166,53.25256679998711,665.2455461999634
47,UNSW-NB15,12,0.44662511348724365,0.79844069480896,0.4371296763420105,0.8014692664146423,53.25256679998711,665.2455461999634
48,UNSW-NB15,12,0.4434491991996765,0.798809826374054,0.4421752989292145,0.7992005944252014,53.25256679998711,665.2455461999634
49,UNSW-NB15,12,0.4397711753845215,0.8017898201942444,0.44471168518066406,0.7973639965057373,53.25256679998711,665.2455461999634
50,UNSW-NB15,12,0.445361465215683,0.7991609573364258,0.43980351090431213,0.802513599395752,53.25256679998711,665.2455461999634
51,UNSW-NB15,12,0.44461020827293396,0.7991068959236145,0.44355443120002747,0.8004609942436218,53.25256679998711,665.2455461999634
52,UNSW-NB15,12,0.44005098938941956,0.8020238876342773,0.43692120909690857,0.8055385947227478,53.25256679998711,665.2455461999634
53,UNSW-NB15,12,0.4404356777667999,0.8003042936325073,0.4363934099674225,0.8042781949043274,53.25256679998711,665.2455461999634
54,UNSW-NB15,12,0.4424520432949066,0.799286961555481,0.4373966157436371,0.8021895289421082,53.25256679998711,665.2455461999634
55,UNSW-NB15,12,0.438351035118103,0.8004393577575684,0.4412401616573334,0.8013972640037537,53.25256679998711,665.2455461999634
56,UNSW-NB15,12,0.4400157034397125,0.801006555557251,0.44304633140563965,0.8004609942436218,53.25256679998711,665.2455461999634
57,UNSW-NB15,12,0.4387780725955963,0.8014926910400391,0.43414509296417236,0.8060427308082581,53.25256679998711,665.2455461999634
58,UNSW-NB15,12,0.4422541558742523,0.7998721599578857,0.4429636597633362,0.8000288605690002,53.25256679998711,665.2455461999634
59,UNSW-NB15,12,0.4381994307041168,0.8014206886291504,0.43705934286117554,0.806402862071991,53.25256679998711,665.2455461999634
60,UNSW-NB15,12,0.4477143883705139,0.7991068959236145,0.44041454792022705,0.80312579870224,53.25256679998711,665.2455461999634
61,UNSW-NB15,12,0.4436914622783661,0.8002142906188965,0.45088186860084534,0.7967157959938049,53.25256679998711,665.2455461999634
62,UNSW-NB15,12,0.44107547402381897,0.8005383610725403,0.43733683228492737,0.803737998008728,53.25256679998711,665.2455461999634
63,UNSW-NB15,12,0.44084712862968445,0.803068220615387,0.44289982318878174,0.8010371327400208,53.25256679998711,665.2455461999634
64,UNSW-NB15,12,0.43864622712135315,0.8017808198928833,0.4368967115879059,0.8013972640037537,53.25256679998711,665.2455461999634
1,NSL-KDD,14,0.0540681928396225,0.9827402234077454,0.05729805678129196,0.9812371134757996,45.9211115000071,668.0214225999662
2,NSL-KDD,14,0.05439714342355728,0.9828187823295593,0.06334453076124191,0.978454053401947,45.9211115000071,668.0214225999662
3,NSL-KDD,14,0.05113394930958748,0.9837389588356018,0.05493811145424843,0.9836609959602356,45.9211115000071,668.0214225999662
4,NSL-KDD,14,0.05484212189912796,0.9823586344718933,0.056564051657915115,0.9820001721382141,45.9211115000071,668.0214225999662
5,NSL-KDD,14,0.056200623512268066,0.9828636646270752,0.055975787341594696,0.9833917021751404,45.9211115000071,668.0214225999662
6,NSL-KDD,14,0.0550030879676342,0.9818873405456543,0.06173115596175194,0.9815961718559265,45.9211115000071,668.0214225999662
7,NSL-KDD,14,0.05274081602692604,0.982987105846405,0.06005767360329628,0.9823592901229858,45.9211115000071,668.0214225999662
8,NSL-KDD,14,0.05054830387234688,0.9834135174751282,0.057017982006073,0.9819552898406982,45.9211115000071,668.0214225999662
9,NSL-KDD,14,0.06038173288106918,0.9803498983383179,0.06571134179830551,0.9790375828742981,45.9211115000071,668.0214225999662
10,NSL-KDD,14,0.05404350906610489,0.9826167821884155,0.055311642587184906,0.9833468198776245,45.9211115000071,668.0214225999662
11,NSL-KDD,14,0.056921593844890594,0.9824147820472717,0.06042282655835152,0.9818206429481506,45.9211115000071,668.0214225999662
12,NSL-KDD,14,0.056200962513685226,0.9818423986434937,0.06252076476812363,0.9798455834388733,45.9211115000071,668.0214225999662
13,NSL-KDD,14,0.05302537605166435,0.9831105470657349,0.05902862921357155,0.9802495837211609,45.9211115000071,668.0214225999662
14,NSL-KDD,14,0.05128968134522438,0.983458399772644,0.06288734078407288,0.9788580536842346,45.9211115000071,668.0214225999662
15,NSL-KDD,14,0.05202515050768852,0.9833237528800964,0.05713614821434021,0.982628583908081,45.9211115000071,668.0214225999662
16,NSL-KDD,14,0.05645021051168442,0.9820107817649841,0.05591752752661705,0.9834814667701721,45.9211115000071,668.0214225999662
17,NSL-KDD,14,0.055807676166296005,0.9820668697357178,0.05990607291460037,0.981147289276123,45.9211115000071,668.0214225999662
18,NSL-KDD,14,0.06059722602367401,0.9803947806358337,0.0701354518532753,0.9760750532150269,45.9211115000071,668.0214225999662
19,NSL-KDD,14,0.050268471240997314,0.9842888712882996,0.05993570014834404,0.9810575246810913,45.9211115000071,668.0214225999662
20,NSL-KDD,14,0.05425380915403366,0.9823923110961914,0.05547737330198288,0.9829877018928528,45.9211115000071,668.0214225999662
21,NSL-KDD,14,0.05797860398888588,0.981438398361206,0.06277676671743393,0.9797109365463257,45.9211115000071,668.0214225999662
22,NSL-KDD,14,0.0603889599442482,0.9802039861679077,0.06358861178159714,0.9791274070739746,45.9211115000071,668.0214225999662
23,NSL-KDD,14,0.060622185468673706,0.9797775149345398,0.07474780082702637,0.9773318767547607,45.9211115000071,668.0214225999662
24,NSL-KDD,14,0.05439482256770134,0.9817302227020264,0.05288491025567055,0.983256995677948,45.9211115000071,668.0214225999662
25,NSL-KDD,14,0.05431828647851944,0.9824035167694092,0.05937998369336128,0.9802944660186768,45.9211115000071,668.0214225999662
26,NSL-KDD,14,0.06149518862366676,0.9800243973731995,0.0642990693449974,0.9796660542488098,45.9211115000071,668.0214225999662
27,NSL-KDD,14,0.053270574659109116,0.982874870300293,0.057383473962545395,0.9810126423835754,45.9211115000071,668.0214225999662
28,NSL-KDD,14,0.0629153847694397,0.9796428680419922,0.06643702834844589,0.9780949950218201,45.9211115000071,668.0214225999662
29,NSL-KDD,14,0.052122700959444046,0.9835931062698364,0.05576008930802345,0.9824490547180176,45.9211115000071,668.0214225999662
30,NSL-KDD,14,0.05672864615917206,0.9814159870147705,0.06632807850837708,0.9786785244941711,45.9211115000071,668.0214225999662
31,NSL-KDD,14,0.05934048444032669,0.9799907803535461,0.06445581465959549,0.9776461124420166,45.9211115000071,668.0214225999662
32,NSL-KDD,14,0.05561041086912155,0.9817302227020264,0.06406159698963165,0.9802944660186768,45.9211115000071,668.0214225999662
33,NSL-KDD,14,0.06020583212375641,0.9805518984794617,0.059541746973991394,0.9809228777885437,45.9211115000071,668.0214225999662
34,NSL-KDD,14,0.06345086544752121,0.9793623089790344,0.06521919369697571,0.9788580536842346,45.9211115000071,668.0214225999662
35,NSL-KDD,14,0.05605102330446243,0.9821229577064514,0.06694972515106201,0.9791722893714905,45.9211115000071,668.0214225999662
36,NSL-KDD,14,0.053500089794397354,0.9829983115196228,0.061199408024549484,0.9806984663009644,45.9211115000071,668.0214225999662
37,NSL-KDD,14,0.055195532739162445,0.9816403985023499,0.05834338068962097,0.9811921715736389,45.9211115000071,668.0214225999662
38,NSL-KDD,14,0.05702463164925575,0.980854868888855,0.06966192275285721,0.978454053401947,45.9211115000071,668.0214225999662
39,NSL-KDD,14,0.04998829960823059,0.9836828708648682,0.0627376064658165,0.9810575246810913,45.9211115000071,668.0214225999662
40,NSL-KDD,14,0.05907754227519035,0.980967104434967,0.0649934932589531,0.9793069362640381,45.9211115000071,668.0214225999662
41,NSL-KDD,14,0.05170445144176483,0.9834471940994263,0.05448110029101372,0.9826734662055969,45.9211115000071,668.0214225999662
42,NSL-KDD,14,0.05429796501994133,0.9826840758323669,0.05797341465950012,0.9810126423835754,45.9211115000071,668.0214225999662
43,NSL-KDD,14,0.06152983382344246,0.9802825450897217,0.06281916797161102,0.9798007011413574,45.9211115000071,668.0214225999662
44,NSL-KDD,14,0.05297289416193962,0.983144223690033,0.056245237588882446,0.9830325841903687,45.9211115000071,668.0214225999662
45,NSL-KDD,14,0.053594768047332764,0.9828187823295593,0.05577152967453003,0.9829428195953369,45.9211115000071,668.0214225999662
46,NSL-KDD,14,0.06254863739013672,0.979182779788971,0.06462733447551727,0.9794864654541016,45.9211115000071,668.0214225999662
47,NSL-KDD,14,0.057286761701107025,0.981595516204834,0.05940142646431923,0.9803842306137085,45.9211115000071,668.0214225999662
48,NSL-KDD,14,0.05921892076730728,0.9810568690299988,0.06974531710147858,0.9780949950218201,45.9211115000071,668.0214225999662
49,NSL-KDD,14,0.05415130406618118,0.9825382232666016,0.055388759821653366,0.9819552898406982,45.9211115000071,668.0214225999662
50,NSL-KDD,14,0.05550488829612732,0.98178631067276,0.0623624213039875,0.980204701423645,45.9211115000071,668.0214225999662
51,NSL-KDD,14,0.05908815935254097,0.9809222221374512,0.06462252885103226,0.9786785244941711,45.9211115000071,668.0214225999662
52,NSL-KDD,14,0.05436127632856369,0.9829983115196228,0.05911548435688019,0.9813717603683472,45.9211115000071,668.0214225999662
53,NSL-KDD,14,0.051660578697919846,0.9830319881439209,0.060522135347127914,0.982628583908081,45.9211115000071,668.0214225999662
54,NSL-KDD,14,0.05608048290014267,0.9820668697357178,0.05878104269504547,0.98204505443573,45.9211115000071,668.0214225999662
55,NSL-KDD,14,0.05949585512280464,0.9804845452308655,0.06640246510505676,0.9779154062271118,45.9211115000071,668.0214225999662
56,NSL-KDD,14,0.05801960825920105,0.9808099865913391,0.0595562569797039,0.9820899367332458,45.9211115000071,668.0214225999662
57,NSL-KDD,14,0.05837499722838402,0.9807089567184448,0.06329604983329773,0.9795313477516174,45.9211115000071,668.0214225999662
58,NSL-KDD,14,0.05593553185462952,0.9821005463600159,0.06248587742447853,0.9797558188438416,45.9211115000071,668.0214225999662
59,NSL-KDD,14,0.05343509092926979,0.9826391935348511,0.057529423385858536,0.9816410541534424,45.9211115000071,668.0214225999662
60,NSL-KDD,14,0.05745721980929375,0.9814945459365845,0.06547265499830246,0.9769728183746338,45.9211115000071,668.0214225999662
61,NSL-KDD,14,0.06123903766274452,0.979575514793396,0.06386841833591461,0.9779602885246277,45.9211115000071,668.0214225999662
62,NSL-KDD,14,0.0521465428173542,0.9833798408508301,0.057340532541275024,0.9821797013282776,45.9211115000071,668.0214225999662
63,NSL-KDD,14,0.055125750601291656,0.9817189574241638,0.05716067925095558,0.9831672310829163,45.9211115000071,668.0214225999662
64,NSL-KDD,14,0.05316177010536194,0.982874870300293,0.05616534501314163,0.9822695255279541,45.9211115000071,668.0214225999662
1,UNSW-NB15,13,0.4404803514480591,0.8012226223945618,0.43243131041526794,0.8050343990325928,50.75709869997809,716.0984412999824
2,UNSW-NB15,13,0.4406179189682007,0.8007364273071289,0.4408220946788788,0.7976160645484924,50.75709869997809,716.0984412999824
3,UNSW-NB15,13,0.44165217876434326,0.801141619682312,0.45058906078338623,0.7993806600570679,50.75709869997809,716.0984412999824
4,UNSW-NB15,13,0.43413564562797546,0.8040585517883301,0.43017828464508057,0.8076992630958557,50.75709869997809,716.0984412999824
5,UNSW-NB15,13,0.4467437267303467,0.7984946966171265,0.4422544240951538,0.7932947278022766,50.75709869997809,716.0984412999824
6,UNSW-NB15,13,0.44206705689430237,0.7997641563415527,0.44662007689476013,0.7962836623191833,50.75709869997809,716.0984412999824
7,UNSW-NB15,13,0.4370132386684418,0.8018618226051331,0.4413416385650635,0.7910979986190796,50.75709869997809,716.0984412999824
8,UNSW-NB15,13,0.4390493333339691,0.8017718195915222,0.4387616515159607,0.8047463297843933,50.75709869997809,716.0984412999824
9,UNSW-NB15,13,0.4419299066066742,0.7997460961341858,0.45067936182022095,0.7944470643997192,50.75709869997809,716.0984412999824
10,UNSW-NB15,13,0.43550002574920654,0.8039865493774414,0.4381134510040283,0.8017933964729309,50.75709869997809,716.0984412999824
11,UNSW-NB15,13,0.43715742230415344,0.8016727566719055,0.4322180449962616,0.8036659955978394,50.75709869997809,716.0984412999824
12,UNSW-NB15,13,0.4374193549156189,0.8010695576667786,0.4377056360244751,0.8032338619232178,50.75709869997809,716.0984412999824
13,UNSW-NB15,13,0.44005483388900757,0.8013306260108948,0.4356372058391571,0.8039540648460388,50.75709869997809,716.0984412999824
14,UNSW-NB15,13,0.43787458539009094,0.8020418882369995,0.4386480748653412,0.8028017282485962,50.75709869997809,716.0984412999824
15,UNSW-NB15,13,0.4383191764354706,0.8015557527542114,0.43394413590431213,0.805934727191925,50.75709869997809,716.0984412999824
16,UNSW-NB15,13,0.4449785053730011,0.7998451590538025,0.4433385133743286,0.7992365956306458,50.75709869997809,716.0984412999824
17,UNSW-NB15,13,0.44290441274642944,0.8015286922454834,0.4385083019733429,0.8041341304779053,50.75709869997809,716.0984412999824
18,UNSW-NB15,13,0.43429070711135864,0.8032662868499756,0.43907684087753296,0.8012531995773315,50.75709869997809,716.0984412999824
19,UNSW-NB15,13,0.44269225001335144,0.7996470928192139,0.4376593232154846,0.7992725968360901,50.75709869997809,716.0984412999824
20,UNSW-NB15,13,0.4353683888912201,0.8028971552848816,0.43981680274009705,0.8034139275550842,50.75709869997809,716.0984412999824
21,UNSW-NB15,13,0.43621546030044556,0.8027621507644653,0.43500491976737976,0.7979761958122253,50.75709869997809,716.0984412999824
22,UNSW-NB15,13,0.4396987557411194,0.8014116883277893,0.43961289525032043,0.7981562614440918,50.75709869997809,716.0984412999824
23,UNSW-NB15,13,0.4372837543487549,0.8017628192901611,0.4347509443759918,0.8061147332191467,50.75709869997809,716.0984412999824
24,UNSW-NB15,13,0.43706148862838745,0.8021859526634216,0.43960949778556824,0.8053585290908813,50.75709869997809,716.0984412999824
25,UNSW-NB15,13,0.4356566369533539,0.802221953868866,0.43373873829841614,0.8072311282157898,50.75709869997809,716.0984412999824
26,UNSW-NB15,13,0.43842804431915283,0.8013576865196228,0.43875497579574585,0.8008931279182434,50.75709869997809,716.0984412999824
27,UNSW-NB15,13,0.436745822429657,0.8019698858261108,0.43362945318222046,0.8068709969520569,50.75709869997809,716.0984412999824
28,UNSW-NB15,13,0.43809375166893005,0.8022129535675049,0.4327220022678375,0.8052504658699036,50.75709869997809,716.0984412999824
29,UNSW-NB15,13,0.4428600072860718,0.8010605573654175,0.44123145937919617,0.8042421936988831,50.75709869997809,716.0984412999824
30,UNSW-NB15,13,0.4452002942562103,0.7997100949287415,0.4402022659778595,0.8043861985206604,50.75709869997809,716.0984412999824
31,UNSW-NB15,13,0.43827155232429504,0.8025460839271545,0.44119611382484436,0.8065829277038574,50.75709869997809,716.0984412999824
32,UNSW-NB15,13,0.43750694394111633,0.80246502161026,0.4429965019226074,0.7915661334991455,50.75709869997809,716.0984412999824
33,UNSW-NB15,13,0.438931941986084,0.8025010228157043,0.44264692068099976,0.8006049990653992,50.75709869997809,716.0984412999824
34,UNSW-NB15,13,0.4373880922794342,0.8006104230880737,0.4319482743740082,0.8053585290908813,50.75709869997809,716.0984412999824
35,UNSW-NB15,13,0.4398336112499237,0.8017538189888,0.43387120962142944,0.8066549301147461,50.75709869997809,716.0984412999824
36,UNSW-NB15,13,0.4360541105270386,0.8024290204048157,0.43920987844467163,0.8014692664146423,50.75709869997809,716.0984412999824
37,UNSW-NB15,13,0.43567609786987305,0.8031402826309204,0.43852049112319946,0.8061147332191467,50.75709869997809,716.0984412999824
38,UNSW-NB15,13,0.438345730304718,0.8013576865196228,0.43867483735084534,0.8061867952346802,50.75709869997809,716.0984412999824
39,UNSW-NB15,13,0.438142865896225,0.8019068241119385,0.44107478857040405,0.7944110631942749,50.75709869997809,716.0984412999824
40,UNSW-NB15,13,0.4407694935798645,0.8012586236000061,0.448608934879303,0.7988764643669128,50.75709869997809,716.0984412999824
41,UNSW-NB15,13,0.4445459544658661,0.7988458275794983,0.44774147868156433,0.8001728653907776,50.75709869997809,716.0984412999824
42,UNSW-NB15,13,0.4376284182071686,0.8022579550743103,0.4406474530696869,0.8022615313529968,50.75709869997809,716.0984412999824
43,UNSW-NB15,13,0.4380238950252533,0.8023480176925659,0.4341026246547699,0.804818332195282,50.75709869997809,716.0984412999824
44,UNSW-NB15,13,0.43593576550483704,0.8037704825401306,0.4390336275100708,0.8021535277366638,50.75709869997809,716.0984412999824
45,UNSW-NB15,13,0.44509658217430115,0.7993409633636475,0.4441922903060913,0.7952393293380737,50.75709869997809,716.0984412999824
46,UNSW-NB15,13,0.43968111276626587,0.8029061555862427,0.44268518686294556,0.802045464515686,50.75709869997809,716.0984412999824
47,UNSW-NB15,13,0.44319456815719604,0.8004573583602905,0.44326871633529663,0.8006049990653992,50.75709869997809,716.0984412999824
48,UNSW-NB15,13,0.43977272510528564,0.7998361587524414,0.4464017450809479,0.8007850646972656,50.75709869997809,716.0984412999824
49,UNSW-NB15,13,0.4383370876312256,0.8011866211891174,0.4401165246963501,0.8029817938804626,50.75709869997809,716.0984412999824
50,UNSW-NB15,13,0.4418153762817383,0.8004933595657349,0.4409988224506378,0.8039180636405945,50.75709869997809,716.0984412999824
51,UNSW-NB15,13,0.44131967425346375,0.8014296889305115,0.44899776577949524,0.7963916659355164,50.75709869997809,716.0984412999824
52,UNSW-NB15,13,0.4379318356513977,0.8023750185966492,0.44145476818084717,0.8026936650276184,50.75709869997809,716.0984412999824
53,UNSW-NB15,13,0.43852680921554565,0.8026720881462097,0.4536130726337433,0.7957074642181396,50.75709869997809,716.0984412999824
54,UNSW-NB15,13,0.4398605227470398,0.8011776208877563,0.4350326955318451,0.8032338619232178,50.75709869997809,716.0984412999824
55,UNSW-NB15,13,0.43556836247444153,0.8020778894424438,0.4304474890232086,0.8072671294212341,50.75709869997809,716.0984412999824
56,UNSW-NB15,13,0.4380948841571808,0.8018438220024109,0.4412582218647003,0.7927185297012329,50.75709869997809,716.0984412999824
57,UNSW-NB15,13,0.43681350350379944,0.8013666868209839,0.4332652986049652,0.8039180636405945,50.75709869997809,716.0984412999824
58,UNSW-NB15,13,0.4397238492965698,0.8014746904373169,0.4406796395778656,0.7865965962409973,50.75709869997809,716.0984412999824
59,UNSW-NB15,13,0.43540623784065247,0.8023840188980103,0.43582382798194885,0.8060427308082581,50.75709869997809,716.0984412999824
60,UNSW-NB15,13,0.44511425495147705,0.7992149591445923,0.4400702714920044,0.7946991324424744,50.75709869997809,716.0984412999824
61,UNSW-NB15,13,0.4404645562171936,0.801483690738678,0.4468563497066498,0.7981562614440918,50.75709869997809,716.0984412999824
62,UNSW-NB15,13,0.437826544046402,0.8032572865486145,0.4373737871646881,0.7904497981071472,50.75709869997809,716.0984412999824
63,UNSW-NB15,13,0.4387057423591614,0.8019518852233887,0.4439786970615387,0.7966077327728271,50.75709869997809,716.0984412999824
64,UNSW-NB15,13,0.4371405243873596,0.8023840188980103,0.43770506978034973,0.8052865266799927,50.75709869997809,716.0984412999824
1,NSL-KDD,15,0.05117493122816086,0.9837052822113037,0.056686460971832275,0.9825388193130493,48.202230800001416,716.28206399997
2,NSL-KDD,15,0.05266342684626579,0.9829646348953247,0.05514438822865486,0.9835712313652039,48.202230800001416,716.28206399997
3,NSL-KDD,15,0.050254739820957184,0.9838287830352783,0.056876566261053085,0.98231440782547,48.202230800001416,716.28206399997
4,NSL-KDD,15,0.053009502589702606,0.9828523993492126,0.056077614426612854,0.9822695255279541,48.202230800001416,716.28206399997
5,NSL-KDD,15,0.05534538999199867,0.9821791052818298,0.05715798959136009,0.9824490547180176,48.202230800001416,716.28206399997
6,NSL-KDD,15,0.053888995200395584,0.9827514290809631,0.05613524094223976,0.9825388193130493,48.202230800001416,716.28206399997
7,NSL-KDD,15,0.05074624344706535,0.9837838411331177,0.05426260828971863,0.9840201139450073,48.202230800001416,716.28206399997
8,NSL-KDD,15,0.04979190230369568,0.983806312084198,0.054233990609645844,0.983256995677948,48.202230800001416,716.28206399997
9,NSL-KDD,15,0.05892195925116539,0.9806191921234131,0.06023864075541496,0.9810575246810913,48.202230800001416,716.28206399997
10,NSL-KDD,15,0.0521174818277359,0.9835145473480225,0.05191624537110329,0.9844241142272949,48.202230800001416,716.28206399997
11,NSL-KDD,15,0.05579878017306328,0.9822351932525635,0.05779886618256569,0.9827183485031128,48.202230800001416,716.28206399997
12,NSL-KDD,15,0.05474972352385521,0.9822351932525635,0.05710345879197121,0.9816859364509583,48.202230800001416,716.28206399997
13,NSL-KDD,15,0.05170949175953865,0.9827738404273987,0.05565325543284416,0.9813268780708313,48.202230800001416,716.28206399997
14,NSL-KDD,15,0.04951823502779007,0.9839522242546082,0.053696807473897934,0.9836609959602356,48.202230800001416,716.28206399997
15,NSL-KDD,15,0.05055203661322594,0.9839522242546082,0.058598604053258896,0.9818206429481506,48.202230800001416,716.28206399997
16,NSL-KDD,15,0.054200656712055206,0.9827514290809631,0.05713391304016113,0.9825837016105652,48.202230800001416,716.28206399997
17,NSL-KDD,15,0.054664649069309235,0.9819097518920898,0.055555395781993866,0.9818206429481506,48.202230800001416,716.28206399997
18,NSL-KDD,15,0.060113683342933655,0.9803498983383179,0.06809242069721222,0.9798455834388733,48.202230800001416,716.28206399997
19,NSL-KDD,15,0.04963994026184082,0.9843000769615173,0.05139557272195816,0.9839303493499756,48.202230800001416,716.28206399997
20,NSL-KDD,15,0.05194032937288284,0.9830543994903564,0.05629158765077591,0.9825388193130493,48.202230800001416,716.28206399997
21,NSL-KDD,15,0.05627785250544548,0.9818423986434937,0.05624644085764885,0.9818206429481506,48.202230800001416,716.28206399997
22,NSL-KDD,15,0.058905504643917084,0.9809109568595886,0.06177014112472534,0.9802495837211609,48.202230800001416,716.28206399997
23,NSL-KDD,15,0.05997630953788757,0.9800693392753601,0.07286712527275085,0.9779154062271118,48.202230800001416,716.28206399997
24,NSL-KDD,15,0.0526282861828804,0.9830880761146545,0.05851459503173828,0.9800699949264526,48.202230800001416,716.28206399997
25,NSL-KDD,15,0.052695948630571365,0.9827289581298828,0.05341174453496933,0.983526349067688,48.202230800001416,716.28206399997
26,NSL-KDD,15,0.057719893753528595,0.9810568690299988,0.06516057997941971,0.9773318767547607,48.202230800001416,716.28206399997
27,NSL-KDD,15,0.05175243318080902,0.9836828708648682,0.07009533047676086,0.9779154062271118,48.202230800001416,716.28206399997
28,NSL-KDD,15,0.06064730882644653,0.9799458980560303,0.06894189119338989,0.9774665236473083,48.202230800001416,716.28206399997
29,NSL-KDD,15,0.050924528390169144,0.9838175177574158,0.06061939522624016,0.9816859364509583,48.202230800001416,716.28206399997
30,NSL-KDD,15,0.054428767412900925,0.9826503992080688,0.06350160390138626,0.9784091711044312,48.202230800001416,716.28206399997
31,NSL-KDD,15,0.05764558166265488,0.9810793399810791,0.06363102048635483,0.9803842306137085,48.202230800001416,716.28206399997
32,NSL-KDD,15,0.05484378710389137,0.9824147820472717,0.05510653182864189,0.9839303493499756,48.202230800001416,716.28206399997
33,NSL-KDD,15,0.058442965149879456,0.9811803102493286,0.0583990104496479,0.9815961718559265,48.202230800001416,716.28206399997
34,NSL-KDD,15,0.060941074043512344,0.9796091914176941,0.06090904027223587,0.9798455834388733,48.202230800001416,716.28206399997
35,NSL-KDD,15,0.05449646711349487,0.9828299880027771,0.06089504808187485,0.9818206429481506,48.202230800001416,716.28206399997
36,NSL-KDD,15,0.052453938871622086,0.9835145473480225,0.05297573655843735,0.9845138788223267,48.202230800001416,716.28206399997
37,NSL-KDD,15,0.052752088755369186,0.9830319881439209,0.05511188507080078,0.9825837016105652,48.202230800001416,716.28206399997
38,NSL-KDD,15,0.057376667857170105,0.9808436632156372,0.05860322713851929,0.9815961718559265,48.202230800001416,716.28206399997
39,NSL-KDD,15,0.048672135919332504,0.9843562245368958,0.06022602319717407,0.9813717603683472,48.202230800001416,716.28206399997
40,NSL-KDD,15,0.05753045529127121,0.9806303977966309,0.05758718028664589,0.9825837016105652,48.202230800001416,716.28206399997
41,NSL-KDD,15,0.04928712174296379,0.9842439889907837,0.05205806717276573,0.9838405251502991,48.202230800001416,716.28206399997
42,NSL-KDD,15,0.051468390971422195,0.9836828708648682,0.05278387665748596,0.9842445254325867,48.202230800001416,716.28206399997
43,NSL-KDD,15,0.05892930179834366,0.9809783101081848,0.06481810659170151,0.979935348033905,48.202230800001416,716.28206399997
44,NSL-KDD,15,0.05092884227633476,0.9839072823524475,0.05201108753681183,0.9841547608375549,48.202230800001416,716.28206399997
45,NSL-KDD,15,0.052324358373880386,0.9833237528800964,0.0656287744641304,0.9794415831565857,48.202230800001416,716.28206399997
46,NSL-KDD,15,0.05969628691673279,0.9806865453720093,0.062231164425611496,0.9789927005767822,48.202230800001416,716.28206399997
47,NSL-KDD,15,0.055241573601961136,0.9822463989257812,0.05986369028687477,0.9811921715736389,48.202230800001416,716.28206399997
48,NSL-KDD,15,0.05772927403450012,0.9812476634979248,0.08109376579523087,0.9745937585830688,48.202230800001416,716.28206399997
49,NSL-KDD,15,0.05139583349227905,0.9837389588356018,0.055672161281108856,0.98204505443573,48.202230800001416,716.28206399997
50,NSL-KDD,15,0.052960384637117386,0.9827738404273987,0.060260504484176636,0.9807882308959961,48.202230800001416,716.28206399997
51,NSL-KDD,15,0.057184088975191116,0.981595516204834,0.059952512383461,0.980563759803772,48.202230800001416,716.28206399997
52,NSL-KDD,15,0.05284349247813225,0.9826616644859314,0.05982980132102966,0.980833113193512,48.202230800001416,716.28206399997
53,NSL-KDD,15,0.04991300031542778,0.9840419888496399,0.05084659159183502,0.9846036434173584,48.202230800001416,716.28206399997
54,NSL-KDD,15,0.054507043212652206,0.9830095171928406,0.05575884133577347,0.9827183485031128,48.202230800001416,716.28206399997
55,NSL-KDD,15,0.057902298867702484,0.9808773398399353,0.06576980650424957,0.9804739952087402,48.202230800001416,716.28206399997
56,NSL-KDD,15,0.05570024624466896,0.9818873405456543,0.06846853345632553,0.9789478182792664,48.202230800001416,716.28206399997
57,NSL-KDD,15,0.05608247593045235,0.981864869594574,0.059071943163871765,0.9822245836257935,48.202230800001416,716.28206399997
58,NSL-KDD,15,0.05345725268125534,0.9828523993492126,0.058020275086164474,0.9820899367332458,48.202230800001416,716.28206399997
59,NSL-KDD,15,0.05168488249182701,0.9835145473480225,0.05069052055478096,0.9848280549049377,48.202230800001416,716.28206399997
60,NSL-KDD,15,0.05446917563676834,0.9820780754089355,0.05831592157483101,0.981147289276123,48.202230800001416,716.28206399997
61,NSL-KDD,15,0.05954752489924431,0.9801591038703918,0.06676988303661346,0.9764341711997986,48.202230800001416,716.28206399997
62,NSL-KDD,15,0.04995589330792427,0.9840419888496399,0.06002070754766464,0.980204701423645,48.202230800001416,716.28206399997
63,NSL-KDD,15,0.053041182458400726,0.9825606346130371,0.06076597049832344,0.9812371134757996,48.202230800001416,716.28206399997
64,NSL-KDD,15,0.0524623841047287,0.9829983115196228,0.05766058340668678,0.981416642665863,48.202230800001416,716.28206399997
1,NSL-KDD,16,0.05048231780529022,0.9838624000549316,0.05465523153543472,0.9833468198776245,48.44546920002904,764.7769089000067
2,NSL-KDD,16,0.050118301063776016,0.9840419888496399,0.05853913724422455,0.9819104075431824,48.44546920002904,764.7769089000067
3,NSL-KDD,16,0.04810331016778946,0.9847714304924011,0.0523378886282444,0.9839303493499756,48.44546920002904,764.7769089000067
4,NSL-KDD,16,0.0519646555185318,0.983458399772644,0.05343669652938843,0.9833468198776245,48.44546920002904,764.7769089000067
5,NSL-KDD,16,0.0536537729203701,0.9826391935348511,0.07485081255435944,0.9748631119728088,48.44546920002904,764.7769089000067
6,NSL-KDD,16,0.052323974668979645,0.983065664768219,0.06368610262870789,0.9802944660186768,48.44546920002904,764.7769089000067
7,NSL-KDD,16,0.048557814210653305,0.9843786358833313,0.05325103551149368,0.9836609959602356,48.44546920002904,764.7769089000067
8,NSL-KDD,16,0.049977194517850876,0.9839858412742615,0.05335124209523201,0.9832121133804321,48.44546920002904,764.7769089000067
9,NSL-KDD,16,0.058095358312129974,0.9806079864501953,0.06196492537856102,0.9804291129112244,48.44546920002904,764.7769089000067
10,NSL-KDD,16,0.050946589559316635,0.9838511943817139,0.06040622293949127,0.9815961718559265,48.44546920002904,764.7769089000067
11,NSL-KDD,16,0.05340126156806946,0.9828299880027771,0.054230060428380966,0.983256995677948,48.44546920002904,764.7769089000067
12,NSL-KDD,16,0.052796829491853714,0.9828860759735107,0.05959606543183327,0.9807882308959961,48.44546920002904,764.7769089000067
13,NSL-KDD,16,0.04933576285839081,0.983884871006012,0.053276244550943375,0.983256995677948,48.44546920002904,764.7769089000067
14,NSL-KDD,16,0.04870617017149925,0.9841092824935913,0.05610271543264389,0.9814615249633789,48.44546920002904,764.7769089000067
15,NSL-KDD,16,0.04996538162231445,0.9843449592590332,0.06334750354290009,0.9800251126289368,48.44546920002904,764.7769089000067
16,NSL-KDD,16,0.052832718938589096,0.982796311378479,0.05483952537178993,0.9829428195953369,48.44546920002904,764.7769089000067
17,NSL-KDD,16,0.052792441099882126,0.9826840758323669,0.06506884843111038,0.9773767590522766,48.44546920002904,764.7769089000067
18,NSL-KDD,16,0.05845256522297859,0.9812363982200623,0.06400856375694275,0.9795762300491333,48.44546920002904,764.7769089000067
19,NSL-KDD,16,0.04846368730068207,0.9843337535858154,0.05567258223891258,0.9816410541534424,48.44546920002904,764.7769089000067
20,NSL-KDD,16,0.0512692891061306,0.9833349585533142,0.05194736644625664,0.9848280549049377,48.44546920002904,764.7769089000067
21,NSL-KDD,16,0.05518388748168945,0.9819658398628235,0.05641549825668335,0.9833468198776245,48.44546920002904,764.7769089000067
22,NSL-KDD,16,0.05646468326449394,0.9814720749855042,0.06265268474817276,0.9805188775062561,48.44546920002904,764.7769089000067
23,NSL-KDD,16,0.05689490959048271,0.9812476634979248,0.06477071344852448,0.9785438776016235,48.44546920002904,764.7769089000067
24,NSL-KDD,16,0.0499684102833271,0.9841205477714539,0.0499836765229702,0.9844241142272949,48.44546920002904,764.7769089000067
25,NSL-KDD,16,0.05120885372161865,0.9832788705825806,0.057967476546764374,0.9819552898406982,48.44546920002904,764.7769089000067
26,NSL-KDD,16,0.05648243799805641,0.9813486337661743,0.06241026893258095,0.9788131713867188,48.44546920002904,764.7769089000067
27,NSL-KDD,16,0.05097825080156326,0.9834135174751282,0.061800941824913025,0.9800251126289368,48.44546920002904,764.7769089000067
28,NSL-KDD,16,0.05967886000871658,0.9807651042938232,0.06105782464146614,0.9810126423835754,48.44546920002904,764.7769089000067
29,NSL-KDD,16,0.049903396517038345,0.9839858412742615,0.05269571766257286,0.9839752316474915,48.44546920002904,764.7769089000067
30,NSL-KDD,16,0.05199669301509857,0.9833237528800964,0.056261785328388214,0.9833468198776245,48.44546920002904,764.7769089000067
31,NSL-KDD,16,0.0567610077559948,0.9811578989028931,0.05842684209346771,0.9821348190307617,48.44546920002904,764.7769089000067
32,NSL-KDD,16,0.05267707258462906,0.9823923110961914,0.06285087764263153,0.9806984663009644,48.44546920002904,764.7769089000067
33,NSL-KDD,16,0.056671131402254105,0.9812813401222229,0.06961660832166672,0.9758056998252869,48.44546920002904,764.7769089000067
34,NSL-KDD,16,0.05932057648897171,0.9800131916999817,0.09179836511611938,0.9700152277946472,48.44546920002904,764.7769089000067
35,NSL-KDD,16,0.05219454690814018,0.9837502241134644,0.06141073629260063,0.9804291129112244,48.44546920002904,764.7769089000067
36,NSL-KDD,16,0.05105699226260185,0.983615517616272,0.05588605999946594,0.9820001721382141,48.44546920002904,764.7769089000067
37,NSL-KDD,16,0.0508999265730381,0.9834471940994263,0.053889479488134384,0.9835712313652039,48.44546920002904,764.7769089000067
38,NSL-KDD,16,0.05556036904454231,0.9818873405456543,0.05790138617157936,0.9813717603683472,48.44546920002904,764.7769089000067
39,NSL-KDD,16,0.046972330659627914,0.9846367835998535,0.05179731175303459,0.9829428195953369,48.44546920002904,764.7769089000067
40,NSL-KDD,16,0.05445397272706032,0.9821454286575317,0.05805283784866333,0.9805188775062561,48.44546920002904,764.7769089000067
41,NSL-KDD,16,0.04702369123697281,0.9849397540092468,0.057348739355802536,0.9806984663009644,48.44546920002904,764.7769089000067
42,NSL-KDD,16,0.05185551568865776,0.9831666350364685,0.060812368988990784,0.9811921715736389,48.44546920002904,764.7769089000067
43,NSL-KDD,16,0.05756791681051254,0.9814271926879883,0.05802881717681885,0.9817757606506348,48.44546920002904,764.7769089000067
44,NSL-KDD,16,0.04980311915278435,0.9839746356010437,0.05588430166244507,0.9818655252456665,48.44546920002904,764.7769089000067
45,NSL-KDD,16,0.04971518740057945,0.9835931062698364,0.055233556777238846,0.9826734662055969,48.44546920002904,764.7769089000067
46,NSL-KDD,16,0.05626349896192551,0.9816291928291321,0.0640803873538971,0.9780949950218201,48.44546920002904,764.7769089000067
47,NSL-KDD,16,0.05386422574520111,0.9828636646270752,0.06130038574337959,0.9801598191261292,48.44546920002904,764.7769089000067
48,NSL-KDD,16,0.05677640065550804,0.9816853404045105,0.05887864530086517,0.9818206429481506,48.44546920002904,764.7769089000067
49,NSL-KDD,16,0.04989766329526901,0.983884871006012,0.05225839838385582,0.983526349067688,48.44546920002904,764.7769089000067
50,NSL-KDD,16,0.051599614322185516,0.9834471940994263,0.06769520044326782,0.978454053401947,48.44546920002904,764.7769089000067
51,NSL-KDD,16,0.05464371666312218,0.9824035167694092,0.05893401429057121,0.9815512895584106,48.44546920002904,764.7769089000067
52,NSL-KDD,16,0.05086717754602432,0.9837052822113037,0.061147209256887436,0.9816859364509583,48.44546920002904,764.7769089000067
53,NSL-KDD,16,0.04868047684431076,0.9841317534446716,0.056450553238391876,0.9816859364509583,48.44546920002904,764.7769089000067
54,NSL-KDD,16,0.05412676930427551,0.9826728701591492,0.06482326239347458,0.9793967008590698,48.44546920002904,764.7769089000067
55,NSL-KDD,16,0.054752446711063385,0.9822688698768616,0.061904508620500565,0.9796660542488098,48.44546920002904,764.7769089000067
56,NSL-KDD,16,0.05466679483652115,0.9817414283752441,0.06094750761985779,0.9804739952087402,48.44546920002904,764.7769089000067
57,NSL-KDD,16,0.05409231036901474,0.9827851057052612,0.060083501040935516,0.9806984663009644,48.44546920002904,764.7769089000067
58,NSL-KDD,16,0.05287498980760574,0.9825943112373352,0.05832933634519577,0.9819552898406982,48.44546920002904,764.7769089000067
59,NSL-KDD,16,0.04954082518815994,0.9840307831764221,0.056502725929021835,0.9830325841903687,48.44546920002904,764.7769089000067
60,NSL-KDD,16,0.053516123443841934,0.982605516910553,0.05743894726037979,0.9817308783531189,48.44546920002904,764.7769089000067
61,NSL-KDD,16,0.057208359241485596,0.981045663356781,0.05757691338658333,0.9820001721382141,48.44546920002904,764.7769089000067
62,NSL-KDD,16,0.04961838573217392,0.9842776656150818,0.05392839387059212,0.9836609959602356,48.44546920002904,764.7769089000067
63,NSL-KDD,16,0.05179664492607117,0.9832339882850647,0.05712229758501053,0.9817308783531189,48.44546920002904,764.7769089000067
64,NSL-KDD,16,0.050836678594350815,0.9837389588356018,0.0543380081653595,0.9830774664878845,48.44546920002904,764.7769089000067
1,UNSW-NB15,14,0.4375103712081909,0.8021679520606995,0.4467448592185974,0.7940869331359863,49.803658900025766,765.9664181999979
2,UNSW-NB15,14,0.4383506774902344,0.8011325597763062,0.44368138909339905,0.7979041934013367,49.803658900025766,765.9664181999979
3,UNSW-NB15,14,0.4408259391784668,0.8015016913414001,0.44328218698501587,0.8045302629470825,49.803658900025766,765.9664181999979
4,UNSW-NB15,14,0.4317954182624817,0.8037254810333252,0.42951205372810364,0.8088876605033875,49.803658900025766,765.9664181999979
5,UNSW-NB15,14,0.44427186250686646,0.7995120286941528,0.4438638687133789,0.8008931279182434,49.803658900025766,765.9664181999979
6,UNSW-NB15,14,0.43952256441116333,0.8007004261016846,0.43616238236427307,0.8038820624351501,49.803658900025766,765.9664181999979
7,UNSW-NB15,14,0.4346449375152588,0.8035814166069031,0.4325154721736908,0.8052144646644592,49.803658900025766,765.9664181999979
8,UNSW-NB15,14,0.4365922808647156,0.8036354184150696,0.43256616592407227,0.8040621280670166,49.803658900025766,765.9664181999979
9,UNSW-NB15,14,0.4404699206352234,0.8012856245040894,0.44549012184143066,0.7989845275878906,49.803658900025766,765.9664181999979
10,UNSW-NB15,14,0.4331737458705902,0.8030502200126648,0.42873820662498474,0.8051064610481262,49.803658900025766,765.9664181999979
11,UNSW-NB15,14,0.43531420826911926,0.8023750185966492,0.43356379866600037,0.7939069271087646,49.803658900025766,765.9664181999979
12,UNSW-NB15,14,0.4354892075061798,0.8020328879356384,0.43306171894073486,0.8056825995445251,49.803658900025766,765.9664181999979
13,UNSW-NB15,14,0.4373096823692322,0.802095890045166,0.4335767328739166,0.8044582605361938,49.803658900025766,765.9664181999979
14,UNSW-NB15,14,0.43631234765052795,0.8024830222129822,0.4366578161716461,0.8046022653579712,49.803658900025766,765.9664181999979
15,UNSW-NB15,14,0.4358087480068207,0.8029872179031372,0.43262016773223877,0.8044221997261047,49.803658900025766,765.9664181999979
16,UNSW-NB15,14,0.4424645006656647,0.8006644248962402,0.4352688491344452,0.804818332195282,49.803658900025766,765.9664181999979
17,UNSW-NB15,14,0.4406527578830719,0.8028251528739929,0.4408837556838989,0.7995246648788452,49.803658900025766,765.9664181999979
18,UNSW-NB15,14,0.43282610177993774,0.8049858808517456,0.4320378601551056,0.8000648617744446,49.803658900025766,765.9664181999979
19,UNSW-NB15,14,0.44092124700546265,0.8011686205863953,0.44140443205833435,0.8034859299659729,49.803658900025766,765.9664181999979
20,UNSW-NB15,14,0.4350084662437439,0.8019338846206665,0.44201526045799255,0.8007490634918213,49.803658900025766,765.9664181999979
21,UNSW-NB15,14,0.4350527226924896,0.8036444187164307,0.429740309715271,0.8051784634590149,49.803658900025766,765.9664181999979
22,UNSW-NB15,14,0.4371411204338074,0.8029962182044983,0.4346808195114136,0.800713062286377,49.803658900025766,765.9664181999979
23,UNSW-NB15,14,0.4360802471637726,0.8023480176925659,0.43613553047180176,0.8015413284301758,49.803658900025766,765.9664181999979
24,UNSW-NB15,14,0.43467846512794495,0.8031852841377258,0.4362036883831024,0.8039540648460388,49.803658900025766,765.9664181999979
25,UNSW-NB15,14,0.4324752986431122,0.8040675520896912,0.4359130859375,0.8004969954490662,49.803658900025766,765.9664181999979
26,UNSW-NB15,14,0.43522000312805176,0.8040225505828857,0.43678727746009827,0.8024775981903076,49.803658900025766,765.9664181999979
27,UNSW-NB15,14,0.4349072575569153,0.8030952215194702,0.4332067370414734,0.8026576638221741,49.803658900025766,765.9664181999979
28,UNSW-NB15,14,0.4364929795265198,0.8017087578773499,0.43572306632995605,0.7988764643669128,49.803658900025766,765.9664181999979
29,UNSW-NB15,14,0.44017958641052246,0.8019248247146606,0.43809762597084045,0.8043861985206604,49.803658900025766,765.9664181999979
30,UNSW-NB15,14,0.4420331120491028,0.800880491733551,0.44281676411628723,0.8001008629798889,49.803658900025766,765.9664181999979
31,UNSW-NB15,14,0.4363653361797333,0.8020328879356384,0.4418695569038391,0.8062947988510132,49.803658900025766,765.9664181999979
32,UNSW-NB15,14,0.4340808093547821,0.8028251528739929,0.43520674109458923,0.793942928314209,49.803658900025766,765.9664181999979
33,UNSW-NB15,14,0.4378841519355774,0.8024110198020935,0.4384015202522278,0.8035219311714172,49.803658900025766,765.9664181999979
34,UNSW-NB15,14,0.4353993833065033,0.8024560213088989,0.4326328635215759,0.8037019968032837,49.803658900025766,765.9664181999979
35,UNSW-NB15,14,0.4369906783103943,0.8032122850418091,0.4330974817276001,0.8043501973152161,49.803658900025766,765.9664181999979
36,UNSW-NB15,14,0.4336652159690857,0.8027891516685486,0.4298727512359619,0.8065829277038574,49.803658900025766,765.9664181999979
37,UNSW-NB15,14,0.4334559738636017,0.8033653497695923,0.43240851163864136,0.8062947988510132,49.803658900025766,765.9664181999979
38,UNSW-NB15,14,0.43607097864151,0.8024470210075378,0.43854862451553345,0.804710328578949,49.803658900025766,765.9664181999979
39,UNSW-NB15,14,0.4361921548843384,0.8020778894424438,0.4386714696884155,0.8034859299659729,49.803658900025766,765.9664181999979
40,UNSW-NB15,14,0.4372839331626892,0.8016097545623779,0.44544556736946106,0.8027296662330627,49.803658900025766,765.9664181999979
41,UNSW-NB15,14,0.44176000356674194,0.8010155558586121,0.4424022436141968,0.8028017282485962,49.803658900025766,765.9664181999979
42,UNSW-NB15,14,0.43548500537872314,0.8029782176017761,0.439029723405838,0.7978681325912476,49.803658900025766,765.9664181999979
43,UNSW-NB15,14,0.4360710680484772,0.8026090860366821,0.44323745369911194,0.8036659955978394,49.803658900025766,765.9664181999979
44,UNSW-NB15,14,0.43434685468673706,0.8039325475692749,0.4304768741130829,0.8025856614112854,49.803658900025766,765.9664181999979
45,UNSW-NB15,14,0.44397541880607605,0.7985667586326599,0.45079612731933594,0.7975800633430481,49.803658900025766,765.9664181999979
46,UNSW-NB15,14,0.43827226758003235,0.801141619682312,0.43602871894836426,0.8064388632774353,49.803658900025766,765.9664181999979
47,UNSW-NB15,14,0.4413885772228241,0.8020238876342773,0.4439672827720642,0.8013972640037537,49.803658900025766,765.9664181999979
48,UNSW-NB15,14,0.4378560483455658,0.8013936877250671,0.43518179655075073,0.8013972640037537,49.803658900025766,765.9664181999979
49,UNSW-NB15,14,0.4358702003955841,0.803914487361908,0.44214168190956116,0.8015773296356201,49.803658900025766,765.9664181999979
50,UNSW-NB15,14,0.43990379571914673,0.8003943562507629,0.45094236731529236,0.7870287299156189,49.803658900025766,765.9664181999979
51,UNSW-NB15,14,0.43899819254875183,0.8013486862182617,0.4431625306606293,0.7992725968360901,49.803658900025766,765.9664181999979
52,UNSW-NB15,14,0.4352111220359802,0.802095890045166,0.43713006377220154,0.7926465272903442,49.803658900025766,765.9664181999979
53,UNSW-NB15,14,0.43713220953941345,0.8011956214904785,0.43492767214775085,0.7941229939460754,49.803658900025766,765.9664181999979
54,UNSW-NB15,14,0.4369303584098816,0.8024740219116211,0.43463045358657837,0.7992725968360901,49.803658900025766,765.9664181999979
55,UNSW-NB15,14,0.43265411257743835,0.8034013509750366,0.4325557053089142,0.7993806600570679,49.803658900025766,765.9664181999979
56,UNSW-NB15,14,0.43397757411003113,0.8035994172096252,0.4424118995666504,0.8043501973152161,49.803658900025766,765.9664181999979
57,UNSW-NB15,14,0.4345678687095642,0.803203284740448,0.4352441728115082,0.8036659955978394,49.803658900025766,765.9664181999979
58,UNSW-NB15,14,0.43780073523521423,0.801852822303772,0.43279922008514404,0.804206132888794,49.803658900025766,765.9664181999979
59,UNSW-NB15,14,0.43364813923835754,0.8018888235092163,0.430353581905365,0.8084194660186768,49.803658900025766,765.9664181999979
60,UNSW-NB15,14,0.44289422035217285,0.8003312945365906,0.4443242847919464,0.7997047305107117,49.803658900025766,765.9664181999979
61,UNSW-NB15,14,0.4382205009460449,0.8026630878448486,0.4378250241279602,0.8025856614112854,49.803658900025766,765.9664181999979
62,UNSW-NB15,14,0.4362017512321472,0.8026810884475708,0.43832117319107056,0.803017795085907,49.803658900025766,765.9664181999979
63,UNSW-NB15,14,0.43649208545684814,0.8027711510658264,0.4428826570510864,0.8000288605690002,49.803658900025766,765.9664181999979
64,UNSW-NB15,14,0.43448594212532043,0.803338348865509,0.4385787844657898,0.7990565299987793,49.803658900025766,765.9664181999979
1,NSL-KDD,17,0.049185238778591156,0.9845357537269592,0.05842672660946846,0.9818206429481506,49.36863629997242,814.2550180999679
2,NSL-KDD,17,0.04903543367981911,0.9840531945228577,0.05386767536401749,0.9833018779754639,49.36863629997242,814.2550180999679
3,NSL-KDD,17,0.048083797097206116,0.9845132827758789,0.05057472363114357,0.9845138788223267,49.36863629997242,814.2550180999679
4,NSL-KDD,17,0.05038538575172424,0.9836940765380859,0.05110464617609978,0.9840201139450073,49.36863629997242,814.2550180999679
5,NSL-KDD,17,0.05267925187945366,0.9834696650505066,0.06416001915931702,0.9801598191261292,49.36863629997242,814.2550180999679
6,NSL-KDD,17,0.05036304146051407,0.9836379885673523,0.058840371668338776,0.9811921715736389,49.36863629997242,814.2550180999679
7,NSL-KDD,17,0.04914548620581627,0.9840980768203735,0.049799613654613495,0.9850525259971619,49.36863629997242,814.2550180999679
8,NSL-KDD,17,0.04822060093283653,0.9843674302101135,0.053597886115312576,0.9834814667701721,49.36863629997242,814.2550180999679
9,NSL-KDD,17,0.057174939662218094,0.9809446334838867,0.060869812965393066,0.9808779954910278,49.36863629997242,814.2550180999679
10,NSL-KDD,17,0.04971735551953316,0.9841429591178894,0.05110114812850952,0.9846485257148743,49.36863629997242,814.2550180999679
11,NSL-KDD,17,0.05170046165585518,0.983884871006012,0.055811237543821335,0.9815961718559265,49.36863629997242,814.2550180999679
12,NSL-KDD,17,0.05203025043010712,0.9833798408508301,0.059657033532857895,0.9820001721382141,49.36863629997242,814.2550180999679
13,NSL-KDD,17,0.0481308177113533,0.9843898415565491,0.05476856231689453,0.98231440782547,49.36863629997242,814.2550180999679
14,NSL-KDD,17,0.04880010709166527,0.9841654300689697,0.051898062229156494,0.9836161136627197,49.36863629997242,814.2550180999679
15,NSL-KDD,17,0.048002298921346664,0.9845132827758789,0.05647510662674904,0.9827183485031128,49.36863629997242,814.2550180999679
16,NSL-KDD,17,0.049872271716594696,0.9843562245368958,0.05098872631788254,0.9830325841903687,49.36863629997242,814.2550180999679
17,NSL-KDD,17,0.051652099937200546,0.9833911061286926,0.058749523013830185,0.9824939370155334,49.36863629997242,814.2550180999679
18,NSL-KDD,17,0.055916570127010345,0.9818311929702759,0.06160207837820053,0.9817757606506348,49.36863629997242,814.2550180999679
19,NSL-KDD,17,0.04853559657931328,0.9843337535858154,0.0535319484770298,0.9841547608375549,49.36863629997242,814.2550180999679
20,NSL-KDD,17,0.048949193209409714,0.9843449592590332,0.06013255938887596,0.9811921715736389,49.36863629997242,814.2550180999679
21,NSL-KDD,17,0.05263982340693474,0.9831217527389526,0.05445334315299988,0.9827632308006287,49.36863629997242,814.2550180999679
22,NSL-KDD,17,0.05511564016342163,0.9823923110961914,0.05975254252552986,0.9817308783531189,49.36863629997242,814.2550180999679
23,NSL-KDD,17,0.056257959455251694,0.9814271926879883,0.059294067323207855,0.98204505443573,49.36863629997242,814.2550180999679
24,NSL-KDD,17,0.048913005739450455,0.9838399887084961,0.0535321943461895,0.9812819957733154,49.36863629997242,814.2550180999679
25,NSL-KDD,17,0.049305472522974014,0.9838624000549316,0.05499009042978287,0.9830325841903687,49.36863629997242,814.2550180999679
26,NSL-KDD,17,0.052762314677238464,0.9829085469245911,0.057200610637664795,0.9815064072608948,49.36863629997242,814.2550180999679
27,NSL-KDD,17,0.04896782711148262,0.9843337535858154,0.05272766202688217,0.9831672310829163,49.36863629997242,814.2550180999679
28,NSL-KDD,17,0.05762951448559761,0.9814608693122864,0.06325265020132065,0.979621171951294,49.36863629997242,814.2550180999679
29,NSL-KDD,17,0.0477975532412529,0.9848724007606506,0.05697004124522209,0.9824041724205017,49.36863629997242,814.2550180999679
30,NSL-KDD,17,0.05063283443450928,0.9840195178985596,0.06693702936172485,0.9800251126289368,49.36863629997242,814.2550180999679
31,NSL-KDD,17,0.05461769923567772,0.9820780754089355,0.05468582734465599,0.98231440782547,49.36863629997242,814.2550180999679
32,NSL-KDD,17,0.05074765905737877,0.9836940765380859,0.053652431815862656,0.9831223487854004,49.36863629997242,814.2550180999679
33,NSL-KDD,17,0.054306510835886,0.9822576642036438,0.06026032194495201,0.980833113193512,49.36863629997242,814.2550180999679
34,NSL-KDD,17,0.05683942139148712,0.9818199872970581,0.05916585028171539,0.9809228777885437,49.36863629997242,814.2550180999679
35,NSL-KDD,17,0.05096602439880371,0.9836828708648682,0.05375543609261513,0.9831223487854004,49.36863629997242,814.2550180999679
36,NSL-KDD,17,0.0497295968234539,0.9842103123664856,0.05487188696861267,0.9825837016105652,49.36863629997242,814.2550180999679
37,NSL-KDD,17,0.04954395070672035,0.9839409589767456,0.0562828965485096,0.9808779954910278,49.36863629997242,814.2550180999679
38,NSL-KDD,17,0.05220178887248039,0.9826616644859314,0.06000800058245659,0.9813268780708313,49.36863629997242,814.2550180999679
39,NSL-KDD,17,0.04629804193973541,0.984894871711731,0.04981960728764534,0.9844241142272949,49.36863629997242,814.2550180999679
40,NSL-KDD,17,0.05363108590245247,0.9823811054229736,0.06571122258901596,0.9767932295799255,49.36863629997242,814.2550180999679
41,NSL-KDD,17,0.046281617134809494,0.9851192831993103,0.05209266394376755,0.9824490547180176,49.36863629997242,814.2550180999679
42,NSL-KDD,17,0.04946789890527725,0.9847152829170227,0.05336150899529457,0.9827183485031128,49.36863629997242,814.2550180999679
43,NSL-KDD,17,0.055891796946525574,0.9819097518920898,0.06171749532222748,0.9797558188438416,49.36863629997242,814.2550180999679
44,NSL-KDD,17,0.04832123965024948,0.9849060773849487,0.05265938863158226,0.9832121133804321,49.36863629997242,814.2550180999679
45,NSL-KDD,17,0.05027477443218231,0.9837838411331177,0.05460193753242493,0.9830774664878845,49.36863629997242,814.2550180999679
46,NSL-KDD,17,0.054442692548036575,0.982605516910553,0.05754334479570389,0.9825388193130493,49.36863629997242,814.2550180999679
47,NSL-KDD,17,0.05237410590052605,0.9833686351776123,0.06190674006938934,0.9788131713867188,49.36863629997242,814.2550180999679
48,NSL-KDD,17,0.05453326925635338,0.9819883108139038,0.06670527905225754,0.9780051708221436,49.36863629997242,814.2550180999679
49,NSL-KDD,17,0.04808356612920761,0.9843337535858154,0.05006430670619011,0.9841098785400391,49.36863629997242,814.2550180999679
50,NSL-KDD,17,0.049591314047575,0.9839858412742615,0.057131800800561905,0.9816410541534424,49.36863629997242,814.2550180999679
51,NSL-KDD,17,0.05481058731675148,0.9824259877204895,0.058166783303022385,0.9812371134757996,49.36863629997242,814.2550180999679
52,NSL-KDD,17,0.05013415217399597,0.9841092824935913,0.05139787495136261,0.9837956428527832,49.36863629997242,814.2550180999679
53,NSL-KDD,17,0.04794107377529144,0.9843449592590332,0.051056426018476486,0.9841996431350708,49.36863629997242,814.2550180999679
54,NSL-KDD,17,0.052313171327114105,0.9833798408508301,0.05370397865772247,0.9839752316474915,49.36863629997242,814.2550180999679
55,NSL-KDD,17,0.055681511759757996,0.981438398361206,0.05936184152960777,0.9824490547180176,49.36863629997242,814.2550180999679
56,NSL-KDD,17,0.05404600873589516,0.9821117520332336,0.0607115812599659,0.9793069362640381,49.36863629997242,814.2550180999679
57,NSL-KDD,17,0.052430566400289536,0.9833686351776123,0.05306432396173477,0.9830774664878845,49.36863629997242,814.2550180999679
58,NSL-KDD,17,0.05170101299881935,0.9833686351776123,0.056919410824775696,0.9815512895584106,49.36863629997242,814.2550180999679
59,NSL-KDD,17,0.048864081501960754,0.9842327833175659,0.05011877790093422,0.984738290309906,49.36863629997242,814.2550180999679
60,NSL-KDD,17,0.051973242312669754,0.9832788705825806,0.05619331821799278,0.9811024069786072,49.36863629997242,814.2550180999679
61,NSL-KDD,17,0.0560620054602623,0.98151695728302,0.06118966266512871,0.980833113193512,49.36863629997242,814.2550180999679
62,NSL-KDD,17,0.04846951737999916,0.9844123125076294,0.05653893202543259,0.9833018779754639,49.36863629997242,814.2550180999679
63,NSL-KDD,17,0.050155993551015854,0.9833462238311768,0.06166590005159378,0.9785887598991394,49.36863629997242,814.2550180999679
64,NSL-KDD,17,0.05057118833065033,0.9835482239723206,0.05317723751068115,0.9834814667701721,49.36863629997242,814.2550180999679
1,UNSW-NB15,15,0.43563932180404663,0.8020418882369995,0.43725353479385376,0.7907739281654358,56.74756789999083,822.7675195999909
2,UNSW-NB15,15,0.4362693727016449,0.8018618226051331,0.43314433097839355,0.8037019968032837,56.74756789999083,822.7675195999909
3,UNSW-NB15,15,0.43795886635780334,0.8021859526634216,0.4419511556625366,0.7947711944580078,56.74756789999083,822.7675195999909
4,UNSW-NB15,15,0.43032723665237427,0.8045807480812073,0.4315575063228607,0.8067269325256348,56.74756789999083,822.7675195999909
5,UNSW-NB15,15,0.44303643703460693,0.7987738251686096,0.44361305236816406,0.799740731716156,56.74756789999083,822.7675195999909
6,UNSW-NB15,15,0.43734970688819885,0.8026630878448486,0.4342343807220459,0.805934727191925,56.74756789999083,822.7675195999909
7,UNSW-NB15,15,0.4322839677333832,0.8037344813346863,0.4300628900527954,0.8050704598426819,56.74756789999083,822.7675195999909
8,UNSW-NB15,15,0.4345690906047821,0.8038964867591858,0.4359089434146881,0.7953113317489624,56.74756789999083,822.7675195999909
9,UNSW-NB15,15,0.43842923641204834,0.8007364273071289,0.4335641860961914,0.8016853332519531,56.74756789999083,822.7675195999909
10,UNSW-NB15,15,0.43236592411994934,0.8035634160041809,0.4291967451572418,0.8053585290908813,56.74756789999083,822.7675195999909
11,UNSW-NB15,15,0.4317359924316406,0.8041486144065857,0.43440937995910645,0.8028737306594849,56.74756789999083,822.7675195999909
12,UNSW-NB15,15,0.43379420042037964,0.8028071522712708,0.43201515078544617,0.8044942617416382,56.74756789999083,822.7675195999909
13,UNSW-NB15,15,0.4353233575820923,0.8024200201034546,0.44076576828956604,0.8050343990325928,56.74756789999083,822.7675195999909
14,UNSW-NB15,15,0.434200257062912,0.8034823536872864,0.43597981333732605,0.7988764643669128,56.74756789999083,822.7675195999909
15,UNSW-NB15,15,0.43362152576446533,0.8037074208259583,0.4332461953163147,0.8066189289093018,56.74756789999083,822.7675195999909
16,UNSW-NB15,15,0.439010351896286,0.8031222224235535,0.4426608979701996,0.7974720001220703,56.74756789999083,822.7675195999909
17,UNSW-NB15,15,0.43880385160446167,0.8023209571838379,0.43764248490333557,0.7977961301803589,56.74756789999083,822.7675195999909
18,UNSW-NB15,15,0.43058204650878906,0.8050758838653564,0.4294072687625885,0.8060787320137024,56.74756789999083,822.7675195999909
19,UNSW-NB15,15,0.4395703077316284,0.8020148873329163,0.4360155165195465,0.7995246648788452,56.74756789999083,822.7675195999909
20,UNSW-NB15,15,0.4326011836528778,0.8031132221221924,0.438000351190567,0.8052865266799927,56.74756789999083,822.7675195999909
21,UNSW-NB15,15,0.4322722256183624,0.8040855526924133,0.43711480498313904,0.8022255301475525,56.74756789999083,822.7675195999909
22,UNSW-NB15,15,0.4353303909301758,0.8018708229064941,0.4338030517101288,0.8039180636405945,56.74756789999083,822.7675195999909
23,UNSW-NB15,15,0.43390998244285583,0.8027531504631042,0.4336116909980774,0.8060787320137024,56.74756789999083,822.7675195999909
24,UNSW-NB15,15,0.4334183931350708,0.8020328879356384,0.43108069896698,0.8067269325256348,56.74756789999083,822.7675195999909
25,UNSW-NB15,15,0.430861234664917,0.8038334846496582,0.4328156113624573,0.8038100600242615,56.74756789999083,822.7675195999909
26,UNSW-NB15,15,0.43384239077568054,0.803203284740448,0.43641260266304016,0.7948791980743408,56.74756789999083,822.7675195999909
27,UNSW-NB15,15,0.4330318868160248,0.802969217300415,0.4305116534233093,0.8044221997261047,56.74756789999083,822.7675195999909
28,UNSW-NB15,15,0.4342217743396759,0.8039054870605469,0.43371614813804626,0.8044942617416382,56.74756789999083,822.7675195999909
29,UNSW-NB15,15,0.43846213817596436,0.8031132221221924,0.43354034423828125,0.8066909313201904,56.74756789999083,822.7675195999909
30,UNSW-NB15,15,0.4412188231945038,0.8009344935417175,0.43657487630844116,0.8053585290908813,56.74756789999083,822.7675195999909
31,UNSW-NB15,15,0.43498170375823975,0.8036624193191528,0.4391995966434479,0.7993806600570679,56.74756789999083,822.7675195999909
32,UNSW-NB15,15,0.4319227337837219,0.804175615310669,0.433545857667923,0.8005689978599548,56.74756789999083,822.7675195999909
33,UNSW-NB15,15,0.4357598125934601,0.8027981519699097,0.4344492256641388,0.8083114624023438,56.74756789999083,822.7675195999909
34,UNSW-NB15,15,0.43330565094947815,0.8021859526634216,0.43772125244140625,0.8063668608665466,56.74756789999083,822.7675195999909
35,UNSW-NB15,15,0.4357773959636688,0.803311288356781,0.4459850490093231,0.802405595779419,56.74756789999083,822.7675195999909
36,UNSW-NB15,15,0.4311056137084961,0.8051929473876953,0.4285590946674347,0.8068349957466125,56.74756789999083,822.7675195999909
37,UNSW-NB15,15,0.43149155378341675,0.8037254810333252,0.4295714199542999,0.8079513311386108,56.74756789999083,822.7675195999909
38,UNSW-NB15,15,0.4329090714454651,0.8041125535964966,0.4368212819099426,0.8004609942436218,56.74756789999083,822.7675195999909
39,UNSW-NB15,15,0.4344342052936554,0.8038604855537415,0.4356912076473236,0.7992365956306458,56.74756789999083,822.7675195999909
40,UNSW-NB15,15,0.4360436499118805,0.8035093545913696,0.44301465153694153,0.8044582605361938,56.74756789999083,822.7675195999909
41,UNSW-NB15,15,0.44026002287864685,0.8013486862182617,0.4411282539367676,0.801937460899353,56.74756789999083,822.7675195999909
42,UNSW-NB15,15,0.4332831799983978,0.8028431534767151,0.4315933883190155,0.8064748644828796,56.74756789999083,822.7675195999909
43,UNSW-NB15,15,0.4350724518299103,0.8024110198020935,0.4291304349899292,0.8065829277038574,56.74756789999083,822.7675195999909
44,UNSW-NB15,15,0.4317188858985901,0.8036984205245972,0.43943288922309875,0.798552393913269,56.74756789999083,822.7675195999909
45,UNSW-NB15,15,0.44036105275154114,0.8008984923362732,0.4399130940437317,0.8048903942108154,56.74756789999083,822.7675195999909
46,UNSW-NB15,15,0.4371449947357178,0.8023930191993713,0.4395236074924469,0.8000288605690002,56.74756789999083,822.7675195999909
47,UNSW-NB15,15,0.4401824176311493,0.8004753589630127,0.43670889735221863,0.801325261592865,56.74756789999083,822.7675195999909
48,UNSW-NB15,15,0.4357638955116272,0.8020598888397217,0.43646857142448425,0.7954913973808289,56.74756789999083,822.7675195999909
49,UNSW-NB15,15,0.4339679479598999,0.803311288356781,0.4337780177593231,0.8021535277366638,56.74756789999083,822.7675195999909
50,UNSW-NB15,15,0.43713751435279846,0.8031492829322815,0.435967355966568,0.8061867952346802,56.74756789999083,822.7675195999909
51,UNSW-NB15,15,0.4369187355041504,0.8019698858261108,0.46076440811157227,0.785480260848999,56.74756789999083,822.7675195999909
52,UNSW-NB15,15,0.43272164463996887,0.8042206168174744,0.43197688460350037,0.8062947988510132,56.74756789999083,822.7675195999909
53,UNSW-NB15,15,0.43456798791885376,0.8020688891410828,0.4440971612930298,0.7981922626495361,56.74756789999083,822.7675195999909
54,UNSW-NB15,15,0.4343084990978241,0.8027891516685486,0.43331992626190186,0.8049983978271484,56.74756789999083,822.7675195999909
55,UNSW-NB15,15,0.43120241165161133,0.8041035532951355,0.4298860430717468,0.8043141961097717,56.74756789999083,822.7675195999909
56,UNSW-NB15,15,0.43297600746154785,0.8046887516975403,0.44410213828086853,0.795131266117096,56.74756789999083,822.7675195999909
57,UNSW-NB15,15,0.4328729808330536,0.8034733533859253,0.4322526156902313,0.8054665327072144,56.74756789999083,822.7675195999909
58,UNSW-NB15,15,0.43708860874176025,0.8013216257095337,0.4354086220264435,0.8042781949043274,56.74756789999083,822.7675195999909
59,UNSW-NB15,15,0.43278205394744873,0.8017898201942444,0.43718522787094116,0.8016133308410645,56.74756789999083,822.7675195999909
60,UNSW-NB15,15,0.44064757227897644,0.8013126254081726,0.4394594132900238,0.8016133308410645,56.74756789999083,822.7675195999909
61,UNSW-NB15,15,0.4362533986568451,0.8032122850418091,0.4337879717350006,0.8057546615600586,56.74756789999083,822.7675195999909
62,UNSW-NB15,15,0.43423590064048767,0.8041486144065857,0.4374583065509796,0.8046743273735046,56.74756789999083,822.7675195999909
63,UNSW-NB15,15,0.4352622628211975,0.8032392859458923,0.43430110812187195,0.804818332195282,56.74756789999083,822.7675195999909
64,UNSW-NB15,15,0.4325754642486572,0.804922878742218,0.4325534701347351,0.8039180636405945,56.74756789999083,822.7675195999909
1,NSL-KDD,18,0.04905064404010773,0.9845918416976929,0.05933316424489021,0.9813268780708313,46.41673970001284,860.7322645999957
2,NSL-KDD,18,0.04905198514461517,0.9846816658973694,0.051068264991045,0.985007643699646,46.41673970001284,860.7322645999957
3,NSL-KDD,18,0.04592634737491608,0.9854896664619446,0.053715117275714874,0.9824490547180176,46.41673970001284,860.7322645999957
4,NSL-KDD,18,0.04902389645576477,0.9840868711471558,0.054696016013622284,0.9828081727027893,46.41673970001284,860.7322645999957
5,NSL-KDD,18,0.050850942730903625,0.9836379885673523,0.05557510256767273,0.9835712313652039,46.41673970001284,860.7322645999957
6,NSL-KDD,18,0.04898907616734505,0.9841092824935913,0.05619962513446808,0.983526349067688,46.41673970001284,860.7322645999957
7,NSL-KDD,18,0.0466838963329792,0.9849846363067627,0.05279931053519249,0.9842445254325867,46.41673970001284,860.7322645999957
8,NSL-KDD,18,0.04721169173717499,0.9847826361656189,0.05039259046316147,0.9839303493499756,46.41673970001284,860.7322645999957
9,NSL-KDD,18,0.056757207959890366,0.9809895157814026,0.058406174182891846,0.9797109365463257,46.41673970001284,860.7322645999957
10,NSL-KDD,18,0.047937359660863876,0.9845806360244751,0.052768073976039886,0.983526349067688,46.41673970001284,860.7322645999957
11,NSL-KDD,18,0.050647977739572525,0.9839072823524475,0.0551692433655262,0.9818655252456665,46.41673970001284,860.7322645999957
12,NSL-KDD,18,0.050035785883665085,0.9840531945228577,0.06891565769910812,0.9777358770370483,46.41673970001284,860.7322645999957
13,NSL-KDD,18,0.04618462547659874,0.9848611950874329,0.05279325693845749,0.9824041724205017,46.41673970001284,860.7322645999957
14,NSL-KDD,18,0.04715847969055176,0.9845806360244751,0.06290138512849808,0.978723406791687,46.41673970001284,860.7322645999957
15,NSL-KDD,18,0.047233983874320984,0.985164225101471,0.05647647753357887,0.9828081727027893,46.41673970001284,860.7322645999957
16,NSL-KDD,18,0.049726903438568115,0.9843562245368958,0.053138282150030136,0.9824041724205017,46.41673970001284,860.7322645999957
17,NSL-KDD,18,0.050413742661476135,0.983806312084198,0.05371295288205147,0.9828081727027893,46.41673970001284,860.7322645999957
18,NSL-KDD,18,0.05592672899365425,0.9815618395805359,0.059543710201978683,0.9797109365463257,46.41673970001284,860.7322645999957
19,NSL-KDD,18,0.04571743309497833,0.9853325486183167,0.055370353162288666,0.9833468198776245,46.41673970001284,860.7322645999957
20,NSL-KDD,18,0.04976743087172508,0.9838175177574158,0.05060913413763046,0.9838405251502991,46.41673970001284,860.7322645999957
21,NSL-KDD,18,0.05185166373848915,0.9830095171928406,0.05454069375991821,0.9824041724205017,46.41673970001284,860.7322645999957
22,NSL-KDD,18,0.054230790585279465,0.9823362231254578,0.06386283040046692,0.9790825247764587,46.41673970001284,860.7322645999957
23,NSL-KDD,18,0.05569193512201309,0.9821117520332336,0.0623781755566597,0.9817757606506348,46.41673970001284,860.7322645999957
24,NSL-KDD,18,0.04747680947184563,0.9845132827758789,0.04957761615514755,0.9841996431350708,46.41673970001284,860.7322645999957
25,NSL-KDD,18,0.04810187220573425,0.9842888712882996,0.05342483147978783,0.9822245836257935,46.41673970001284,860.7322645999957
26,NSL-KDD,18,0.05121000483632088,0.9838511943817139,0.058529261499643326,0.9806984663009644,46.41673970001284,860.7322645999957
27,NSL-KDD,18,0.04791644588112831,0.9846928715705872,0.0656527727842331,0.9778256416320801,46.41673970001284,860.7322645999957
28,NSL-KDD,18,0.05531293898820877,0.981864869594574,0.05756409838795662,0.9825388193130493,46.41673970001284,860.7322645999957
29,NSL-KDD,18,0.046996038407087326,0.9852203130722046,0.05207819864153862,0.9842894077301025,46.41673970001284,860.7322645999957
30,NSL-KDD,18,0.04993768781423569,0.9843562245368958,0.055251576006412506,0.9832121133804321,46.41673970001284,860.7322645999957
31,NSL-KDD,18,0.05244395509362221,0.9828523993492126,0.06010255590081215,0.979351818561554,46.41673970001284,860.7322645999957
32,NSL-KDD,18,0.049058929085731506,0.9841205477714539,0.055153511464595795,0.9825388193130493,46.41673970001284,860.7322645999957
33,NSL-KDD,18,0.054100047796964645,0.9824708700180054,0.055424414575099945,0.982897937297821,46.41673970001284,860.7322645999957
34,NSL-KDD,18,0.05559177324175835,0.9816403985023499,0.057461928576231,0.9821348190307617,46.41673970001284,860.7322645999957
35,NSL-KDD,18,0.04925253242254257,0.9846367835998535,0.05419372767210007,0.9837058782577515,46.41673970001284,860.7322645999957
36,NSL-KDD,18,0.048473577946424484,0.984816312789917,0.053070444613695145,0.9837058782577515,46.41673970001284,860.7322645999957
37,NSL-KDD,18,0.04764380306005478,0.9846816658973694,0.06365341693162918,0.9795762300491333,46.41673970001284,860.7322645999957
38,NSL-KDD,18,0.0510893277823925,0.9833012819290161,0.05489834025502205,0.9827183485031128,46.41673970001284,860.7322645999957
39,NSL-KDD,18,0.04530230909585953,0.9853774309158325,0.04984292387962341,0.9843791723251343,46.41673970001284,860.7322645999957
40,NSL-KDD,18,0.05089554563164711,0.9833012819290161,0.05326628312468529,0.9823592901229858,46.41673970001284,860.7322645999957
41,NSL-KDD,18,0.045682188123464584,0.9849622249603271,0.050578828901052475,0.9838405251502991,46.41673970001284,860.7322645999957
42,NSL-KDD,18,0.04921245574951172,0.9846816658973694,0.0532773956656456,0.9838405251502991,46.41673970001284,860.7322645999957
43,NSL-KDD,18,0.054410114884376526,0.9823362231254578,0.06322287768125534,0.9798455834388733,46.41673970001284,860.7322645999957
44,NSL-KDD,18,0.04673967882990837,0.985747754573822,0.05335531756281853,0.983526349067688,46.41673970001284,860.7322645999957
45,NSL-KDD,18,0.047717586159706116,0.9851754307746887,0.050973083823919296,0.9850974082946777,46.41673970001284,860.7322645999957
46,NSL-KDD,18,0.05242714285850525,0.9829422235488892,0.06240936368703842,0.9797558188438416,46.41673970001284,860.7322645999957
47,NSL-KDD,18,0.05066826939582825,0.9839409589767456,0.05489726737141609,0.9830325841903687,46.41673970001284,860.7322645999957
48,NSL-KDD,18,0.052605532109737396,0.982987105846405,0.0633518248796463,0.9807433485984802,46.41673970001284,860.7322645999957
49,NSL-KDD,18,0.04681727662682533,0.9850631952285767,0.051196057349443436,0.982897937297821,46.41673970001284,860.7322645999957
50,NSL-KDD,18,0.04920994117856026,0.9842888712882996,0.06508474797010422,0.9773318767547607,46.41673970001284,860.7322645999957
51,NSL-KDD,18,0.053616710007190704,0.9826616644859314,0.057443637400865555,0.9817757606506348,46.41673970001284,860.7322645999957
52,NSL-KDD,18,0.04732699319720268,0.9851417541503906,0.05068068206310272,0.9839752316474915,46.41673970001284,860.7322645999957
53,NSL-KDD,18,0.046426597982645035,0.9849958419799805,0.05058547109365463,0.9844241142272949,46.41673970001284,860.7322645999957
54,NSL-KDD,18,0.05010947585105896,0.9840083122253418,0.051968764513731,0.9850974082946777,46.41673970001284,860.7322645999957
55,NSL-KDD,18,0.05359872430562973,0.9823698401451111,0.06423521041870117,0.9796660542488098,46.41673970001284,860.7322645999957
56,NSL-KDD,18,0.05217332765460014,0.9829309582710266,0.0680622011423111,0.9760750532150269,46.41673970001284,860.7322645999957
57,NSL-KDD,18,0.05114908143877983,0.983727753162384,0.05203268304467201,0.9837507605552673,46.41673970001284,860.7322645999957
58,NSL-KDD,18,0.04986495524644852,0.9835931062698364,0.055699534714221954,0.9820001721382141,46.41673970001284,860.7322645999957
59,NSL-KDD,18,0.04715351387858391,0.9849734306335449,0.05345183238387108,0.983256995677948,46.41673970001284,860.7322645999957
60,NSL-KDD,18,0.0507020577788353,0.9839522242546082,0.0541251040995121,0.9826734662055969,46.41673970001284,860.7322645999957
61,NSL-KDD,18,0.05596998706459999,0.9814945459365845,0.060036785900592804,0.9813717603683472,46.41673970001284,860.7322645999957
62,NSL-KDD,18,0.047346703708171844,0.9850744009017944,0.05203908309340477,0.9841547608375549,46.41673970001284,860.7322645999957
63,NSL-KDD,18,0.0491584949195385,0.9838511943817139,0.06595650315284729,0.9775563478469849,46.41673970001284,860.7322645999957
64,NSL-KDD,18,0.048996955156326294,0.9844459891319275,0.053102053701877594,0.9839752316474915,46.41673970001284,860.7322645999957
1,UNSW-NB15,16,0.4338083863258362,0.8031312823295593,0.43559759855270386,0.8049983978271484,55.59727870003553,878.4178626000066
2,UNSW-NB15,16,0.43535956740379333,0.8022129535675049,0.44371768832206726,0.8016853332519531,55.59727870003553,878.4178626000066
3,UNSW-NB15,16,0.43654248118400574,0.8032122850418091,0.43599531054496765,0.8056465983390808,55.59727870003553,878.4178626000066
4,UNSW-NB15,16,0.42911481857299805,0.8058501482009888,0.4232766032218933,0.8076632618904114,55.59727870003553,878.4178626000066
5,UNSW-NB15,16,0.440801739692688,0.8004933595657349,0.4448133111000061,0.8000648617744446,55.59727870003553,878.4178626000066
6,UNSW-NB15,16,0.4355940520763397,0.8036984205245972,0.45113348960876465,0.7878929972648621,55.59727870003553,878.4178626000066
7,UNSW-NB15,16,0.4304962158203125,0.8043106198310852,0.4464298188686371,0.7918182611465454,55.59727870003553,878.4178626000066
8,UNSW-NB15,16,0.4322669506072998,0.8051749467849731,0.4361332058906555,0.8051784634590149,55.59727870003553,878.4178626000066
9,UNSW-NB15,16,0.43672868609428406,0.8016007542610168,0.44080880284309387,0.7970759272575378,55.59727870003553,878.4178626000066
10,UNSW-NB15,16,0.4298008978366852,0.8053730130195618,0.42675942182540894,0.8058266639709473,55.59727870003553,878.4178626000066
11,UNSW-NB15,16,0.43054813146591187,0.8035093545913696,0.4308011531829834,0.8061507940292358,55.59727870003553,878.4178626000066
12,UNSW-NB15,16,0.4309748709201813,0.8045086860656738,0.4281759262084961,0.8068709969520569,55.59727870003553,878.4178626000066
13,UNSW-NB15,16,0.4335062503814697,0.8038694858551025,0.43037307262420654,0.803737998008728,55.59727870003553,878.4178626000066
14,UNSW-NB15,16,0.4332304298877716,0.8038244843482971,0.4407641887664795,0.799740731716156,55.59727870003553,878.4178626000066
15,UNSW-NB15,16,0.43220624327659607,0.803815484046936,0.4366227388381958,0.8066189289093018,55.59727870003553,878.4178626000066
16,UNSW-NB15,16,0.4373781085014343,0.802834153175354,0.4301649332046509,0.8057906627655029,55.59727870003553,878.4178626000066
17,UNSW-NB15,16,0.43783992528915405,0.8022669553756714,0.4382671117782593,0.8028377294540405,55.59727870003553,878.4178626000066
18,UNSW-NB15,16,0.42961105704307556,0.8046257495880127,0.43256551027297974,0.8028017282485962,55.59727870003553,878.4178626000066
19,UNSW-NB15,16,0.4371219873428345,0.8028071522712708,0.433014452457428,0.8068349957466125,55.59727870003553,878.4178626000066
20,UNSW-NB15,16,0.43037715554237366,0.8051028847694397,0.4325246810913086,0.8063308000564575,55.59727870003553,878.4178626000066
21,UNSW-NB15,16,0.4315202832221985,0.8043016195297241,0.4269385039806366,0.8060427308082581,55.59727870003553,878.4178626000066
22,UNSW-NB15,16,0.43326541781425476,0.8038424849510193,0.4335585832595825,0.8067269325256348,55.59727870003553,878.4178626000066
23,UNSW-NB15,16,0.4323195815086365,0.8040765523910522,0.43967458605766296,0.8037019968032837,55.59727870003553,878.4178626000066
24,UNSW-NB15,16,0.43138667941093445,0.8039595484733582,0.43105825781822205,0.8057186603546143,55.59727870003553,878.4178626000066
25,UNSW-NB15,16,0.4288994371891022,0.8041035532951355,0.433332622051239,0.8026576638221741,55.59727870003553,878.4178626000066
26,UNSW-NB15,16,0.43245720863342285,0.8039325475692749,0.4319510757923126,0.806510865688324,55.59727870003553,878.4178626000066
27,UNSW-NB15,16,0.43138471245765686,0.8046257495880127,0.43513596057891846,0.7966797947883606,55.59727870003553,878.4178626000066
28,UNSW-NB15,16,0.4320307970046997,0.8044456839561462,0.4328654408454895,0.8034139275550842,55.59727870003553,878.4178626000066
29,UNSW-NB15,16,0.437159925699234,0.8021769523620605,0.4312845468521118,0.8034499287605286,55.59727870003553,878.4178626000066
30,UNSW-NB15,16,0.43830984830856323,0.8023660182952881,0.4401424527168274,0.8000288605690002,55.59727870003553,878.4178626000066
31,UNSW-NB15,16,0.4326481819152832,0.804553747177124,0.43534260988235474,0.7963196635246277,55.59727870003553,878.4178626000066
32,UNSW-NB15,16,0.4301162660121918,0.8044636845588684,0.42673876881599426,0.8073031306266785,55.59727870003553,878.4178626000066
33,UNSW-NB15,16,0.43452832102775574,0.8047698140144348,0.4430903196334839,0.7991645932197571,55.59727870003553,878.4178626000066
34,UNSW-NB15,16,0.4316166937351227,0.8031402826309204,0.43581727147102356,0.8068709969520569,55.59727870003553,878.4178626000066
35,UNSW-NB15,16,0.43410468101501465,0.804175615310669,0.4338397979736328,0.8010371327400208,55.59727870003553,878.4178626000066
36,UNSW-NB15,16,0.42965349555015564,0.8053910136222839,0.42493799328804016,0.8085995316505432,55.59727870003553,878.4178626000066
37,UNSW-NB15,16,0.430367112159729,0.8040765523910522,0.4268020987510681,0.8078072667121887,55.59727870003553,878.4178626000066
38,UNSW-NB15,16,0.43258270621299744,0.8030592203140259,0.4311826825141907,0.8062947988510132,55.59727870003553,878.4178626000066
39,UNSW-NB15,16,0.4322521984577179,0.8048688173294067,0.43036484718322754,0.8040621280670166,55.59727870003553,878.4178626000066
40,UNSW-NB15,16,0.434256911277771,0.8035454154014587,0.42989063262939453,0.8054665327072144,55.59727870003553,878.4178626000066
41,UNSW-NB15,16,0.43704792857170105,0.8026180863380432,0.43471473455429077,0.8004249334335327,55.59727870003553,878.4178626000066
42,UNSW-NB15,16,0.4313174784183502,0.8044456839561462,0.43292146921157837,0.8032698631286621,55.59727870003553,878.4178626000066
43,UNSW-NB15,16,0.4323768615722656,0.8030592203140259,0.4303157925605774,0.8041701316833496,55.59727870003553,878.4178626000066
44,UNSW-NB15,16,0.43013089895248413,0.8048778176307678,0.4344482719898224,0.8058986663818359,55.59727870003553,878.4178626000066
45,UNSW-NB15,16,0.43909433484077454,0.8021319508552551,0.4455210268497467,0.8006770610809326,55.59727870003553,878.4178626000066
46,UNSW-NB15,16,0.4341306984424591,0.8038244843482971,0.43645697832107544,0.8052865266799927,55.59727870003553,878.4178626000066
47,UNSW-NB15,16,0.4373331069946289,0.8030952215194702,0.4338779151439667,0.8054665327072144,55.59727870003553,878.4178626000066
48,UNSW-NB15,16,0.43403512239456177,0.8022759556770325,0.4460829496383667,0.8040621280670166,55.59727870003553,878.4178626000066
49,UNSW-NB15,16,0.4323568344116211,0.8041396141052246,0.4352484345436096,0.8029817938804626,55.59727870003553,878.4178626000066
50,UNSW-NB15,16,0.4345140755176544,0.8036174178123474,0.43718400597572327,0.8006049990653992,55.59727870003553,878.4178626000066
51,UNSW-NB15,16,0.43452462553977966,0.8026270866394043,0.4331924617290497,0.8060067296028137,55.59727870003553,878.4178626000066
52,UNSW-NB15,16,0.43026766180992126,0.8055530786514282,0.4251244068145752,0.8083114624023438,55.59727870003553,878.4178626000066
53,UNSW-NB15,16,0.43398231267929077,0.8032212853431702,0.4339514970779419,0.7916021943092346,55.59727870003553,878.4178626000066
54,UNSW-NB15,16,0.433443546295166,0.8029332160949707,0.43421632051467896,0.8028017282485962,55.59727870003553,878.4178626000066
55,UNSW-NB15,16,0.4291495680809021,0.8050218820571899,0.4343584477901459,0.8005329966545105,55.59727870003553,878.4178626000066
56,UNSW-NB15,16,0.43153688311576843,0.8047788143157959,0.42832350730895996,0.8094637989997864,55.59727870003553,878.4178626000066
57,UNSW-NB15,16,0.43106573820114136,0.8046887516975403,0.4321258068084717,0.8055025935173035,55.59727870003553,878.4178626000066
58,UNSW-NB15,16,0.4339919984340668,0.8031942844390869,0.44088900089263916,0.8068349957466125,55.59727870003553,878.4178626000066
59,UNSW-NB15,16,0.4295417368412018,0.8036714196205139,0.43437862396240234,0.8091757297515869,55.59727870003553,878.4178626000066
60,UNSW-NB15,16,0.43862152099609375,0.8024110198020935,0.436993807554245,0.8001008629798889,55.59727870003553,878.4178626000066
61,UNSW-NB15,16,0.4346608817577362,0.802708089351654,0.4306297302246094,0.8072671294212341,55.59727870003553,878.4178626000066
62,UNSW-NB15,16,0.43231624364852905,0.8035634160041809,0.43528756499290466,0.8046382665634155,55.59727870003553,878.4178626000066
63,UNSW-NB15,16,0.43276047706604004,0.8057601451873779,0.43247345089912415,0.8039180636405945,55.59727870003553,878.4178626000066
64,UNSW-NB15,16,0.43134915828704834,0.8041396141052246,0.4391223192214966,0.804710328578949,55.59727870003553,878.4178626000066
1,NSL-KDD,19,0.04707350581884384,0.9852315187454224,0.05332435294985771,0.9842445254325867,45.55154209997272,906.3420715999673
2,NSL-KDD,19,0.046391431242227554,0.9853549599647522,0.051937587559223175,0.9842445254325867,45.55154209997272,906.3420715999673
3,NSL-KDD,19,0.045182157307863235,0.9856691956520081,0.04944116622209549,0.9850525259971619,45.55154209997272,906.3420715999673
4,NSL-KDD,19,0.0481671579182148,0.9846367835998535,0.0527140311896801,0.9830325841903687,45.55154209997272,906.3420715999673
5,NSL-KDD,19,0.04955876246094704,0.9842327833175659,0.060044724494218826,0.9815064072608948,45.55154209997272,906.3420715999673
6,NSL-KDD,19,0.048394035547971725,0.9842439889907837,0.05198528990149498,0.9841547608375549,45.55154209997272,906.3420715999673
7,NSL-KDD,19,0.04646074026823044,0.9850519895553589,0.052414458245038986,0.9828081727027893,45.55154209997272,906.3420715999673
8,NSL-KDD,19,0.046177200973033905,0.9851754307746887,0.04701344296336174,0.9859951734542847,45.55154209997272,906.3420715999673
9,NSL-KDD,19,0.054815080016851425,0.9819546341896057,0.06714917719364166,0.9788580536842346,45.55154209997272,906.3420715999673
10,NSL-KDD,19,0.04703076183795929,0.9853325486183167,0.05262238159775734,0.9834365844726562,45.55154209997272,906.3420715999673
11,NSL-KDD,19,0.04988643527030945,0.9841654300689697,0.0675528421998024,0.9786785244941711,45.55154209997272,906.3420715999673
12,NSL-KDD,19,0.04924823343753815,0.9843225479125977,0.05809599533677101,0.9819552898406982,45.55154209997272,906.3420715999673
13,NSL-KDD,19,0.04544086381793022,0.9853437542915344,0.05322496220469475,0.9830774664878845,45.55154209997272,906.3420715999673
14,NSL-KDD,19,0.04607229679822922,0.9850519895553589,0.05612987279891968,0.9825388193130493,45.55154209997272,906.3420715999673
15,NSL-KDD,19,0.0477524995803833,0.9849846363067627,0.052736345678567886,0.9833018779754639,45.55154209997272,906.3420715999673
16,NSL-KDD,19,0.04824836924672127,0.9845020771026611,0.05043133348226547,0.985007643699646,45.55154209997272,906.3420715999673
17,NSL-KDD,19,0.04844916611909866,0.984468400478363,0.05313293635845184,0.9830774664878845,45.55154209997272,906.3420715999673
18,NSL-KDD,19,0.05297596752643585,0.9827514290809631,0.05804933235049248,0.9819552898406982,45.55154209997272,906.3420715999673
19,NSL-KDD,19,0.04554601386189461,0.9854447245597839,0.054794467985630035,0.9829877018928528,45.55154209997272,906.3420715999673
20,NSL-KDD,19,0.048916518688201904,0.9842888712882996,0.059477727860212326,0.9811024069786072,45.55154209997272,906.3420715999673
21,NSL-KDD,19,0.04986647889018059,0.9841991066932678,0.05356697738170624,0.9831672310829163,45.55154209997272,906.3420715999673
22,NSL-KDD,19,0.052385032176971436,0.9832900762557983,0.05816188454627991,0.9815512895584106,45.55154209997272,906.3420715999673
23,NSL-KDD,19,0.05372009798884392,0.9826953411102295,0.05813244357705116,0.983256995677948,45.55154209997272,906.3420715999673
24,NSL-KDD,19,0.04645136371254921,0.9845806360244751,0.061217229813337326,0.9815512895584106,45.55154209997272,906.3420715999673
25,NSL-KDD,19,0.04696584865450859,0.9848387837409973,0.0492803193628788,0.9846036434173584,45.55154209997272,906.3420715999673
26,NSL-KDD,19,0.05068190395832062,0.983458399772644,0.05281718075275421,0.9837058782577515,45.55154209997272,906.3420715999673
27,NSL-KDD,19,0.04769910126924515,0.9844908714294434,0.053376659750938416,0.9835712313652039,45.55154209997272,906.3420715999673
28,NSL-KDD,19,0.054118797183036804,0.9827289581298828,0.0664914920926094,0.9784091711044312,45.55154209997272,906.3420715999673
29,NSL-KDD,19,0.04565287008881569,0.9854559898376465,0.05095860734581947,0.9846485257148743,45.55154209997272,906.3420715999673
30,NSL-KDD,19,0.04762018844485283,0.984894871711731,0.05203309282660484,0.9847831726074219,45.55154209997272,906.3420715999673
31,NSL-KDD,19,0.051676154136657715,0.9834696650505066,0.058110255748033524,0.9809228777885437,45.55154209997272,906.3420715999673
32,NSL-KDD,19,0.048046551644802094,0.9842888712882996,0.05393761023879051,0.9835712313652039,45.55154209997272,906.3420715999673
33,NSL-KDD,19,0.052245818078517914,0.983065664768219,0.061255745589733124,0.9824490547180176,45.55154209997272,906.3420715999673
34,NSL-KDD,19,0.053636956959962845,0.9823362231254578,0.0586543008685112,0.9813268780708313,45.55154209997272,906.3420715999673
35,NSL-KDD,19,0.04853014647960663,0.984816312789917,0.05101273953914642,0.9837956428527832,45.55154209997272,906.3420715999673
36,NSL-KDD,19,0.047710709273815155,0.9848724007606506,0.05130718648433685,0.9850525259971619,45.55154209997272,906.3420715999673
37,NSL-KDD,19,0.046721816062927246,0.9847152829170227,0.05187652260065079,0.9836161136627197,45.55154209997272,906.3420715999673
38,NSL-KDD,19,0.04977249726653099,0.9839634299278259,0.05694954842329025,0.9823592901229858,45.55154209997272,906.3420715999673
39,NSL-KDD,19,0.044432006776332855,0.9857814311981201,0.059402547776699066,0.9809677600860596,45.55154209997272,906.3420715999673
40,NSL-KDD,19,0.04900487884879112,0.9839297533035278,0.05222553014755249,0.9828530550003052,45.55154209997272,906.3420715999673
41,NSL-KDD,19,0.04453818127512932,0.9855120778083801,0.04998261481523514,0.9839752316474915,45.55154209997272,906.3420715999673
42,NSL-KDD,19,0.04819219559431076,0.9846591949462891,0.05259519815444946,0.9820001721382141,45.55154209997272,906.3420715999673
43,NSL-KDD,19,0.05347907170653343,0.9832339882850647,0.053968168795108795,0.9829428195953369,45.55154209997272,906.3420715999673
44,NSL-KDD,19,0.04701746627688408,0.9850744009017944,0.04969506710767746,0.9845138788223267,45.55154209997272,906.3420715999673
45,NSL-KDD,19,0.047099120914936066,0.9850407838821411,0.04845220595598221,0.9859951734542847,45.55154209997272,906.3420715999673
46,NSL-KDD,19,0.05091135948896408,0.9839297533035278,0.060897890478372574,0.9801598191261292,45.55154209997272,906.3420715999673
47,NSL-KDD,19,0.0485960990190506,0.9845694303512573,0.058034077286720276,0.9814615249633789,45.55154209997272,906.3420715999673
48,NSL-KDD,19,0.05172492563724518,0.9832563996315002,0.054967619478702545,0.9828530550003052,45.55154209997272,906.3420715999673
49,NSL-KDD,19,0.04471464455127716,0.985826313495636,0.05195597559213638,0.9839752316474915,45.55154209997272,906.3420715999673
50,NSL-KDD,19,0.04794532060623169,0.9847826361656189,0.05680534616112709,0.9833468198776245,45.55154209997272,906.3420715999673
51,NSL-KDD,19,0.050721652805805206,0.9842888712882996,0.06416109204292297,0.9791722893714905,45.55154209997272,906.3420715999673
52,NSL-KDD,19,0.04676855728030205,0.9846367835998535,0.05075741931796074,0.9852320551872253,45.55154209997272,906.3420715999673
53,NSL-KDD,19,0.0462159626185894,0.9847826361656189,0.055212266743183136,0.9827632308006287,45.55154209997272,906.3420715999673
54,NSL-KDD,19,0.04915216937661171,0.9847826361656189,0.052266400307416916,0.9845138788223267,45.55154209997272,906.3420715999673
55,NSL-KDD,19,0.05234641209244728,0.9832339882850647,0.05743676796555519,0.9822245836257935,45.55154209997272,906.3420715999673
56,NSL-KDD,19,0.05122442543506622,0.982987105846405,0.05560914799571037,0.98231440782547,45.55154209997272,906.3420715999673
57,NSL-KDD,19,0.04897366091609001,0.9843898415565491,0.05571862682700157,0.9830325841903687,45.55154209997272,906.3420715999673
58,NSL-KDD,19,0.04851657152175903,0.9839185476303101,0.054767247289419174,0.9834365844726562,45.55154209997272,906.3420715999673
59,NSL-KDD,19,0.04714394360780716,0.9848387837409973,0.05461452528834343,0.9826734662055969,45.55154209997272,906.3420715999673
60,NSL-KDD,19,0.04870191588997841,0.9844235181808472,0.05413280427455902,0.9826734662055969,45.55154209997272,906.3420715999673
61,NSL-KDD,19,0.05298595875501633,0.9827851057052612,0.05770675837993622,0.9793967008590698,45.55154209997272,906.3420715999673
62,NSL-KDD,19,0.046155527234077454,0.9851305484771729,0.04959210753440857,0.9842894077301025,45.55154209997272,906.3420715999673
63,NSL-KDD,19,0.04806665703654289,0.9841878414154053,0.05719749256968498,0.9828530550003052,45.55154209997272,906.3420715999673
64,NSL-KDD,19,0.04812578111886978,0.9845806360244751,0.056004106998443604,0.9832121133804321,45.55154209997272,906.3420715999673
1,UNSW-NB15,17,0.43411409854888916,0.8026900887489319,0.4288683831691742,0.8063668608665466,55.5767002000357,934.0502604999929
2,UNSW-NB15,17,0.4338321089744568,0.8035093545913696,0.4373738765716553,0.8001368641853333,55.5767002000357,934.0502604999929
3,UNSW-NB15,17,0.43532508611679077,0.8027351498603821,0.43486958742141724,0.8065469264984131,55.5767002000357,934.0502604999929
4,UNSW-NB15,17,0.4272489547729492,0.8053820133209229,0.4319605827331543,0.8061147332191467,55.5767002000357,934.0502604999929
5,UNSW-NB15,17,0.4388056993484497,0.8013936877250671,0.43928489089012146,0.8017573952674866,55.5767002000357,934.0502604999929
6,UNSW-NB15,17,0.43339091539382935,0.8027801513671875,0.4310170114040375,0.8066549301147461,55.5767002000357,934.0502604999929
7,UNSW-NB15,17,0.42920544743537903,0.8043016195297241,0.43126094341278076,0.8057906627655029,55.5767002000357,934.0502604999929
8,UNSW-NB15,17,0.43144774436950684,0.8031312823295593,0.4335958957672119,0.8045662641525269,55.5767002000357,934.0502604999929
9,UNSW-NB15,17,0.43538564443588257,0.8036534190177917,0.4347025156021118,0.796355664730072,55.5767002000357,934.0502604999929
10,UNSW-NB15,17,0.4282848536968231,0.8047428131103516,0.43087679147720337,0.8085635304450989,55.5767002000357,934.0502604999929
11,UNSW-NB15,17,0.42849820852279663,0.8050488829612732,0.4326915144920349,0.8071951270103455,55.5767002000357,934.0502604999929
12,UNSW-NB15,17,0.4304652214050293,0.8032932877540588,0.4317503273487091,0.8044942617416382,55.5767002000357,934.0502604999929
13,UNSW-NB15,17,0.4318961501121521,0.8037344813346863,0.4322463870048523,0.7926825284957886,55.5767002000357,934.0502604999929
14,UNSW-NB15,17,0.43127942085266113,0.8044276833534241,0.45051899552345276,0.8062947988510132,55.5767002000357,934.0502604999929
15,UNSW-NB15,17,0.430753231048584,0.8050218820571899,0.43375900387763977,0.7994166612625122,55.5767002000357,934.0502604999929
16,UNSW-NB15,17,0.435391366481781,0.8032482862472534,0.44833365082740784,0.8003889322280884,55.5767002000357,934.0502604999929
17,UNSW-NB15,17,0.43524011969566345,0.8031222224235535,0.4358825385570526,0.8017573952674866,55.5767002000357,934.0502604999929
18,UNSW-NB15,17,0.4274822175502777,0.8068674802780151,0.4314897060394287,0.8045662641525269,55.5767002000357,934.0502604999929
19,UNSW-NB15,17,0.4351317882537842,0.803572416305542,0.433346688747406,0.8029457330703735,55.5767002000357,934.0502604999929
20,UNSW-NB15,17,0.42932915687561035,0.804175615310669,0.428896963596344,0.8072311282157898,55.5767002000357,934.0502604999929
21,UNSW-NB15,17,0.430174320936203,0.8037884831428528,0.42651593685150146,0.8092117309570312,55.5767002000357,934.0502604999929
22,UNSW-NB15,17,0.4324553608894348,0.8039505481719971,0.4322190284729004,0.799020528793335,55.5767002000357,934.0502604999929
23,UNSW-NB15,17,0.430521160364151,0.8048418164253235,0.4306219220161438,0.8061147332191467,55.5767002000357,934.0502604999929
24,UNSW-NB15,17,0.4288434088230133,0.8047698140144348,0.43444132804870605,0.8035939931869507,55.5767002000357,934.0502604999929
25,UNSW-NB15,17,0.4279423952102661,0.8054270148277283,0.42803069949150085,0.8065829277038574,55.5767002000357,934.0502604999929
26,UNSW-NB15,17,0.43115150928497314,0.804292619228363,0.4300540089607239,0.8056105971336365,55.5767002000357,934.0502604999929
27,UNSW-NB15,17,0.4297107458114624,0.8045357465744019,0.4291803240776062,0.8051424622535706,55.5767002000357,934.0502604999929
28,UNSW-NB15,17,0.4310525953769684,0.8043466806411743,0.42840519547462463,0.8065469264984131,55.5767002000357,934.0502604999929
29,UNSW-NB15,17,0.435799777507782,0.8022759556770325,0.43119120597839355,0.8066549301147461,55.5767002000357,934.0502604999929
30,UNSW-NB15,17,0.43711531162261963,0.8021409511566162,0.43901491165161133,0.7999567985534668,55.5767002000357,934.0502604999929
31,UNSW-NB15,17,0.43132108449935913,0.8043106198310852,0.4352055788040161,0.8055745959281921,55.5767002000357,934.0502604999929
32,UNSW-NB15,17,0.4285913109779358,0.8057961463928223,0.4338742196559906,0.8058986663818359,55.5767002000357,934.0502604999929
33,UNSW-NB15,17,0.43345996737480164,0.8036714196205139,0.4336669445037842,0.8045662641525269,55.5767002000357,934.0502604999929
34,UNSW-NB15,17,0.4300667643547058,0.805030882358551,0.4410404562950134,0.8018653988838196,55.5767002000357,934.0502604999929
35,UNSW-NB15,17,0.4322403073310852,0.8047788143157959,0.42730867862701416,0.8093557953834534,55.5767002000357,934.0502604999929
36,UNSW-NB15,17,0.42766135931015015,0.8051659464836121,0.44602489471435547,0.7932947278022766,55.5767002000357,934.0502604999929
37,UNSW-NB15,17,0.4290069043636322,0.8043826818466187,0.4242808222770691,0.8088876605033875,55.5767002000357,934.0502604999929
38,UNSW-NB15,17,0.4297010004520416,0.8059672117233276,0.42973798513412476,0.8067269325256348,55.5767002000357,934.0502604999929
39,UNSW-NB15,17,0.43125709891319275,0.8036894202232361,0.4322342872619629,0.8039180636405945,55.5767002000357,934.0502604999929
40,UNSW-NB15,17,0.4322071969509125,0.803815484046936,0.43018054962158203,0.8060067296028137,55.5767002000357,934.0502604999929
41,UNSW-NB15,17,0.43541258573532104,0.8019968867301941,0.43884024024009705,0.8050704598426819,55.5767002000357,934.0502604999929
42,UNSW-NB15,17,0.431051105260849,0.8037794828414917,0.42859947681427,0.8077712655067444,55.5767002000357,934.0502604999929
43,UNSW-NB15,17,0.43162691593170166,0.804049551486969,0.42976829409599304,0.804206132888794,55.5767002000357,934.0502604999929
44,UNSW-NB15,17,0.42864373326301575,0.8046077489852905,0.4363493323326111,0.8008931279182434,55.5767002000357,934.0502604999929
45,UNSW-NB15,17,0.4374341070652008,0.8018708229064941,0.438464492559433,0.8046743273735046,55.5767002000357,934.0502604999929
46,UNSW-NB15,17,0.4329206347465515,0.8036174178123474,0.43783682584762573,0.799632728099823,55.5767002000357,934.0502604999929
47,UNSW-NB15,17,0.4368014931678772,0.8028251528739929,0.4346142113208771,0.7989845275878906,55.5767002000357,934.0502604999929
48,UNSW-NB15,17,0.432704895734787,0.8017718195915222,0.4437110722064972,0.7985163331031799,55.5767002000357,934.0502604999929
49,UNSW-NB15,17,0.43115857243537903,0.8050848841667175,0.4311007559299469,0.8047823309898376,55.5767002000357,934.0502604999929
50,UNSW-NB15,17,0.4331701695919037,0.8037074208259583,0.4410988390445709,0.8027657270431519,55.5767002000357,934.0502604999929
51,UNSW-NB15,17,0.4331382215023041,0.8031582832336426,0.43422675132751465,0.8054665327072144,55.5767002000357,934.0502604999929
52,UNSW-NB15,17,0.4291781783103943,0.8047248125076294,0.4284543991088867,0.8026576638221741,55.5767002000357,934.0502604999929
53,UNSW-NB15,17,0.43169865012168884,0.8032572865486145,0.43084824085235596,0.8043141961097717,55.5767002000357,934.0502604999929
54,UNSW-NB15,17,0.4319620728492737,0.804292619228363,0.4323699474334717,0.8040981292724609,55.5767002000357,934.0502604999929
55,UNSW-NB15,17,0.4283710718154907,0.8053190112113953,0.42365050315856934,0.8094637989997864,55.5767002000357,934.0502604999929
56,UNSW-NB15,17,0.4296899437904358,0.8058231472969055,0.4269522428512573,0.8085635304450989,55.5767002000357,934.0502604999929
57,UNSW-NB15,17,0.4300338327884674,0.8038694858551025,0.4387723207473755,0.7912060618400574,55.5767002000357,934.0502604999929
58,UNSW-NB15,17,0.43248626589775085,0.8043106198310852,0.429343581199646,0.8086355328559875,55.5767002000357,934.0502604999929
59,UNSW-NB15,17,0.42886823415756226,0.8053190112113953,0.4318734407424927,0.8075551986694336,55.5767002000357,934.0502604999929
60,UNSW-NB15,17,0.43719467520713806,0.8017538189888,0.4473233222961426,0.7990565299987793,55.5767002000357,934.0502604999929
61,UNSW-NB15,17,0.43305936455726624,0.8052109479904175,0.43610063195228577,0.8057546615600586,55.5767002000357,934.0502604999929
62,UNSW-NB15,17,0.4308127164840698,0.8040405511856079,0.44118672609329224,0.8013612627983093,55.5767002000357,934.0502604999929
63,UNSW-NB15,17,0.4315296411514282,0.8046077489852905,0.4286164939403534,0.8052504658699036,55.5767002000357,934.0502604999929
64,UNSW-NB15,17,0.42982980608940125,0.8044456839561462,0.4283705949783325,0.8085635304450989,55.5767002000357,934.0502604999929
1,NSL-KDD,20,0.04658069089055061,0.9846704006195068,0.051359452307224274,0.9844689965248108,46.696812099951785,953.0950060999603
2,NSL-KDD,20,0.045521270483732224,0.9856579899787903,0.05002172291278839,0.9841996431350708,46.696812099951785,953.0950060999603
3,NSL-KDD,20,0.04393336549401283,0.9860283136367798,0.047593485563993454,0.9857258200645447,46.696812099951785,953.0950060999603
4,NSL-KDD,20,0.0471760593354702,0.9844123125076294,0.060154542326927185,0.9800251126289368,46.696812099951785,953.0950060999603
5,NSL-KDD,20,0.049404822289943695,0.9836940765380859,0.0533788800239563,0.982897937297821,46.696812099951785,953.0950060999603
6,NSL-KDD,20,0.04727265238761902,0.9841878414154053,0.06020481511950493,0.9809677600860596,46.696812099951785,953.0950060999603
7,NSL-KDD,20,0.04507353901863098,0.9853437542915344,0.05274765193462372,0.9845587611198425,46.696812099951785,953.0950060999603
8,NSL-KDD,20,0.045419201254844666,0.9857028722763062,0.05546467751264572,0.9809677600860596,46.696812099951785,953.0950060999603
9,NSL-KDD,20,0.053391821682453156,0.9824820756912231,0.07969782501459122,0.9740999937057495,46.696812099951785,953.0950060999603
10,NSL-KDD,20,0.04679323732852936,0.9851529598236084,0.052736878395080566,0.9832121133804321,46.696812099951785,953.0950060999603
11,NSL-KDD,20,0.048733729869127274,0.9847265481948853,0.05298001691699028,0.9830774664878845,46.696812099951785,953.0950060999603
12,NSL-KDD,20,0.0481812059879303,0.9844908714294434,0.05277831479907036,0.984738290309906,46.696812099951785,953.0950060999603
13,NSL-KDD,20,0.04465397819876671,0.9855682253837585,0.04695141687989235,0.9851422905921936,46.696812099951785,953.0950060999603
14,NSL-KDD,20,0.04466904327273369,0.9852315187454224,0.0489673838019371,0.9853218197822571,46.696812099951785,953.0950060999603
15,NSL-KDD,20,0.04603934288024902,0.985556960105896,0.04979746416211128,0.9850525259971619,46.696812099951785,953.0950060999603
16,NSL-KDD,20,0.04789784178137779,0.9847152829170227,0.055392369627952576,0.9829428195953369,46.696812099951785,953.0950060999603
17,NSL-KDD,20,0.04859686642885208,0.9840644001960754,0.05247587710618973,0.9834365844726562,46.696812099951785,953.0950060999603
18,NSL-KDD,20,0.05311362072825432,0.982717752456665,0.06095575913786888,0.9786336421966553,46.696812099951785,953.0950060999603
19,NSL-KDD,20,0.044951897114515305,0.9856916666030884,0.05138387903571129,0.9836161136627197,46.696812099951785,953.0950060999603
20,NSL-KDD,20,0.04691934958100319,0.9848499894142151,0.059286803007125854,0.9813717603683472,46.696812099951785,953.0950060999603
21,NSL-KDD,20,0.04941171035170555,0.9843562245368958,0.05039520934224129,0.9845138788223267,46.696812099951785,953.0950060999603
22,NSL-KDD,20,0.05148166045546532,0.9837614297866821,0.05402538925409317,0.9839303493499756,46.696812099951785,953.0950060999603
23,NSL-KDD,20,0.053549204021692276,0.9824933409690857,0.057995591312646866,0.9812371134757996,46.696812099951785,953.0950060999603
24,NSL-KDD,20,0.04632341116666794,0.9848724007606506,0.05086452141404152,0.9839303493499756,46.696812099951785,953.0950060999603
25,NSL-KDD,20,0.04596783593297005,0.9850295186042786,0.06245901808142662,0.9785887598991394,46.696812099951785,953.0950060999603
26,NSL-KDD,20,0.049266692250967026,0.9841317534446716,0.05199112370610237,0.9836609959602356,46.696812099951785,953.0950060999603
27,NSL-KDD,20,0.04556930065155029,0.9854223132133484,0.05587158352136612,0.9830325841903687,46.696812099951785,953.0950060999603
28,NSL-KDD,20,0.0532357282936573,0.9824708700180054,0.05579822137951851,0.983526349067688,46.696812099951785,953.0950060999603
29,NSL-KDD,20,0.04505250230431557,0.9854223132133484,0.051143575459718704,0.9841547608375549,46.696812099951785,953.0950060999603
30,NSL-KDD,20,0.047744523733854294,0.9847938418388367,0.05419696122407913,0.9833018779754639,46.696812099951785,953.0950060999603
31,NSL-KDD,20,0.05083305761218071,0.9832227826118469,0.05225003883242607,0.982628583908081,46.696812099951785,953.0950060999603
32,NSL-KDD,20,0.04665794596076012,0.9849060773849487,0.07888577878475189,0.9729329347610474,46.696812099951785,953.0950060999603
33,NSL-KDD,20,0.05132684111595154,0.9833911061286926,0.05672486498951912,0.9824939370155334,46.696812099951785,953.0950060999603
34,NSL-KDD,20,0.05254153907299042,0.9829646348953247,0.05736100673675537,0.9816859364509583,46.696812099951785,953.0950060999603
35,NSL-KDD,20,0.0470881313085556,0.9849846363067627,0.04999920725822449,0.9846934080123901,46.696812099951785,953.0950060999603
36,NSL-KDD,20,0.04601963236927986,0.9853662252426147,0.0532849058508873,0.9834365844726562,46.696812099951785,953.0950060999603
37,NSL-KDD,20,0.04582424461841583,0.9852539896965027,0.0496029257774353,0.9837507605552673,46.696812099951785,953.0950060999603
38,NSL-KDD,20,0.04775647446513176,0.9845582246780396,0.05908123031258583,0.980204701423645,46.696812099951785,953.0950060999603
39,NSL-KDD,20,0.04396815225481987,0.9855120778083801,0.05040140450000763,0.9836609959602356,46.696812099951785,953.0950060999603
40,NSL-KDD,20,0.04755033552646637,0.984625518321991,0.05241623520851135,0.9828081727027893,46.696812099951785,953.0950060999603
41,NSL-KDD,20,0.043270789086818695,0.9859946370124817,0.04618090018630028,0.9856809377670288,46.696812099951785,953.0950060999603
42,NSL-KDD,20,0.047034021466970444,0.9853774309158325,0.05098198726773262,0.9844689965248108,46.696812099951785,953.0950060999603
43,NSL-KDD,20,0.0503329336643219,0.9840083122253418,0.0534149706363678,0.9827183485031128,46.696812099951785,953.0950060999603
44,NSL-KDD,20,0.04580753296613693,0.9855682253837585,0.053819868713617325,0.9827632308006287,46.696812099951785,953.0950060999603
45,NSL-KDD,20,0.04692479595541954,0.9853998422622681,0.055226415395736694,0.9824490547180176,46.696812099951785,953.0950060999603
46,NSL-KDD,20,0.049544557929039,0.983997106552124,0.053722597658634186,0.9824490547180176,46.696812099951785,953.0950060999603
47,NSL-KDD,20,0.04788784682750702,0.9852315187454224,0.05193070322275162,0.9837956428527832,46.696812099951785,953.0950060999603
48,NSL-KDD,20,0.04953557252883911,0.9843000769615173,0.05883248150348663,0.980204701423645,46.696812099951785,953.0950060999603
49,NSL-KDD,20,0.04405246302485466,0.986017107963562,0.060105860233306885,0.979935348033905,46.696812099951785,953.0950060999603
50,NSL-KDD,20,0.04731925576925278,0.984737753868103,0.059540607035160065,0.9822245836257935,46.696812099951785,953.0950060999603
51,NSL-KDD,20,0.05041199550032616,0.9837951064109802,0.06790497153997421,0.9778256416320801,46.696812099951785,953.0950060999603
52,NSL-KDD,20,0.04622095450758934,0.9852091073989868,0.056582011282444,0.9821348190307617,46.696812099951785,953.0950060999603
53,NSL-KDD,20,0.0449717715382576,0.9853774309158325,0.05236688628792763,0.9835712313652039,46.696812099951785,953.0950060999603
54,NSL-KDD,20,0.04829833284020424,0.984546959400177,0.05467495694756508,0.9846036434173584,46.696812099951785,953.0950060999603
55,NSL-KDD,20,0.050302669405937195,0.9834696650505066,0.06013663113117218,0.9808779954910278,46.696812099951785,953.0950060999603
56,NSL-KDD,20,0.05054111406207085,0.9830768704414368,0.058231692761182785,0.9810575246810913,46.696812099951785,953.0950060999603
57,NSL-KDD,20,0.04871547222137451,0.9840980768203735,0.06009926274418831,0.9796660542488098,46.696812099951785,953.0950060999603
58,NSL-KDD,20,0.04700600355863571,0.9851080775260925,0.05850234255194664,0.9819552898406982,46.696812099951785,953.0950060999603
59,NSL-KDD,20,0.04552922770380974,0.9848724007606506,0.04965496063232422,0.9848280549049377,46.696812099951785,953.0950060999603
60,NSL-KDD,20,0.048705291002988815,0.9843898415565491,0.06241429224610329,0.9790825247764587,46.696812099951785,953.0950060999603
61,NSL-KDD,20,0.05178111046552658,0.9827065467834473,0.06136348843574524,0.9809228777885437,46.696812099951785,953.0950060999603
62,NSL-KDD,20,0.04524492844939232,0.9851305484771729,0.0538981668651104,0.9828081727027893,46.696812099951785,953.0950060999603
63,NSL-KDD,20,0.04840823635458946,0.9842103123664856,0.061926476657390594,0.9800699949264526,46.696812099951785,953.0950060999603
64,NSL-KDD,20,0.04751655086874962,0.9847265481948853,0.054657865315675735,0.9829877018928528,46.696812099951785,953.0950060999603
1,UNSW-NB15,18,0.43139687180519104,0.8028431534767151,0.4267101287841797,0.8061867952346802,32.73323930002516,966.8408517999924
2,UNSW-NB15,18,0.4325185716152191,0.802834153175354,0.44238385558128357,0.7938348650932312,32.73323930002516,966.8408517999924
3,UNSW-NB15,18,0.4336370825767517,0.8040045499801636,0.4303867220878601,0.8006410598754883,32.73323930002516,966.8408517999924
4,UNSW-NB15,18,0.42550718784332275,0.8070655465126038,0.42180415987968445,0.8091757297515869,32.73323930002516,966.8408517999924
5,UNSW-NB15,18,0.4376510977745056,0.8022399544715881,0.434225857257843,0.8070870637893677,32.73323930002516,966.8408517999924
6,UNSW-NB15,18,0.4318886697292328,0.8044276833534241,0.43541690707206726,0.7941229939460754,32.73323930002516,966.8408517999924
7,UNSW-NB15,18,0.4278896749019623,0.8045357465744019,0.4273953437805176,0.803629994392395,32.73323930002516,966.8408517999924
8,UNSW-NB15,18,0.4298957288265228,0.8051119446754456,0.4273703098297119,0.8057906627655029,32.73323930002516,966.8408517999924
9,UNSW-NB15,18,0.43423545360565186,0.803329348564148,0.433575838804245,0.80312579870224,32.73323930002516,966.8408517999924
10,UNSW-NB15,18,0.4273144006729126,0.8057331442832947,0.4301949143409729,0.8049983978271484,32.73323930002516,966.8408517999924
11,UNSW-NB15,18,0.4275800287723541,0.8054900169372559,0.42547711730003357,0.8091037273406982,32.73323930002516,966.8408517999924
12,UNSW-NB15,18,0.42837637662887573,0.8055800795555115,0.4264635741710663,0.8092117309570312,32.73323930002516,966.8408517999924
13,UNSW-NB15,18,0.4296579957008362,0.8053100109100342,0.4317214787006378,0.7983723282814026,32.73323930002516,966.8408517999924
14,UNSW-NB15,18,0.43064776062965393,0.8050218820571899,0.43099313974380493,0.8089236617088318,32.73323930002516,966.8408517999924
15,UNSW-NB15,18,0.42852863669395447,0.8047248125076294,0.42844241857528687,0.8083474636077881,32.73323930002516,966.8408517999924
16,UNSW-NB15,18,0.43361222743988037,0.8045627474784851,0.4346805214881897,0.7930426001548767,32.73323930002516,966.8408517999924
17,UNSW-NB15,18,0.43394050002098083,0.8034283518791199,0.4330829679965973,0.8062227964401245,32.73323930002516,966.8408517999924
18,UNSW-NB15,18,0.4260042607784271,0.80661541223526,0.4264850616455078,0.8085635304450989,32.73323930002516,966.8408517999924
19,UNSW-NB15,18,0.43395453691482544,0.8032572865486145,0.4393455684185028,0.8000648617744446,32.73323930002516,966.8408517999924
20,UNSW-NB15,18,0.4273742735385895,0.8051209449768066,0.4259962737560272,0.8097159266471863,32.73323930002516,966.8408517999924
21,UNSW-NB15,18,0.4275822043418884,0.804661750793457,0.4235527813434601,0.8089596629142761,32.73323930002516,966.8408517999924
22,UNSW-NB15,18,0.4296853840351105,0.804661750793457,0.427410364151001,0.8050704598426819,32.73323930002516,966.8408517999924
23,UNSW-NB15,18,0.42943528294563293,0.8053640127182007,0.4312261939048767,0.8072311282157898,32.73323930002516,966.8408517999924
24,UNSW-NB15,18,0.4280606210231781,0.8045086860656738,0.42891624569892883,0.8062587976455688,32.73323930002516,966.8408517999924
25,UNSW-NB15,18,0.4267822504043579,0.8054180145263672,0.4232316017150879,0.8078793287277222,32.73323930002516,966.8408517999924
26,UNSW-NB15,18,0.42956358194351196,0.8046797513961792,0.42622703313827515,0.798660397529602,32.73323930002516,966.8408517999924
27,UNSW-NB15,18,0.42785146832466125,0.8052019476890564,0.42473408579826355,0.8060067296028137,32.73323930002516,966.8408517999924
28,UNSW-NB15,18,0.42892253398895264,0.8055710792541504,0.4336605966091156,0.8034499287605286,32.73323930002516,966.8408517999924
29,UNSW-NB15,18,0.4332614243030548,0.8032932877540588,0.4350892901420593,0.8028377294540405,32.73323930002516,966.8408517999924
30,UNSW-NB15,18,0.4360693395137787,0.8023750185966492,0.4339578449726105,0.8057906627655029,32.73323930002516,966.8408517999924
31,UNSW-NB15,18,0.4294126331806183,0.8041396141052246,0.43116986751556396,0.8100759983062744,32.73323930002516,966.8408517999924
32,UNSW-NB15,18,0.4271269142627716,0.8058501482009888,0.42848849296569824,0.807123064994812,32.73323930002516,966.8408517999924
33,UNSW-NB15,18,0.43076908588409424,0.805877149105072,0.4312494397163391,0.7976520657539368,32.73323930002516,966.8408517999924
34,UNSW-NB15,18,0.4285028576850891,0.8049138784408569,0.4234228730201721,0.8082394599914551,32.73323930002516,966.8408517999924
35,UNSW-NB15,18,0.4321991801261902,0.8038784861564636,0.42829105257987976,0.8071590662002563,32.73323930002516,966.8408517999924
36,UNSW-NB15,18,0.4259835183620453,0.805634081363678,0.43845289945602417,0.7977961301803589,32.73323930002516,966.8408517999924
37,UNSW-NB15,18,0.42719054222106934,0.805769145488739,0.4230937361717224,0.8084555268287659,32.73323930002516,966.8408517999924
38,UNSW-NB15,18,0.4286583960056305,0.8054270148277283,0.42550063133239746,0.8084915280342102,32.73323930002516,966.8408517999924
39,UNSW-NB15,18,0.4297046661376953,0.8043736815452576,0.43003955483436584,0.8047463297843933,32.73323930002516,966.8408517999924
40,UNSW-NB15,18,0.4315127730369568,0.8048328161239624,0.4275258779525757,0.8057186603546143,32.73323930002516,966.8408517999924
41,UNSW-NB15,18,0.43404293060302734,0.8024380207061768,0.4374728202819824,0.7964277267456055,32.73323930002516,966.8408517999924
42,UNSW-NB15,18,0.4283311069011688,0.8044456839561462,0.42771920561790466,0.8063308000564575,32.73323930002516,966.8408517999924
43,UNSW-NB15,18,0.429924875497818,0.8048418164253235,0.4337095320224762,0.8024415969848633,32.73323930002516,966.8408517999924
44,UNSW-NB15,18,0.4274140000343323,0.8057061433792114,0.42726367712020874,0.8061507940292358,32.73323930002516,966.8408517999924
45,UNSW-NB15,18,0.43507859110832214,0.8029332160949707,0.43412619829177856,0.8026936650276184,32.73323930002516,966.8408517999924
46,UNSW-NB15,18,0.4321972131729126,0.8034283518791199,0.43013665080070496,0.8056825995445251,32.73323930002516,966.8408517999924
47,UNSW-NB15,18,0.4351899027824402,0.8040405511856079,0.43563684821128845,0.792970597743988,32.73323930002516,966.8408517999924
48,UNSW-NB15,18,0.4313725531101227,0.8031402826309204,0.4319109618663788,0.8058266639709473,32.73323930002516,966.8408517999924
49,UNSW-NB15,18,0.4293273389339447,0.8055890798568726,0.43089476227760315,0.8086715936660767,32.73323930002516,966.8408517999924
50,UNSW-NB15,18,0.43222036957740784,0.8041125535964966,0.4329490661621094,0.8046022653579712,32.73323930002516,966.8408517999924
51,UNSW-NB15,18,0.4303892254829407,0.8048148155212402,0.43593358993530273,0.8010731935501099,32.73323930002516,966.8408517999924
52,UNSW-NB15,18,0.4266052842140198,0.806138277053833,0.43059617280960083,0.8061147332191467,32.73323930002516,966.8408517999924
53,UNSW-NB15,18,0.4307278096675873,0.802960216999054,0.4315662682056427,0.8085995316505432,32.73323930002516,966.8408517999924
54,UNSW-NB15,18,0.43015602231025696,0.8056070804595947,0.4311891198158264,0.804710328578949,32.73323930002516,966.8408517999924
55,UNSW-NB15,18,0.426195353269577,0.8064443469047546,0.42525455355644226,0.8101119995117188,32.73323930002516,966.8408517999924
56,UNSW-NB15,18,0.4282645285129547,0.8058051466941833,0.42936307191848755,0.8038460612297058,32.73323930002516,966.8408517999924
57,UNSW-NB15,18,0.42853978276252747,0.8047518134117126,0.42778685688972473,0.805322527885437,32.73323930002516,966.8408517999924
58,UNSW-NB15,18,0.43108344078063965,0.805030882358551,0.42760133743286133,0.8044942617416382,32.73323930002516,966.8408517999924
59,UNSW-NB15,18,0.4278203547000885,0.8046797513961792,0.4349707365036011,0.8062947988510132,32.73323930002516,966.8408517999924
60,UNSW-NB15,18,0.4350857436656952,0.803203284740448,0.4337467849254608,0.8018293976783752,32.73323930002516,966.8408517999924
61,UNSW-NB15,18,0.43122419714927673,0.8043196797370911,0.43924206495285034,0.8028737306594849,32.73323930002516,966.8408517999924
62,UNSW-NB15,18,0.4289441704750061,0.8049588799476624,0.42972975969314575,0.8069429993629456,32.73323930002516,966.8408517999924
63,UNSW-NB15,18,0.4295770823955536,0.8057961463928223,0.42915642261505127,0.804818332195282,32.73323930002516,966.8408517999924
64,UNSW-NB15,18,0.4288954436779022,0.805526077747345,0.43075135350227356,0.8037739992141724,32.73323930002516,966.8408517999924
1,UNSW-NB15,19,0.4298182725906372,0.8042296171188354,0.4360784590244293,0.8011091947555542,22.669866499956697,989.5839909999631
2,UNSW-NB15,19,0.43102341890335083,0.8040135502815247,0.4305098354816437,0.8041701316833496,22.669866499956697,989.5839909999631
3,UNSW-NB15,19,0.4321478307247162,0.8037164211273193,0.4341944456100464,0.8023695945739746,22.669866499956697,989.5839909999631
4,UNSW-NB15,19,0.4252097010612488,0.8058681488037109,0.4293878972530365,0.8058626651763916,22.669866499956697,989.5839909999631
5,UNSW-NB15,19,0.4362527132034302,0.8028251528739929,0.437288761138916,0.8060427308082581,22.669866499956697,989.5839909999631
6,UNSW-NB15,19,0.43081629276275635,0.803914487361908,0.4274996221065521,0.8068709969520569,22.669866499956697,989.5839909999631
7,UNSW-NB15,19,0.4268963932991028,0.8046167492866516,0.4263508915901184,0.8075191974639893,22.669866499956697,989.5839909999631
8,UNSW-NB15,19,0.42786750197410583,0.8056700825691223,0.43113070726394653,0.7941949963569641,22.669866499956697,989.5839909999631
9,UNSW-NB15,19,0.4326933026313782,0.8026270866394043,0.4285522997379303,0.8049983978271484,22.669866499956697,989.5839909999631
10,UNSW-NB15,19,0.4254368543624878,0.8067684769630432,0.42276880145072937,0.8060067296028137,22.669866499956697,989.5839909999631
11,UNSW-NB15,19,0.42505887150764465,0.806849479675293,0.42254868149757385,0.8082754611968994,22.669866499956697,989.5839909999631
12,UNSW-NB15,19,0.4274883568286896,0.8047698140144348,0.4265778660774231,0.8079873323440552,22.669866499956697,989.5839909999631
13,UNSW-NB15,19,0.42912259697914124,0.8045357465744019,0.4278442859649658,0.8015413284301758,22.669866499956697,989.5839909999631
14,UNSW-NB15,19,0.42823803424835205,0.8058051466941833,0.43105271458625793,0.8043141961097717,22.669866499956697,989.5839909999631
15,UNSW-NB15,19,0.426655113697052,0.8059492111206055,0.4259519577026367,0.8069790601730347,22.669866499956697,989.5839909999631
16,UNSW-NB15,19,0.4321318566799164,0.8038334846496582,0.43370386958122253,0.8044942617416382,22.669866499956697,989.5839909999631
17,UNSW-NB15,19,0.43277472257614136,0.8039505481719971,0.43615856766700745,0.8038460612297058,22.669866499956697,989.5839909999631
18,UNSW-NB15,19,0.42437273263931274,0.8073266744613647,0.4278722107410431,0.7983723282814026,22.669866499956697,989.5839909999631
19,UNSW-NB15,19,0.4323161244392395,0.8052739500999451,0.4327259957790375,0.8051784634590149,22.669866499956697,989.5839909999631
20,UNSW-NB15,19,0.42624467611312866,0.8057961463928223,0.4281793534755707,0.8065469264984131,22.669866499956697,989.5839909999631
21,UNSW-NB15,19,0.4257556200027466,0.8062372803688049,0.43249446153640747,0.8086355328559875,22.669866499956697,989.5839909999631
22,UNSW-NB15,19,0.42912355065345764,0.8059672117233276,0.4263856112957001,0.809787929058075,22.669866499956697,989.5839909999631
23,UNSW-NB15,19,0.42862609028816223,0.8053730130195618,0.4304400384426117,0.8089956641197205,22.669866499956697,989.5839909999631
24,UNSW-NB15,19,0.4261588752269745,0.8061562776565552,0.4283435642719269,0.8066549301147461,22.669866499956697,989.5839909999631
25,UNSW-NB15,19,0.42419740557670593,0.8068404793739319,0.42319104075431824,0.8068349957466125,22.669866499956697,989.5839909999631
26,UNSW-NB15,19,0.4279954731464386,0.8054990172386169,0.429431289434433,0.805322527885437,22.669866499956697,989.5839909999631
27,UNSW-NB15,19,0.4268481135368347,0.8067054748535156,0.4349254369735718,0.8034499287605286,22.669866499956697,989.5839909999631
28,UNSW-NB15,19,0.428305447101593,0.805634081363678,0.42901456356048584,0.8031617999076843,22.669866499956697,989.5839909999631
29,UNSW-NB15,19,0.43230006098747253,0.8034643530845642,0.43104493618011475,0.8071590662002563,22.669866499956697,989.5839909999631
30,UNSW-NB15,19,0.4340074062347412,0.8027891516685486,0.43928536772727966,0.803629994392395,22.669866499956697,989.5839909999631
31,UNSW-NB15,19,0.42813119292259216,0.8059492111206055,0.42389562726020813,0.8107241988182068,22.669866499956697,989.5839909999631
32,UNSW-NB15,19,0.4262968599796295,0.8065434098243713,0.4252554774284363,0.8076632618904114,22.669866499956697,989.5839909999631
33,UNSW-NB15,19,0.43063583970069885,0.8064083456993103,0.4344647228717804,0.7950592637062073,22.669866499956697,989.5839909999631
34,UNSW-NB15,19,0.42726966738700867,0.8052829504013062,0.4272381067276001,0.8043501973152161,22.669866499956697,989.5839909999631
35,UNSW-NB15,19,0.4300662577152252,0.805030882358551,0.4325694143772125,0.8064388632774353,22.669866499956697,989.5839909999631
36,UNSW-NB15,19,0.4244374930858612,0.8071286082267761,0.42458295822143555,0.804818332195282,22.669866499956697,989.5839909999631
37,UNSW-NB15,19,0.425780326128006,0.8068224787712097,0.42851224541664124,0.8081673979759216,22.669866499956697,989.5839909999631
38,UNSW-NB15,19,0.4270738959312439,0.8060482144355774,0.4300675690174103,0.8035939931869507,22.669866499956697,989.5839909999631
39,UNSW-NB15,19,0.42766067385673523,0.8063453435897827,0.4332507848739624,0.7986963987350464,22.669866499956697,989.5839909999631
40,UNSW-NB15,19,0.42869633436203003,0.8060212135314941,0.43954387307167053,0.8030897974967957,22.669866499956697,989.5839909999631
41,UNSW-NB15,19,0.43248558044433594,0.8041306138038635,0.4310585856437683,0.8009291291236877,22.669866499956697,989.5839909999631
42,UNSW-NB15,19,0.4275653660297394,0.8050578832626343,0.4247540831565857,0.8092477321624756,22.669866499956697,989.5839909999631
43,UNSW-NB15,19,0.4283415973186493,0.8053100109100342,0.43033239245414734,0.7987684607505798,22.669866499956697,989.5839909999631
44,UNSW-NB15,19,0.4249531626701355,0.8057421445846558,0.4226268529891968,0.8090316653251648,22.669866499956697,989.5839909999631
45,UNSW-NB15,19,0.4343232214450836,0.8032572865486145,0.4377593994140625,0.7995606660842896,22.669866499956697,989.5839909999631
46,UNSW-NB15,19,0.4297093152999878,0.8048508167266846,0.4335079491138458,0.7936547994613647,22.669866499956697,989.5839909999631
47,UNSW-NB15,19,0.43300434947013855,0.803680419921875,0.43357840180397034,0.8064388632774353,22.669866499956697,989.5839909999631
48,UNSW-NB15,19,0.4299798309803009,0.8043286800384521,0.4301134943962097,0.8065829277038574,22.669866499956697,989.5839909999631
49,UNSW-NB15,19,0.4283258616924286,0.8050398826599121,0.44777825474739075,0.8001368641853333,22.669866499956697,989.5839909999631
50,UNSW-NB15,19,0.4294436573982239,0.8057781457901001,0.42708685994148254,0.8083834648132324,22.669866499956697,989.5839909999631
51,UNSW-NB15,19,0.4286009669303894,0.8053009510040283,0.42633751034736633,0.8088515996932983,22.669866499956697,989.5839909999631
52,UNSW-NB15,19,0.425361305475235,0.8065434098243713,0.4243917465209961,0.8060067296028137,22.669866499956697,989.5839909999631
53,UNSW-NB15,19,0.4287418723106384,0.8037434816360474,0.4314160645008087,0.8055025935173035,22.669866499956697,989.5839909999631
54,UNSW-NB15,19,0.4284592866897583,0.8052469491958618,0.4293960928916931,0.8050704598426819,22.669866499956697,989.5839909999631
55,UNSW-NB15,19,0.4253346920013428,0.8069035410881042,0.42705947160720825,0.7981202602386475,22.669866499956697,989.5839909999631
56,UNSW-NB15,19,0.42731088399887085,0.8058591485023499,0.43238019943237305,0.8046382665634155,22.669866499956697,989.5839909999631
57,UNSW-NB15,19,0.42665988206863403,0.8060932159423828,0.4282006621360779,0.8001008629798889,22.669866499956697,989.5839909999631
58,UNSW-NB15,19,0.4297516644001007,0.8044546842575073,0.4295782446861267,0.8085635304450989,22.669866499956697,989.5839909999631
59,UNSW-NB15,19,0.42620527744293213,0.8057961463928223,0.43305879831314087,0.7967157959938049,22.669866499956697,989.5839909999631
60,UNSW-NB15,19,0.4339403212070465,0.8030412197113037,0.43111565709114075,0.8031617999076843,22.669866499956697,989.5839909999631
61,UNSW-NB15,19,0.43080103397369385,0.8040945529937744,0.42716464400291443,0.8073031306266785,22.669866499956697,989.5839909999631
62,UNSW-NB15,19,0.4269918203353882,0.806372344493866,0.4261605143547058,0.8070510625839233,22.669866499956697,989.5839909999631
63,UNSW-NB15,19,0.4284730851650238,0.805877149105072,0.4269089996814728,0.8069069981575012,22.669866499956697,989.5839909999631
64,UNSW-NB15,19,0.4280833601951599,0.8064713478088379,0.4260120391845703,0.8095718622207642,22.669866499956697,989.5839909999631
1,UNSW-NB15,20,0.42854321002960205,0.8051479458808899,0.4264872968196869,0.8067989945411682,22.81388520001201,1012.4513345999876
2,UNSW-NB15,20,0.42973920702934265,0.8044816851615906,0.4311448633670807,0.7967877984046936,22.81388520001201,1012.4513345999876
3,UNSW-NB15,20,0.4298718571662903,0.8050668835639954,0.43008241057395935,0.8057546615600586,22.81388520001201,1012.4513345999876
4,UNSW-NB15,20,0.4223357141017914,0.8065434098243713,0.4258325695991516,0.8053945302963257,22.81388520001201,1012.4513345999876
5,UNSW-NB15,20,0.43580353260040283,0.8024020195007324,0.4423622786998749,0.7975440621376038,22.81388520001201,1012.4513345999876
6,UNSW-NB15,20,0.4291798770427704,0.8049858808517456,0.42837995290756226,0.8086715936660767,22.81388520001201,1012.4513345999876
7,UNSW-NB15,20,0.4247158169746399,0.8059942126274109,0.4241081774234772,0.798552393913269,22.81388520001201,1012.4513345999876
8,UNSW-NB15,20,0.42788970470428467,0.8058591485023499,0.42623451352119446,0.7989124655723572,22.81388520001201,1012.4513345999876
9,UNSW-NB15,20,0.4317215383052826,0.8043106198310852,0.4303756356239319,0.8070510625839233,22.81388520001201,1012.4513345999876
10,UNSW-NB15,20,0.42333871126174927,0.8071916103363037,0.4276033341884613,0.8075191974639893,22.81388520001201,1012.4513345999876
11,UNSW-NB15,20,0.42349448800086975,0.8064353466033936,0.42077845335006714,0.8091037273406982,22.81388520001201,1012.4513345999876
12,UNSW-NB15,20,0.42579203844070435,0.8050668835639954,0.4303021728992462,0.7997047305107117,22.81388520001201,1012.4513345999876
13,UNSW-NB15,20,0.42788124084472656,0.8050128817558289,0.43044012784957886,0.8048903942108154,22.81388520001201,1012.4513345999876
14,UNSW-NB15,20,0.4267178177833557,0.8068224787712097,0.4260638356208801,0.8078433275222778,22.81388520001201,1012.4513345999876
15,UNSW-NB15,20,0.425737202167511,0.8057511448860168,0.4269629716873169,0.8095358610153198,22.81388520001201,1012.4513345999876
16,UNSW-NB15,20,0.42959722876548767,0.8049408793449402,0.42988768219947815,0.7960315942764282,22.81388520001201,1012.4513345999876
17,UNSW-NB15,20,0.4314633905887604,0.8040135502815247,0.43225982785224915,0.8080593943595886,22.81388520001201,1012.4513345999876
18,UNSW-NB15,20,0.4239025413990021,0.8074346780776978,0.42431795597076416,0.8020814657211304,22.81388520001201,1012.4513345999876
19,UNSW-NB15,20,0.4308932423591614,0.8056520819664001,0.42748966813087463,0.7988404631614685,22.81388520001201,1012.4513345999876
20,UNSW-NB15,20,0.4242872893810272,0.8058321475982666,0.4244621992111206,0.8078793287277222,22.81388520001201,1012.4513345999876
21,UNSW-NB15,20,0.4241796135902405,0.8063363432884216,0.4233093857765198,0.8057546615600586,22.81388520001201,1012.4513345999876
22,UNSW-NB15,20,0.42762234807014465,0.8048418164253235,0.4302087426185608,0.8029097318649292,22.81388520001201,1012.4513345999876
23,UNSW-NB15,20,0.42714977264404297,0.8062372803688049,0.4298904240131378,0.7953473329544067,22.81388520001201,1012.4513345999876
24,UNSW-NB15,20,0.42491036653518677,0.8066784143447876,0.42705056071281433,0.8053585290908813,22.81388520001201,1012.4513345999876
25,UNSW-NB15,20,0.4220508337020874,0.8075157403945923,0.4207251965999603,0.8079873323440552,22.81388520001201,1012.4513345999876
26,UNSW-NB15,20,0.4271772503852844,0.8053910136222839,0.426606684923172,0.8087435960769653,22.81388520001201,1012.4513345999876
27,UNSW-NB15,20,0.4251837134361267,0.8065614104270935,0.4265180230140686,0.8053945302963257,22.81388520001201,1012.4513345999876
28,UNSW-NB15,20,0.42731592059135437,0.8051479458808899,0.4306018054485321,0.8033418655395508,22.81388520001201,1012.4513345999876
29,UNSW-NB15,20,0.43167445063591003,0.8037884831428528,0.4282227158546448,0.8054665327072144,22.81388520001201,1012.4513345999876
30,UNSW-NB15,20,0.4330247938632965,0.802699089050293,0.43563321232795715,0.7941229939460754,22.81388520001201,1012.4513345999876
31,UNSW-NB15,20,0.4263213574886322,0.8061742782592773,0.42798087000846863,0.8013972640037537,22.81388520001201,1012.4513345999876
32,UNSW-NB15,20,0.42388394474983215,0.8075427412986755,0.42223331332206726,0.8034859299659729,22.81388520001201,1012.4513345999876
33,UNSW-NB15,20,0.4291306436061859,0.8055440783500671,0.4339972138404846,0.799020528793335,22.81388520001201,1012.4513345999876
34,UNSW-NB15,20,0.4253505766391754,0.8062282800674438,0.4330366849899292,0.8007850646972656,22.81388520001201,1012.4513345999876
35,UNSW-NB15,20,0.4289242923259735,0.8060122132301331,0.4317275285720825,0.807627260684967,22.81388520001201,1012.4513345999876
36,UNSW-NB15,20,0.4236965775489807,0.8064263463020325,0.4233989119529724,0.8080233931541443,22.81388520001201,1012.4513345999876
37,UNSW-NB15,20,0.4239794909954071,0.8069125413894653,0.4237220287322998,0.8089236617088318,22.81388520001201,1012.4513345999876
38,UNSW-NB15,20,0.4260121285915375,0.8060932159423828,0.42538413405418396,0.8079873323440552,22.81388520001201,1012.4513345999876
39,UNSW-NB15,20,0.4266849458217621,0.8056070804595947,0.4308112859725952,0.8037739992141724,22.81388520001201,1012.4513345999876
40,UNSW-NB15,20,0.42808786034584045,0.8064533472061157,0.4222365915775299,0.8063308000564575,22.81388520001201,1012.4513345999876
41,UNSW-NB15,20,0.4316062331199646,0.8043556809425354,0.4263448715209961,0.8056105971336365,22.81388520001201,1012.4513345999876
42,UNSW-NB15,20,0.4261676073074341,0.8054990172386169,0.4307267665863037,0.803629994392395,22.81388520001201,1012.4513345999876
43,UNSW-NB15,20,0.4279842972755432,0.806246280670166,0.42711859941482544,0.8070870637893677,22.81388520001201,1012.4513345999876
44,UNSW-NB15,20,0.4240586459636688,0.8058951497077942,0.4250226318836212,0.8093917965888977,22.81388520001201,1012.4513345999876
45,UNSW-NB15,20,0.43360665440559387,0.8029962182044983,0.436673104763031,0.795635461807251,22.81388520001201,1012.4513345999876
46,UNSW-NB15,20,0.42839905619621277,0.8046077489852905,0.43768611550331116,0.8034139275550842,22.81388520001201,1012.4513345999876
47,UNSW-NB15,20,0.4314917325973511,0.8047428131103516,0.43011191487312317,0.8069429993629456,22.81388520001201,1012.4513345999876
48,UNSW-NB15,20,0.42909765243530273,0.804175615310669,0.4375286400318146,0.8003889322280884,22.81388520001201,1012.4513345999876
49,UNSW-NB15,20,0.42754727602005005,0.8063543438911438,0.43263572454452515,0.7945911288261414,22.81388520001201,1012.4513345999876
50,UNSW-NB15,20,0.4279082119464874,0.8056610822677612,0.4279639720916748,0.8030897974967957,22.81388520001201,1012.4513345999876
51,UNSW-NB15,20,0.4285377264022827,0.8056430816650391,0.4296678900718689,0.8044221997261047,22.81388520001201,1012.4513345999876
52,UNSW-NB15,20,0.4230940341949463,0.8063543438911438,0.42718297243118286,0.8056465983390808,22.81388520001201,1012.4513345999876
53,UNSW-NB15,20,0.4269711971282959,0.8058231472969055,0.43045926094055176,0.804818332195282,22.81388520001201,1012.4513345999876
54,UNSW-NB15,20,0.42750483751296997,0.8053820133209229,0.42626988887786865,0.8033058643341064,22.81388520001201,1012.4513345999876
55,UNSW-NB15,20,0.4235180616378784,0.807227611541748,0.429561972618103,0.809787929058075,22.81388520001201,1012.4513345999876
56,UNSW-NB15,20,0.42569345235824585,0.8081099390983582,0.42717230319976807,0.808095395565033,22.81388520001201,1012.4513345999876
57,UNSW-NB15,20,0.42518723011016846,0.8059582114219666,0.42582204937934875,0.8047823309898376,22.81388520001201,1012.4513345999876
58,UNSW-NB15,20,0.4293920695781708,0.8047248125076294,0.4273402690887451,0.808203399181366,22.81388520001201,1012.4513345999876
59,UNSW-NB15,20,0.42540717124938965,0.8061022758483887,0.4286206364631653,0.7950232625007629,22.81388520001201,1012.4513345999876
60,UNSW-NB15,20,0.431814044713974,0.8045086860656738,0.4309810698032379,0.806402862071991,22.81388520001201,1012.4513345999876
61,UNSW-NB15,20,0.42894187569618225,0.8059672117233276,0.4338354766368866,0.8063308000564575,22.81388520001201,1012.4513345999876
62,UNSW-NB15,20,0.4259905517101288,0.8072366118431091,0.4264172315597534,0.799020528793335,22.81388520001201,1012.4513345999876
63,UNSW-NB15,20,0.42773863673210144,0.8066874146461487,0.4287508428096771,0.8020814657211304,22.81388520001201,1012.4513345999876
64,UNSW-NB15,20,0.4256587028503418,0.8067774772644043,0.4299967885017395,0.8039900660514832,22.81388520001201,1012.4513345999876
