seed,dataset,epoch,train_loss,train_accuracy,val_loss,val_accuracy,epoch_seconds_bank,elapsed_seconds_global
1,NSL-KDD,1,0.22385305166244507,0.9309272766113281,0.12147067487239838,0.9651658535003662,17.721367999969516,19.395520599966403
2,NSL-KDD,1,0.22316086292266846,0.9322290420532227,0.11519978940486908,0.9631907343864441,17.721367999969516,19.395520599966403
3,NSL-KDD,1,0.21502912044525146,0.9349784851074219,0.1239081472158432,0.9621582627296448,17.721367999969516,19.395520599966403
4,NSL-KDD,1,0.2174181044101715,0.9358201622962952,0.12448479980230331,0.9560533165931702,17.721367999969516,19.395520599966403
5,NSL-KDD,1,0.2256011962890625,0.9329023361206055,0.13714852929115295,0.9587017893791199,17.721367999969516,19.395520599966403
6,NSL-KDD,1,0.2164805382490158,0.9322963356971741,0.11818353831768036,0.9617542624473572,17.721367999969516,19.395520599966403
7,NSL-KDD,1,0.21023167669773102,0.9361680150032043,0.12767340242862701,0.9627418518066406,17.721367999969516,19.395520599966403
8,NSL-KDD,1,0.21878626942634583,0.9337776899337769,0.12479721754789352,0.9605871438980103,17.721367999969516,19.395520599966403
9,NSL-KDD,1,0.2232062816619873,0.9301192760467529,0.13123032450675964,0.9588813781738281,17.721367999969516,19.395520599966403
10,NSL-KDD,1,0.20845980942249298,0.9346530437469482,0.1297789365053177,0.9599137902259827,17.721367999969516,19.395520599966403
11,NSL-KDD,1,0.22346800565719604,0.9300631284713745,0.12728416919708252,0.9588813781738281,17.721367999969516,19.395520599966403
12,NSL-KDD,1,0.219410240650177,0.9325544834136963,0.13425926864147186,0.9629213809967041,17.721367999969516,19.395520599966403
13,NSL-KDD,1,0.21736939251422882,0.9323973655700684,0.11598768830299377,0.9642232060432434,17.721367999969516,19.395520599966403
14,NSL-KDD,1,0.2149563431739807,0.9357191324234009,0.12292172759771347,0.9617542624473572,17.721367999969516,19.395520599966403
15,NSL-KDD,1,0.22297294437885284,0.9328462481498718,0.1349940448999405,0.9639089703559875,17.721367999969516,19.395520599966403
16,NSL-KDD,1,0.22310273349285126,0.9320831298828125,0.1339300572872162,0.9590609073638916,17.721367999969516,19.395520599966403
17,NSL-KDD,1,0.21645036339759827,0.9356181621551514,0.1436528116464615,0.9596444964408875,17.721367999969516,19.395520599966403
18,NSL-KDD,1,0.21294015645980835,0.93660569190979,0.1286511868238449,0.9642232060432434,17.721367999969516,19.395520599966403
19,NSL-KDD,1,0.2327190339565277,0.9246876835823059,0.13416363298892975,0.9605871438980103,17.721367999969516,19.395520599966403
20,NSL-KDD,1,0.22194074094295502,0.9325768947601318,0.1369846761226654,0.9610809683799744,17.721367999969516,19.395520599966403
21,NSL-KDD,1,0.21499861776828766,0.9339011311531067,0.11980123072862625,0.9622929692268372,17.721367999969516,19.395520599966403
22,NSL-KDD,1,0.22489294409751892,0.9296815991401672,0.14999404549598694,0.958387553691864,17.721367999969516,19.395520599966403
23,NSL-KDD,1,0.2145230919122696,0.9357303380966187,0.1598118245601654,0.9615298509597778,17.721367999969516,19.395520599966403
24,NSL-KDD,1,0.22014251351356506,0.9341480135917664,0.11751800030469894,0.9635049700737,17.721367999969516,19.395520599966403
25,NSL-KDD,1,0.21544335782527924,0.9355396032333374,0.13312029838562012,0.9610360264778137,17.721367999969516,19.395520599966403
26,NSL-KDD,1,0.22499822080135345,0.9295581579208374,0.1288880854845047,0.9616196155548096,17.721367999969516,19.395520599966403
27,NSL-KDD,1,0.22421638667583466,0.9328125715255737,0.12203109264373779,0.9595097899436951,17.721367999969516,19.395520599966403
28,NSL-KDD,1,0.22050225734710693,0.9345071315765381,0.143366739153862,0.9548413157463074,17.721367999969516,19.395520599966403
29,NSL-KDD,1,0.22436614334583282,0.9312414526939392,0.1273694634437561,0.9627418518066406,17.721367999969516,19.395520599966403
30,NSL-KDD,1,0.22100037336349487,0.9322963356971741,0.13999181985855103,0.9579835534095764,17.721367999969516,19.395520599966403
31,NSL-KDD,1,0.21159859001636505,0.9357752203941345,0.11515655368566513,0.962337851524353,17.721367999969516,19.395520599966403
32,NSL-KDD,1,0.2348078191280365,0.9297938346862793,0.13515476882457733,0.9602280259132385,17.721367999969516,19.395520599966403
33,NSL-KDD,1,0.21411190927028656,0.9365944862365723,0.11535066366195679,0.9612604975700378,17.721367999969516,19.395520599966403
34,NSL-KDD,1,0.2198135405778885,0.935943603515625,0.1313689798116684,0.9621582627296448,17.721367999969516,19.395520599966403
35,NSL-KDD,1,0.21829187870025635,0.9331268072128296,0.12078389525413513,0.960676908493042,17.721367999969516,19.395520599966403
36,NSL-KDD,1,0.22289541363716125,0.9329023361206055,0.13163639605045319,0.9581631422042847,17.721367999969516,19.395520599966403
37,NSL-KDD,1,0.22617563605308533,0.9332502484321594,0.12942537665367126,0.9634600877761841,17.721367999969516,19.395520599966403
38,NSL-KDD,1,0.2259979248046875,0.9309945702552795,0.13411466777324677,0.961215615272522,17.721367999969516,19.395520599966403
39,NSL-KDD,1,0.22603388130664825,0.9318362474441528,0.11312973499298096,0.9619787335395813,17.721367999969516,19.395520599966403
40,NSL-KDD,1,0.22215205430984497,0.9312190413475037,0.13178247213363647,0.9591057896614075,17.721367999969516,19.395520599966403
41,NSL-KDD,1,0.2165188491344452,0.9355844855308533,0.13201528787612915,0.9584324955940247,17.721367999969516,19.395520599966403
42,NSL-KDD,1,0.21840648353099823,0.9310394525527954,0.1325332075357437,0.9611258506774902,17.721367999969516,19.395520599966403
43,NSL-KDD,1,0.2064126431941986,0.9348101615905762,0.1216999962925911,0.9605422616004944,17.721367999969516,19.395520599966403
44,NSL-KDD,1,0.2168332040309906,0.9326667189598083,0.15044046938419342,0.9557390809059143,17.721367999969516,19.395520599966403
45,NSL-KDD,1,0.2260092943906784,0.9301528930664062,0.131187304854393,0.9636844992637634,17.721367999969516,19.395520599966403
46,NSL-KDD,1,0.22927385568618774,0.9298611283302307,0.1125946044921875,0.9634152054786682,17.721367999969516,19.395520599966403
47,NSL-KDD,1,0.2177535593509674,0.9349896907806396,0.11719074100255966,0.9631458520889282,17.721367999969516,19.395520599966403
48,NSL-KDD,1,0.22916552424430847,0.9306579232215881,0.12579317390918732,0.9631009697914124,17.721367999969516,19.395520599966403
49,NSL-KDD,1,0.21944785118103027,0.9311068058013916,0.11730024218559265,0.9640436172485352,17.721367999969516,19.395520599966403
50,NSL-KDD,1,0.23000240325927734,0.9285593628883362,0.12263811379671097,0.9633253812789917,17.721367999969516,19.395520599966403
51,NSL-KDD,1,0.23228487372398376,0.9296703934669495,0.1285884976387024,0.9612604975700378,17.721367999969516,19.395520599966403
52,NSL-KDD,1,0.21718280017375946,0.9342827200889587,0.11961878091096878,0.9677694439888,17.721367999969516,19.395520599966403
53,NSL-KDD,1,0.21458271145820618,0.9371668100357056,0.12205450236797333,0.9633253812789917,17.721367999969516,19.395520599966403
54,NSL-KDD,1,0.2143087536096573,0.9357303380966187,0.13400687277317047,0.9622031450271606,17.721367999969516,19.395520599966403
55,NSL-KDD,1,0.22613096237182617,0.9325208067893982,0.1343669295310974,0.9622929692268372,17.721367999969516,19.395520599966403
56,NSL-KDD,1,0.22070430219173431,0.9344622492790222,0.12408822029829025,0.9596444964408875,17.721367999969516,19.395520599966403
57,NSL-KDD,1,0.22768957912921906,0.9312527179718018,0.11783900856971741,0.9551106691360474,17.721367999969516,19.395520599966403
58,NSL-KDD,1,0.23206718266010284,0.9287950396537781,0.1365143209695816,0.956906259059906,17.721367999969516,19.395520599966403
59,NSL-KDD,1,0.2197488397359848,0.9310394525527954,0.12969829142093658,0.9629213809967041,17.721367999969516,19.395520599966403
60,NSL-KDD,1,0.22864186763763428,0.9273024797439575,0.13236723840236664,0.9587915539741516,17.721367999969516,19.395520599966403
61,NSL-KDD,1,0.21535947918891907,0.9361456036567688,0.12103424966335297,0.9625622630119324,17.721367999969516,19.395520599966403
62,NSL-KDD,1,0.2194572538137436,0.9342602491378784,0.14402496814727783,0.9525070786476135,17.721367999969516,19.395520599966403
63,NSL-KDD,1,0.23313476145267487,0.92876136302948,0.13200643658638,0.9625622630119324,17.721367999969516,19.395520599966403
64,NSL-KDD,1,0.22226651012897491,0.9307252764701843,0.12875385582447052,0.9629213809967041,17.721367999969516,19.395520599966403
1,UNSW-NB15,1,0.6195568442344666,0.7378414273262024,0.5042210221290588,0.7852563858032227,18.362061199964955,20.036843099980615
2,UNSW-NB15,1,0.6213082075119019,0.7425950169563293,0.5127999782562256,0.778666079044342,18.362061199964955,20.036843099980615
3,UNSW-NB15,1,0.6150316596031189,0.7411905527114868,0.5144734382629395,0.7770815491676331,18.362061199964955,20.036843099980615
4,UNSW-NB15,1,0.6129119396209717,0.7449988126754761,0.5067082047462463,0.7757130265235901,18.362061199964955,20.036843099980615
5,UNSW-NB15,1,0.6168507933616638,0.7412716150283813,0.5135778784751892,0.7760011553764343,18.362061199964955,20.036843099980615
6,UNSW-NB15,1,0.6207810640335083,0.7416767477989197,0.5103005766868591,0.7757130265235901,18.362061199964955,20.036843099980615
7,UNSW-NB15,1,0.616545557975769,0.742559015750885,0.5086227655410767,0.7792062759399414,18.362061199964955,20.036843099980615
8,UNSW-NB15,1,0.6211695075035095,0.7412986159324646,0.5072280168533325,0.7772616147994995,18.362061199964955,20.036843099980615
9,UNSW-NB15,1,0.6171479821205139,0.7405783534049988,0.5176708698272705,0.7729761004447937,18.362061199964955,20.036843099980615
10,UNSW-NB15,1,0.6157785654067993,0.744755744934082,0.5004443526268005,0.7797464728355408,18.362061199964955,20.036843099980615
11,UNSW-NB15,1,0.6200608015060425,0.7417487502098083,0.5075786113739014,0.7772255539894104,18.362061199964955,20.036843099980615
12,UNSW-NB15,1,0.6182944774627686,0.7439454793930054,0.5211735963821411,0.7735162973403931,18.362061199964955,20.036843099980615
13,UNSW-NB15,1,0.6168327927589417,0.7449268102645874,0.5130667686462402,0.7784140110015869,18.362061199964955,20.036843099980615
14,UNSW-NB15,1,0.6199952960014343,0.7420998811721802,0.5079997181892395,0.7757490277290344,18.362061199964955,20.036843099980615
15,UNSW-NB15,1,0.6133973598480225,0.744647741317749,0.5093247294425964,0.7791702747344971,18.362061199964955,20.036843099980615
16,UNSW-NB15,1,0.6157516837120056,0.7428110837936401,0.5074487328529358,0.7783059477806091,18.362061199964955,20.036843099980615
17,UNSW-NB15,1,0.6191407442092896,0.7441885471343994,0.5134439468383789,0.7788821458816528,18.362061199964955,20.036843099980615
18,UNSW-NB15,1,0.6103746891021729,0.7459351420402527,0.5077659487724304,0.7782699465751648,18.362061199964955,20.036843099980615
19,UNSW-NB15,1,0.6182765364646912,0.7439454793930054,0.511879026889801,0.777549684047699,18.362061199964955,20.036843099980615
20,UNSW-NB15,1,0.6228755116462708,0.7410014867782593,0.5165899395942688,0.7715355753898621,18.362061199964955,20.036843099980615
21,UNSW-NB15,1,0.6104502081871033,0.7438644766807556,0.5017966032028198,0.783203661441803,18.362061199964955,20.036843099980615
22,UNSW-NB15,1,0.6299607157707214,0.7382195591926575,0.5117530822753906,0.7747406959533691,18.362061199964955,20.036843099980615
23,UNSW-NB15,1,0.6140410304069519,0.7448097467422485,0.5040034651756287,0.7797104716300964,18.362061199964955,20.036843099980615
24,UNSW-NB15,1,0.6120060682296753,0.7467724084854126,0.5086392164230347,0.7767214179039001,18.362061199964955,20.036843099980615
25,UNSW-NB15,1,0.6158965826034546,0.7422979474067688,0.507249116897583,0.7785940766334534,18.362061199964955,20.036843099980615
26,UNSW-NB15,1,0.6104239821434021,0.7462862730026245,0.5136216282844543,0.7777297496795654,18.362061199964955,20.036843099980615
27,UNSW-NB15,1,0.616826593875885,0.7384806871414185,0.5126299858093262,0.7757850885391235,18.362061199964955,20.036843099980615
28,UNSW-NB15,1,0.6093651652336121,0.748663067817688,0.5141019225120544,0.7747766971588135,18.362061199964955,20.036843099980615
29,UNSW-NB15,1,0.6118981242179871,0.7429371476173401,0.5038251280784607,0.7769734859466553,18.362061199964955,20.036843099980615
30,UNSW-NB15,1,0.6122745871543884,0.7452959418296814,0.5055140852928162,0.7802146077156067,18.362061199964955,20.036843099980615
31,UNSW-NB15,1,0.6140375733375549,0.7430271506309509,0.5122416019439697,0.773480236530304,18.362061199964955,20.036843099980615
32,UNSW-NB15,1,0.6240137815475464,0.740974485874176,0.515626847743988,0.7750648260116577,18.362061199964955,20.036843099980615
33,UNSW-NB15,1,0.6132421493530273,0.7458271384239197,0.5093930959701538,0.7758570909500122,18.362061199964955,20.036843099980615
34,UNSW-NB15,1,0.6025113463401794,0.7469884753227234,0.5023821592330933,0.7779458165168762,18.362061199964955,20.036843099980615
35,UNSW-NB15,1,0.6140594482421875,0.7415866851806641,0.5111786127090454,0.7756050229072571,18.362061199964955,20.036843099980615
36,UNSW-NB15,1,0.6234628558158875,0.7418387532234192,0.5111142992973328,0.7810789346694946,18.362061199964955,20.036843099980615
37,UNSW-NB15,1,0.6287965774536133,0.7357707619667053,0.5071353316307068,0.7795664072036743,18.362061199964955,20.036843099980615
38,UNSW-NB15,1,0.6130457520484924,0.7430992126464844,0.5069214701652527,0.7804306745529175,18.362061199964955,20.036843099980615
39,UNSW-NB15,1,0.6130815744400024,0.7444046139717102,0.505036473274231,0.7793142795562744,18.362061199964955,20.036843099980615
40,UNSW-NB15,1,0.6193064451217651,0.7414516806602478,0.5093631744384766,0.7783419489860535,18.362061199964955,20.036843099980615
41,UNSW-NB15,1,0.6170828938484192,0.7427660822868347,0.5224559903144836,0.7734442353248596,18.362061199964955,20.036843099980615
42,UNSW-NB15,1,0.6147501468658447,0.7437924146652222,0.5224963426589966,0.7747046947479248,18.362061199964955,20.036843099980615
43,UNSW-NB15,1,0.631747841835022,0.7382285594940186,0.5191159844398499,0.777045488357544,18.362061199964955,20.036843099980615
44,UNSW-NB15,1,0.623366117477417,0.7384896874427795,0.5128754377365112,0.7771535515785217,18.362061199964955,20.036843099980615
45,UNSW-NB15,1,0.6192170977592468,0.7402182221412659,0.5203014612197876,0.7735162973403931,18.362061199964955,20.036843099980615
46,UNSW-NB15,1,0.6137883067131042,0.743162214756012,0.5155283212661743,0.7746326327323914,18.362061199964955,20.036843099980615
47,UNSW-NB15,1,0.6071407794952393,0.7480418682098389,0.500514566898346,0.7826274633407593,18.362061199964955,20.036843099980615
48,UNSW-NB15,1,0.6116235852241516,0.7471595406532288,0.5074388384819031,0.7778017520904541,18.362061199964955,20.036843099980615
49,UNSW-NB15,1,0.6201866269111633,0.74134361743927,0.5081629753112793,0.7797104716300964,18.362061199964955,20.036843099980615
50,UNSW-NB15,1,0.6138665080070496,0.7455300092697144,0.4995633363723755,0.7794943451881409,18.362061199964955,20.036843099980615
51,UNSW-NB15,1,0.6091926097869873,0.7441075444221497,0.5083473920822144,0.776685357093811,18.362061199964955,20.036843099980615
52,UNSW-NB15,1,0.6161413788795471,0.7423879504203796,0.509692907333374,0.7749927639961243,18.362061199964955,20.036843099980615
53,UNSW-NB15,1,0.6101750731468201,0.7469614744186401,0.5207912921905518,0.7784860134124756,18.362061199964955,20.036843099980615
54,UNSW-NB15,1,0.6068118810653687,0.7475466728210449,0.502099871635437,0.7787741422653198,18.362061199964955,20.036843099980615
55,UNSW-NB15,1,0.6161792874336243,0.7421808838844299,0.5110092163085938,0.7809348702430725,18.362061199964955,20.036843099980615
56,UNSW-NB15,1,0.6075551509857178,0.747681736946106,0.5169855356216431,0.7762172222137451,18.362061199964955,20.036843099980615
57,UNSW-NB15,1,0.6165248155593872,0.7430902123451233,0.5174274444580078,0.775460958480835,18.362061199964955,20.036843099980615
58,UNSW-NB15,1,0.6170614361763,0.7393089532852173,0.5088956356048584,0.7780898809432983,18.362061199964955,20.036843099980615
59,UNSW-NB15,1,0.6230950951576233,0.7423879504203796,0.5172322988510132,0.7769014835357666,18.362061199964955,20.036843099980615
60,UNSW-NB15,1,0.6164527535438538,0.7463492751121521,0.505675733089447,0.7798184752464294,18.362061199964955,20.036843099980615
61,UNSW-NB15,1,0.609542191028595,0.7446116805076599,0.5137878060340881,0.7789902091026306,18.362061199964955,20.036843099980615
62,UNSW-NB15,1,0.6021811366081238,0.7499054670333862,0.5016492605209351,0.7833117246627808,18.362061199964955,20.036843099980615
63,UNSW-NB15,1,0.611447274684906,0.7447017431259155,0.50839763879776,0.7774416208267212,18.362061199964955,20.036843099980615
64,UNSW-NB15,1,0.6109375357627869,0.7449628114700317,0.5104871988296509,0.7761091589927673,18.362061199964955,20.036843099980615
1,NSL-KDD,2,0.10140051692724228,0.9646724462509155,0.09477005153894424,0.9708667993545532,1.808776299993042,21.31483920000028
2,NSL-KDD,2,0.09791984409093857,0.9661538004875183,0.08858823776245117,0.9750415086746216,1.808776299993042,21.31483920000028
3,NSL-KDD,2,0.09498986601829529,0.9673994183540344,0.09674072265625,0.9727521538734436,1.808776299993042,21.31483920000028
4,NSL-KDD,2,0.09507806599140167,0.967253565788269,0.08587019890546799,0.9747722148895264,1.808776299993042,21.31483920000028
5,NSL-KDD,2,0.10221906006336212,0.9640889167785645,0.1102772131562233,0.9689814448356628,1.808776299993042,21.31483920000028
6,NSL-KDD,2,0.09531575441360474,0.9675004482269287,0.10199073702096939,0.9730215072631836,1.808776299993042,21.31483920000028
7,NSL-KDD,2,0.09758469462394714,0.9657048583030701,0.11243277788162231,0.9648516178131104,1.808776299993042,21.31483920000028
8,NSL-KDD,2,0.10012024641036987,0.9652223587036133,0.09579899907112122,0.9726623892784119,1.808776299993042,21.31483920000028
9,NSL-KDD,2,0.09626501798629761,0.9664118885993958,0.09856683760881424,0.9742335081100464,1.808776299993042,21.31483920000028
10,NSL-KDD,2,0.09402135759592056,0.9673096537590027,0.10430583357810974,0.9753557443618774,1.808776299993042,21.31483920000028
11,NSL-KDD,2,0.1070903018116951,0.9625065326690674,0.10208182781934738,0.9714055061340332,1.808776299993042,21.31483920000028
12,NSL-KDD,2,0.09758847206830978,0.965783417224884,0.11339960992336273,0.9713156819343567,1.808776299993042,21.31483920000028
13,NSL-KDD,2,0.09447288513183594,0.9670290946960449,0.09072486311197281,0.9703730344772339,1.808776299993042,21.31483920000028
14,NSL-KDD,2,0.09621091187000275,0.9669618010520935,0.09509103745222092,0.9750415086746216,1.808776299993042,21.31483920000028
15,NSL-KDD,2,0.09984931349754333,0.9654579758644104,0.12630300223827362,0.9707321524620056,1.808776299993042,21.31483920000028
16,NSL-KDD,2,0.10252731293439865,0.9638756513595581,0.11520332843065262,0.9678592085838318,1.808776299993042,21.31483920000028
17,NSL-KDD,2,0.09753010421991348,0.9663108587265015,0.12231066077947617,0.9739192724227905,1.808776299993042,21.31483920000028
18,NSL-KDD,2,0.09647729247808456,0.9671862125396729,0.11723453551530838,0.9731561541557312,1.808776299993042,21.31483920000028
19,NSL-KDD,2,0.10171566158533096,0.9646163582801819,0.10611122846603394,0.9740539789199829,1.808776299993042,21.31483920000028
20,NSL-KDD,2,0.1024867594242096,0.9645490050315857,0.11635512113571167,0.970328152179718,1.808776299993042,21.31483920000028
21,NSL-KDD,2,0.1021905317902565,0.9648968577384949,0.09742416441440582,0.9699241518974304,1.808776299993042,21.31483920000028
22,NSL-KDD,2,0.10146143287420273,0.9648744463920593,0.1270635426044464,0.970058798789978,1.808776299993042,21.31483920000028
23,NSL-KDD,2,0.09875879436731339,0.965121328830719,0.1333657205104828,0.9741437435150146,1.808776299993042,21.31483920000028
24,NSL-KDD,2,0.09733022004365921,0.9654916524887085,0.10156833380460739,0.9701036810874939,1.808776299993042,21.31483920000028
25,NSL-KDD,2,0.10350552946329117,0.9642684459686279,0.10170722007751465,0.9710463881492615,1.808776299993042,21.31483920000028
26,NSL-KDD,2,0.10277795791625977,0.9640664458274841,0.1124778464436531,0.9705076813697815,1.808776299993042,21.31483920000028
27,NSL-KDD,2,0.098734550178051,0.9661538004875183,0.10630808025598526,0.972078800201416,1.808776299993042,21.31483920000028
28,NSL-KDD,2,0.0984145775437355,0.9664455652236938,0.11448422074317932,0.9672307968139648,1.808776299993042,21.31483920000028
29,NSL-KDD,2,0.10122527927160263,0.9647285342216492,0.10759010910987854,0.9721686244010925,1.808776299993042,21.31483920000028
30,NSL-KDD,2,0.10290539264678955,0.964302122592926,0.11601315438747406,0.9733357429504395,1.808776299993042,21.31483920000028
31,NSL-KDD,2,0.09555131196975708,0.9655365347862244,0.10291941463947296,0.9695650339126587,1.808776299993042,21.31483920000028
32,NSL-KDD,2,0.10255732387304306,0.9642684459686279,0.11586348712444305,0.9663329720497131,1.808776299993042,21.31483920000028
33,NSL-KDD,2,0.09880087524652481,0.9659966826438904,0.09377259761095047,0.9752210974693298,1.808776299993042,21.31483920000028
34,NSL-KDD,2,0.09597362577915192,0.9661762118339539,0.10986654460430145,0.9712707996368408,1.808776299993042,21.31483920000028
35,NSL-KDD,2,0.10167944431304932,0.9640664458274841,0.09300268441438675,0.9680836796760559,1.808776299993042,21.31483920000028
36,NSL-KDD,2,0.10666670650243759,0.9631910920143127,0.10759531706571579,0.970058798789978,1.808776299993042,21.31483920000028
37,NSL-KDD,2,0.10169688612222672,0.9642010927200317,0.11141837388277054,0.969789445400238,1.808776299993042,21.31483920000028
38,NSL-KDD,2,0.10427051037549973,0.9646724462509155,0.1081450805068016,0.9696547985076904,1.808776299993042,21.31483920000028
39,NSL-KDD,2,0.10018707066774368,0.9658956527709961,0.08635792136192322,0.9741437435150146,1.808776299993042,21.31483920000028
40,NSL-KDD,2,0.09779972583055496,0.9665128588676453,0.1125030517578125,0.9739192724227905,1.808776299993042,21.31483920000028
41,NSL-KDD,2,0.09626222401857376,0.966131329536438,0.10054853558540344,0.9733806252479553,1.808776299993042,21.31483920000028
42,NSL-KDD,2,0.10076846927404404,0.964189887046814,0.10960203409194946,0.9727072715759277,1.808776299993042,21.31483920000028
43,NSL-KDD,2,0.09877638518810272,0.965390682220459,0.1129031851887703,0.9714503884315491,1.808776299993042,21.31483920000028
44,NSL-KDD,2,0.10247407853603363,0.9639542102813721,0.13753733038902283,0.9684876799583435,1.808776299993042,21.31483920000028
45,NSL-KDD,2,0.0982932522892952,0.9654130935668945,0.09688030928373337,0.9744130969047546,1.808776299993042,21.31483920000028
46,NSL-KDD,2,0.1012343317270279,0.9647061228752136,0.09049394726753235,0.9699241518974304,1.808776299993042,21.31483920000028
47,NSL-KDD,2,0.0997006967663765,0.9654018878936768,0.09119182080030441,0.9715401530265808,1.808776299993042,21.31483920000028
48,NSL-KDD,2,0.09993655979633331,0.9647510051727295,0.09326265007257462,0.9732010364532471,1.808776299993042,21.31483920000028
49,NSL-KDD,2,0.10017791390419006,0.9643470048904419,0.09813401848077774,0.9725277423858643,1.808776299993042,21.31483920000028
50,NSL-KDD,2,0.09733675420284271,0.9661538004875183,0.0883689671754837,0.9752210974693298,1.808776299993042,21.31483920000028
51,NSL-KDD,2,0.10154079645872116,0.9655028581619263,0.10057038813829422,0.9715401530265808,1.808776299993042,21.31483920000028
52,NSL-KDD,2,0.09220461547374725,0.9684094190597534,0.10376377403736115,0.9758046269416809,1.808776299993042,21.31483920000028
53,NSL-KDD,2,0.0955730453133583,0.9662996530532837,0.0963093712925911,0.9748170971870422,1.808776299993042,21.31483920000028
54,NSL-KDD,2,0.09963710606098175,0.9661201238632202,0.12051572650671005,0.9714055061340332,1.808776299993042,21.31483920000028
55,NSL-KDD,2,0.10487464815378189,0.9644367694854736,0.09401096403598785,0.9730215072631836,1.808776299993042,21.31483920000028
56,NSL-KDD,2,0.09974917024374008,0.9650539755821228,0.09696275740861893,0.9704179167747498,1.808776299993042,21.31483920000028
57,NSL-KDD,2,0.09693147987127304,0.966322124004364,0.079380564391613,0.972348153591156,1.808776299993042,21.31483920000028
58,NSL-KDD,2,0.10229169577360153,0.9636961221694946,0.11350972205400467,0.9719890356063843,1.808776299993042,21.31483920000028
59,NSL-KDD,2,0.10034109652042389,0.9651886820793152,0.10918640345335007,0.9741886258125305,1.808776299993042,21.31483920000028
60,NSL-KDD,2,0.1011960431933403,0.9644816517829895,0.09306365996599197,0.9743232727050781,1.808776299993042,21.31483920000028
61,NSL-KDD,2,0.09384854882955551,0.9676014184951782,0.099823497235775,0.9729317426681519,1.808776299993042,21.31483920000028
62,NSL-KDD,2,0.10101507604122162,0.9646163582801819,0.09683658927679062,0.9724828600883484,1.808776299993042,21.31483920000028
63,NSL-KDD,2,0.10222172737121582,0.9644367694854736,0.0967719554901123,0.9717646241188049,1.808776299993042,21.31483920000028
64,NSL-KDD,2,0.10390780866146088,0.9648968577384949,0.0975034087896347,0.9716747999191284,1.808776299993042,21.31483920000028
1,UNSW-NB15,2,0.4868527948856354,0.7855753898620605,0.46604105830192566,0.7867329120635986,2.5667706999811344,22.676385500002652
2,UNSW-NB15,2,0.4989398717880249,0.7815600633621216,0.47796016931533813,0.7864087820053101,2.5667706999811344,22.676385500002652
3,UNSW-NB15,2,0.498211145401001,0.7819831967353821,0.4714689254760742,0.7919187545776367,2.5667706999811344,22.676385500002652
4,UNSW-NB15,2,0.49779510498046875,0.7797954678535461,0.47723910212516785,0.787885308265686,2.5667706999811344,22.676385500002652
5,UNSW-NB15,2,0.49999678134918213,0.7799034714698792,0.4740428626537323,0.7906222939491272,2.5667706999811344,22.676385500002652
6,UNSW-NB15,2,0.4986876845359802,0.7816410660743713,0.4733048677444458,0.789866030216217,2.5667706999811344,22.676385500002652
7,UNSW-NB15,2,0.4974134564399719,0.7827484607696533,0.47399625182151794,0.7888936996459961,2.5667706999811344,22.676385500002652
8,UNSW-NB15,2,0.4917330741882324,0.7844229936599731,0.4778405427932739,0.7883895039558411,2.5667706999811344,22.676385500002652
9,UNSW-NB15,2,0.49911922216415405,0.7806417346000671,0.47671934962272644,0.7882814407348633,2.5667706999811344,22.676385500002652
10,UNSW-NB15,2,0.4828738272190094,0.7871419191360474,0.45989149808883667,0.7931792140007019,2.5667706999811344,22.676385500002652
11,UNSW-NB15,2,0.4981614649295807,0.7820551991462708,0.48605093359947205,0.7812950015068054,2.5667706999811344,22.676385500002652
12,UNSW-NB15,2,0.5021366477012634,0.7794983386993408,0.47981148958206177,0.7861567139625549,2.5667706999811344,22.676385500002652
13,UNSW-NB15,2,0.49530452489852905,0.7828384637832642,0.47853121161460876,0.7895058989524841,2.5667706999811344,22.676385500002652
14,UNSW-NB15,2,0.49675822257995605,0.7826583981513977,0.4725659191608429,0.7891457676887512,2.5667706999811344,22.676385500002652
15,UNSW-NB15,2,0.4967000484466553,0.7819831967353821,0.4794682562351227,0.7857245802879333,2.5667706999811344,22.676385500002652
16,UNSW-NB15,2,0.4998110234737396,0.7805787324905396,0.48020192980766296,0.7865168452262878,2.5667706999811344,22.676385500002652
17,UNSW-NB15,2,0.4984196126461029,0.7822532653808594,0.472149521112442,0.7913785576820374,2.5667706999811344,22.676385500002652
18,UNSW-NB15,2,0.49758702516555786,0.782208263874054,0.4748067557811737,0.788749635219574,2.5667706999811344,22.676385500002652
19,UNSW-NB15,2,0.495356023311615,0.7829015254974365,0.47366729378700256,0.7895058989524841,2.5667706999811344,22.676385500002652
20,UNSW-NB15,2,0.4963894486427307,0.7814610004425049,0.47408172488212585,0.7888936996459961,2.5667706999811344,22.676385500002652
21,UNSW-NB15,2,0.4876142144203186,0.7850441932678223,0.46646133065223694,0.7960962057113647,2.5667706999811344,22.676385500002652
22,UNSW-NB15,2,0.49733978509902954,0.7816320657730103,0.4761365056037903,0.7884975671768188,2.5667706999811344,22.676385500002652
23,UNSW-NB15,2,0.4860737919807434,0.7866107225418091,0.4592376947402954,0.7938274145126343,2.5667706999811344,22.676385500002652
24,UNSW-NB15,2,0.5007973313331604,0.7803806662559509,0.4773205518722534,0.7896499633789062,2.5667706999811344,22.676385500002652
25,UNSW-NB15,2,0.496669203042984,0.7806687355041504,0.4921584725379944,0.77953040599823,2.5667706999811344,22.676385500002652
26,UNSW-NB15,2,0.4988001883029938,0.7819291949272156,0.47501227259635925,0.7920628190040588,2.5667706999811344,22.676385500002652
27,UNSW-NB15,2,0.5015279054641724,0.7797684669494629,0.4760608375072479,0.7923508882522583,2.5667706999811344,22.676385500002652
28,UNSW-NB15,2,0.4950721859931946,0.7830095291137695,0.4773991107940674,0.7860126495361328,2.5667706999811344,22.676385500002652
29,UNSW-NB15,2,0.48911476135253906,0.784648060798645,0.4747960567474365,0.7919187545776367,2.5667706999811344,22.676385500002652
30,UNSW-NB15,2,0.4983111619949341,0.782082200050354,0.47328323125839233,0.7919187545776367,2.5667706999811344,22.676385500002652
31,UNSW-NB15,2,0.4941606819629669,0.7829915285110474,0.475460410118103,0.7880293726921082,2.5667706999811344,22.676385500002652
32,UNSW-NB15,2,0.49494895339012146,0.782217264175415,0.4735306203365326,0.7891817688941956,2.5667706999811344,22.676385500002652
33,UNSW-NB15,2,0.5015465617179871,0.7799485325813293,0.4934019446372986,0.7726519703865051,2.5667706999811344,22.676385500002652
34,UNSW-NB15,2,0.4864743947982788,0.785755455493927,0.46332934498786926,0.7918466925621033,2.5667706999811344,22.676385500002652
35,UNSW-NB15,2,0.49460431933403015,0.7829915285110474,0.4729973077774048,0.7892898321151733,2.5667706999811344,22.676385500002652
36,UNSW-NB15,2,0.493070513010025,0.7837927937507629,0.46976470947265625,0.7923508882522583,2.5667706999811344,22.676385500002652
37,UNSW-NB15,2,0.4948217272758484,0.7829375267028809,0.46940526366233826,0.7936113476753235,2.5667706999811344,22.676385500002652
38,UNSW-NB15,2,0.4851123094558716,0.7860165238380432,0.4729781746864319,0.7882814407348633,2.5667706999811344,22.676385500002652
39,UNSW-NB15,2,0.4922347366809845,0.7834506630897522,0.46791544556617737,0.7899380326271057,2.5667706999811344,22.676385500002652
40,UNSW-NB15,2,0.4962684214115143,0.7826403975486755,0.46813514828681946,0.7926029562950134,2.5667706999811344,22.676385500002652
41,UNSW-NB15,2,0.49739131331443787,0.7823343276977539,0.4735944867134094,0.7924949526786804,2.5667706999811344,22.676385500002652
42,UNSW-NB15,2,0.5006649494171143,0.780632734298706,0.4802058935165405,0.7860126495361328,2.5667706999811344,22.676385500002652
43,UNSW-NB15,2,0.4953967332839966,0.7818031311035156,0.4705049991607666,0.7932152152061462,2.5667706999811344,22.676385500002652
44,UNSW-NB15,2,0.4975833296775818,0.782955527305603,0.47056612372398376,0.7948357462882996,2.5667706999811344,22.676385500002652
45,UNSW-NB15,2,0.502114474773407,0.7789492011070251,0.4772142767906189,0.7917386889457703,2.5667706999811344,22.676385500002652
46,UNSW-NB15,2,0.49615558981895447,0.7808938026428223,0.47625961899757385,0.7862647771835327,2.5667706999811344,22.676385500002652
47,UNSW-NB15,2,0.48585203289985657,0.787105917930603,0.460124671459198,0.7974646687507629,2.5667706999811344,22.676385500002652
48,UNSW-NB15,2,0.5013500452041626,0.7795974016189575,0.47479796409606934,0.7887856364250183,2.5667706999811344,22.676385500002652
49,UNSW-NB15,2,0.48989856243133545,0.7847381234169006,0.4607968330383301,0.7944396138191223,2.5667706999811344,22.676385500002652
50,UNSW-NB15,2,0.48853081464767456,0.7845940589904785,0.4661285877227783,0.7912344932556152,2.5667706999811344,22.676385500002652
51,UNSW-NB15,2,0.4955577254295349,0.7823973298072815,0.48052671551704407,0.7843560576438904,2.5667706999811344,22.676385500002652
52,UNSW-NB15,2,0.4980523884296417,0.7803176641464233,0.4735201597213745,0.7899020314216614,2.5667706999811344,22.676385500002652
53,UNSW-NB15,2,0.4965761601924896,0.782343327999115,0.47639262676239014,0.7858325839042664,2.5667706999811344,22.676385500002652
54,UNSW-NB15,2,0.492726594209671,0.7827394604682922,0.4686172604560852,0.7929630875587463,2.5667706999811344,22.676385500002652
55,UNSW-NB15,2,0.4883917272090912,0.7855933904647827,0.4620468318462372,0.7942595481872559,2.5667706999811344,22.676385500002652
56,UNSW-NB15,2,0.48963606357574463,0.7846300601959229,0.4677879214286804,0.790838360786438,2.5667706999811344,22.676385500002652
57,UNSW-NB15,2,0.5008013248443604,0.7812719345092773,0.4887305200099945,0.780754804611206,2.5667706999811344,22.676385500002652
58,UNSW-NB15,2,0.4977063536643982,0.7804706692695618,0.4762258231639862,0.7868409752845764,2.5667706999811344,22.676385500002652
59,UNSW-NB15,2,0.49660876393318176,0.7819111943244934,0.4698335826396942,0.7900820970535278,2.5667706999811344,22.676385500002652
60,UNSW-NB15,2,0.49724066257476807,0.7823163270950317,0.47034215927124023,0.7948718070983887,2.5667706999811344,22.676385500002652
61,UNSW-NB15,2,0.4976431131362915,0.7825683951377869,0.4739497900009155,0.78997403383255,2.5667706999811344,22.676385500002652
62,UNSW-NB15,2,0.48843148350715637,0.7860975861549377,0.46787479519844055,0.7961682677268982,2.5667706999811344,22.676385500002652
63,UNSW-NB15,2,0.4988216757774353,0.7797684669494629,0.47459688782691956,0.7915946245193481,2.5667706999811344,22.676385500002652
64,UNSW-NB15,2,0.497755229473114,0.7826763987541199,0.47517773509025574,0.7910184264183044,2.5667706999811344,22.676385500002652
1,NSL-KDD,3,0.0792212188243866,0.9727187752723694,0.08162491023540497,0.9736050963401794,1.710300599981565,23.097346399968956
2,NSL-KDD,3,0.07589046657085419,0.9737287759780884,0.08371439576148987,0.9780939817428589,1.710300599981565,23.097346399968956
3,NSL-KDD,3,0.07296109944581985,0.9751315712928772,0.08442085236310959,0.9805180430412292,1.710300599981565,23.097346399968956
4,NSL-KDD,3,0.07587146013975143,0.9740990996360779,0.07940676063299179,0.9777798056602478,1.710300599981565,23.097346399968956
5,NSL-KDD,3,0.07902736961841583,0.9724606275558472,0.10526969283819199,0.9759393334388733,1.710300599981565,23.097346399968956
6,NSL-KDD,3,0.07670869678258896,0.9741215705871582,0.08469751477241516,0.9754455089569092,1.710300599981565,23.097346399968956
7,NSL-KDD,3,0.07623977214097977,0.9733696579933167,0.0968029573559761,0.9772410988807678,1.710300599981565,23.097346399968956
8,NSL-KDD,3,0.07817628979682922,0.9729993343353271,0.09592092782258987,0.9772410988807678,1.710300599981565,23.097346399968956
9,NSL-KDD,3,0.07437486946582794,0.9744357466697693,0.10379194468259811,0.9776002168655396,1.710300599981565,23.097346399968956
10,NSL-KDD,3,0.07353720813989639,0.975726306438446,0.10007596760988235,0.9788571000099182,1.710300599981565,23.097346399968956
11,NSL-KDD,3,0.08412467688322067,0.9705977439880371,0.08920284360647202,0.9780939817428589,1.710300599981565,23.097346399968956
12,NSL-KDD,3,0.0777728259563446,0.9729095697402954,0.10336203873157501,0.9778695702552795,1.710300599981565,23.097346399968956
13,NSL-KDD,3,0.07489260286092758,0.9735155701637268,0.07167935371398926,0.9747272729873657,1.710300599981565,23.097346399968956
14,NSL-KDD,3,0.07487935572862625,0.9742674231529236,0.08289066702127457,0.9787673354148865,1.710300599981565,23.097346399968956
15,NSL-KDD,3,0.07692237943410873,0.9744582176208496,0.11719074100255966,0.9782286882400513,1.710300599981565,23.097346399968956
16,NSL-KDD,3,0.07947764545679092,0.9730554223060608,0.11713682115077972,0.972078800201416,1.710300599981565,23.097346399968956
17,NSL-KDD,3,0.07845430821180344,0.9725953340530396,0.13080552220344543,0.9718543887138367,1.710300599981565,23.097346399968956
18,NSL-KDD,3,0.07581973820924759,0.9741664528846741,0.12426199018955231,0.975759744644165,1.710300599981565,23.097346399968956
19,NSL-KDD,3,0.07689617574214935,0.9732574224472046,0.11112424731254578,0.9790815711021423,1.710300599981565,23.097346399968956
20,NSL-KDD,3,0.07941640913486481,0.9725616574287415,0.11027153581380844,0.9738295078277588,1.710300599981565,23.097346399968956
21,NSL-KDD,3,0.08064380288124084,0.9718546271324158,0.08397530764341354,0.9775104522705078,1.710300599981565,23.097346399968956
22,NSL-KDD,3,0.07717294991016388,0.9735267758369446,0.1288611888885498,0.9745477437973022,1.710300599981565,23.097346399968956
23,NSL-KDD,3,0.07822276651859283,0.9732574224472046,0.12846794724464417,0.9767024517059326,1.710300599981565,23.097346399968956
24,NSL-KDD,3,0.07695358246564865,0.9735828638076782,0.09839440137147903,0.9762535095214844,1.710300599981565,23.097346399968956
25,NSL-KDD,3,0.08068118244409561,0.9717985391616821,0.106059730052948,0.9743682146072388,1.710300599981565,23.097346399968956
26,NSL-KDD,3,0.08091995120048523,0.9718883037567139,0.09830998629331589,0.978049099445343,1.710300599981565,23.097346399968956
27,NSL-KDD,3,0.07858341932296753,0.972965657711029,0.10546745359897614,0.9764330983161926,1.710300599981565,23.097346399968956
28,NSL-KDD,3,0.07830217480659485,0.9726514220237732,0.09703653305768967,0.9793958067893982,1.710300599981565,23.097346399968956
29,NSL-KDD,3,0.0798736959695816,0.9720790982246399,0.09322573989629745,0.9782735705375671,1.710300599981565,23.097346399968956
30,NSL-KDD,3,0.0805368721485138,0.9723484516143799,0.1160239428281784,0.9784082174301147,1.710300599981565,23.097346399968956
31,NSL-KDD,3,0.07629033178091049,0.9734930992126465,0.08926800638437271,0.9771064519882202,1.710300599981565,23.097346399968956
32,NSL-KDD,3,0.07875236868858337,0.9728085398674011,0.1078326627612114,0.9765228629112244,1.710300599981565,23.097346399968956
33,NSL-KDD,3,0.07851109653711319,0.9730554223060608,0.08622034639120102,0.9778246879577637,1.710300599981565,23.097346399968956
34,NSL-KDD,3,0.07570270448923111,0.9734594225883484,0.10532265901565552,0.9789469242095947,1.710300599981565,23.097346399968956
35,NSL-KDD,3,0.07937882095575333,0.972382128238678,0.08584602177143097,0.977196216583252,1.710300599981565,23.097346399968956
36,NSL-KDD,3,0.08340537548065186,0.9717873334884644,0.09952457249164581,0.9745028614997864,1.710300599981565,23.097346399968956
37,NSL-KDD,3,0.08044270426034927,0.971181333065033,0.09848440438508987,0.9774206876754761,1.710300599981565,23.097346399968956
38,NSL-KDD,3,0.08276541531085968,0.9716638922691345,0.09857402741909027,0.9738743901252747,1.710300599981565,23.097346399968956
39,NSL-KDD,3,0.07734700292348862,0.9735941290855408,0.08519235998392105,0.9781838059425354,1.710300599981565,23.097346399968956
40,NSL-KDD,3,0.07626291364431381,0.9739868640899658,0.10130786150693893,0.9791264533996582,1.710300599981565,23.097346399968956
41,NSL-KDD,3,0.07355734705924988,0.9745479822158813,0.08801258355379105,0.9747722148895264,1.710300599981565,23.097346399968956
42,NSL-KDD,3,0.07920348644256592,0.9722474217414856,0.09938745945692062,0.9778695702552795,1.710300599981565,23.097346399968956
43,NSL-KDD,3,0.07779372483491898,0.9728758931159973,0.10808426886796951,0.9744130969047546,1.710300599981565,23.097346399968956
44,NSL-KDD,3,0.08107483386993408,0.9721688628196716,0.13229617476463318,0.9784979820251465,1.710300599981565,23.097346399968956
45,NSL-KDD,3,0.07827241718769073,0.9733808636665344,0.09255317598581314,0.9801140427589417,1.710300599981565,23.097346399968956
46,NSL-KDD,3,0.07923135161399841,0.9727973341941833,0.08852402865886688,0.976298451423645,1.710300599981565,23.097346399968956
47,NSL-KDD,3,0.07960351556539536,0.9727973341941833,0.08403754234313965,0.977196216583252,1.710300599981565,23.097346399968956
48,NSL-KDD,3,0.07699675858020782,0.9729431867599487,0.08434399217367172,0.9779144525527954,1.710300599981565,23.097346399968956
49,NSL-KDD,3,0.07677985727787018,0.9737063050270081,0.07296023517847061,0.9776450991630554,1.710300599981565,23.097346399968956
50,NSL-KDD,3,0.07573620229959488,0.97394198179245,0.07981184124946594,0.9789469242095947,1.710300599981565,23.097346399968956
51,NSL-KDD,3,0.07899656146764755,0.9729993343353271,0.08608970046043396,0.9777798056602478,1.710300599981565,23.097346399968956
52,NSL-KDD,3,0.07417168468236923,0.9751539826393127,0.11254030466079712,0.9747722148895264,1.710300599981565,23.097346399968956
53,NSL-KDD,3,0.07262933254241943,0.9750866293907166,0.09631188213825226,0.9766126275062561,1.710300599981565,23.097346399968956
54,NSL-KDD,3,0.07918652892112732,0.972662627696991,0.11748557537794113,0.9786775708198547,1.710300599981565,23.097346399968956
55,NSL-KDD,3,0.08081605285406113,0.9725055694580078,0.07722137868404388,0.976926863193512,1.710300599981565,23.097346399968956
56,NSL-KDD,3,0.07963878661394119,0.9720790982246399,0.08898905664682388,0.975759744644165,1.710300599981565,23.097346399968956
57,NSL-KDD,3,0.07602062821388245,0.9740093350410461,0.07165853679180145,0.978587806224823,1.710300599981565,23.097346399968956
58,NSL-KDD,3,0.07942570000886917,0.9727299809455872,0.11766397953033447,0.9775104522705078,1.710300599981565,23.097346399968956
59,NSL-KDD,3,0.0775381475687027,0.9736165404319763,0.10033770650625229,0.9761188626289368,1.710300599981565,23.097346399968956
60,NSL-KDD,3,0.07717259228229523,0.973313570022583,0.08754926174879074,0.9778695702552795,1.710300599981565,23.097346399968956
61,NSL-KDD,3,0.07376357167959213,0.9751315712928772,0.09433212876319885,0.9784082174301147,1.710300599981565,23.097346399968956
62,NSL-KDD,3,0.08012644201517105,0.9719107747077942,0.08605314046144485,0.9778246879577637,1.710300599981565,23.097346399968956
63,NSL-KDD,3,0.08106648921966553,0.972034215927124,0.08285285532474518,0.9757148623466492,1.710300599981565,23.097346399968956
64,NSL-KDD,3,0.08302270621061325,0.9716526865959167,0.10030767321586609,0.9716299176216125,1.710300599981565,23.097346399968956
1,NSL-KDD,4,0.06695066392421722,0.9769383072853088,0.0706198513507843,0.982627809047699,1.880335699999705,25.045932799985167
2,NSL-KDD,4,0.06501814723014832,0.9779146313667297,0.08238150179386139,0.9798895716667175,1.880335699999705,25.045932799985167
3,NSL-KDD,4,0.06354799121618271,0.9784645438194275,0.08598268032073975,0.9806975722312927,1.880335699999705,25.045932799985167
4,NSL-KDD,4,0.06532170623540878,0.9776902198791504,0.07250703126192093,0.9806526899337769,1.880335699999705,25.045932799985167
5,NSL-KDD,4,0.06662783026695251,0.9772188663482666,0.10376618802547455,0.9828073978424072,1.880335699999705,25.045932799985167
6,NSL-KDD,4,0.06647615134716034,0.9773759841918945,0.08361821621656418,0.9785429239273071,1.880335699999705,25.045932799985167
7,NSL-KDD,4,0.06574434787034988,0.977476954460144,0.09642558544874191,0.9802935719490051,1.880335699999705,25.045932799985167
8,NSL-KDD,4,0.06718386709690094,0.9770617485046387,0.10484009236097336,0.9803833365440369,1.880335699999705,25.045932799985167
9,NSL-KDD,4,0.06445949524641037,0.9784308671951294,0.1139078289270401,0.9793060421943665,1.880335699999705,25.045932799985167
10,NSL-KDD,4,0.06442359834909439,0.9782176613807678,0.09784435480833054,0.9814158082008362,1.880335699999705,25.045932799985167
11,NSL-KDD,4,0.07007597386837006,0.9759395122528076,0.0807308480143547,0.9795304536819458,1.880335699999705,25.045932799985167
12,NSL-KDD,4,0.06554464995861053,0.9780605435371399,0.09850228577852249,0.9801140427589417,1.880335699999705,25.045932799985167
13,NSL-KDD,4,0.06388932466506958,0.9785543084144592,0.06316884607076645,0.9807873368263245,1.880335699999705,25.045932799985167
14,NSL-KDD,4,0.06332452595233917,0.9785991907119751,0.06699315458536148,0.9824931621551514,1.880335699999705,25.045932799985167
15,NSL-KDD,4,0.06556090712547302,0.9780605435371399,0.1207057386636734,0.9823585152626038,1.880335699999705,25.045932799985167
16,NSL-KDD,4,0.06598970293998718,0.9778922200202942,0.11050985008478165,0.9793509244918823,1.880335699999705,25.045932799985167
17,NSL-KDD,4,0.06719929724931717,0.9767699837684631,0.1338406205177307,0.9759842157363892,1.880335699999705,25.045932799985167
18,NSL-KDD,4,0.06455016881227493,0.9779931902885437,0.12243518233299255,0.9818646907806396,1.880335699999705,25.045932799985167
19,NSL-KDD,4,0.06651049852371216,0.9769719839096069,0.11235041171312332,0.9797549247741699,1.880335699999705,25.045932799985167
20,NSL-KDD,4,0.06812060624361038,0.9764894247055054,0.10580437630414963,0.9819545149803162,1.880335699999705,25.045932799985167
21,NSL-KDD,4,0.06667723506689072,0.977555513381958,0.0763540044426918,0.9806526899337769,1.880335699999705,25.045932799985167
22,NSL-KDD,4,0.06541762501001358,0.9784084558486938,0.1406375765800476,0.9795753359794617,1.880335699999705,25.045932799985167
23,NSL-KDD,4,0.06688214093446732,0.9769831895828247,0.13718484342098236,0.9798895716667175,1.880335699999705,25.045932799985167
24,NSL-KDD,4,0.06576471030712128,0.9778697490692139,0.11131153255701065,0.9772859811782837,1.880335699999705,25.045932799985167
25,NSL-KDD,4,0.06789905577898026,0.9770617485046387,0.09748866409063339,0.9804731607437134,1.880335699999705,25.045932799985167
26,NSL-KDD,4,0.06855054199695587,0.9762313365936279,0.09661390632390976,0.9790366888046265,1.880335699999705,25.045932799985167
27,NSL-KDD,4,0.06571976095438004,0.9776565432548523,0.09136012196540833,0.9802935719490051,1.880335699999705,25.045932799985167
28,NSL-KDD,4,0.06627824157476425,0.9771739840507507,0.091610848903656,0.979710042476654,1.880335699999705,25.045932799985167
29,NSL-KDD,4,0.06644740700721741,0.9768822193145752,0.09405869990587234,0.980877161026001,1.880335699999705,25.045932799985167
30,NSL-KDD,4,0.06868567317724228,0.9769271016120911,0.11773497611284256,0.9816402792930603,1.880335699999705,25.045932799985167
31,NSL-KDD,4,0.06414660811424255,0.9780605435371399,0.07656088471412659,0.9810118079185486,1.880335699999705,25.045932799985167
32,NSL-KDD,4,0.0661306083202362,0.9777575135231018,0.09232231974601746,0.9805629253387451,1.880335699999705,25.045932799985167
33,NSL-KDD,4,0.06741967797279358,0.9772413372993469,0.08602643758058548,0.9809669256210327,1.880335699999705,25.045932799985167
34,NSL-KDD,4,0.06503409892320633,0.9770168662071228,0.11209600418806076,0.9816851615905762,1.880335699999705,25.045932799985167
35,NSL-KDD,4,0.06713701039552689,0.9770617485046387,0.08483046293258667,0.9804282188415527,1.880335699999705,25.045932799985167
36,NSL-KDD,4,0.06905335932970047,0.9766128659248352,0.09722018986940384,0.9801589250564575,1.880335699999705,25.045932799985167
37,NSL-KDD,4,0.06987597048282623,0.9758160710334778,0.10068382322788239,0.9765677452087402,1.880335699999705,25.045932799985167
38,NSL-KDD,4,0.06912888586521149,0.9765567779541016,0.08738039433956146,0.9820891618728638,1.880335699999705,25.045932799985167
39,NSL-KDD,4,0.06639309227466583,0.9777014255523682,0.08215232193470001,0.9789469242095947,1.880335699999705,25.045932799985167
40,NSL-KDD,4,0.0642528384923935,0.978015661239624,0.11425692588090897,0.9778246879577637,1.880335699999705,25.045932799985167
41,NSL-KDD,4,0.06481915712356567,0.9777575135231018,0.08280671387910843,0.9810118079185486,1.880335699999705,25.045932799985167
42,NSL-KDD,4,0.06688686460256577,0.9768036603927612,0.10360291600227356,0.9807873368263245,1.880335699999705,25.045932799985167
43,NSL-KDD,4,0.06552307307720184,0.9776677489280701,0.11317387968301773,0.9796202182769775,1.880335699999705,25.045932799985167
44,NSL-KDD,4,0.06864099949598312,0.9769944548606873,0.13717946410179138,0.9784530997276306,1.880335699999705,25.045932799985167
45,NSL-KDD,4,0.06748676300048828,0.9771403074264526,0.09334953874349594,0.9790815711021423,1.880335699999705,25.045932799985167
46,NSL-KDD,4,0.06589365005493164,0.9773871898651123,0.09364423155784607,0.9810118079185486,1.880335699999705,25.045932799985167
47,NSL-KDD,4,0.06643149256706238,0.9774545431137085,0.0910961925983429,0.9806975722312927,1.880335699999705,25.045932799985167
48,NSL-KDD,4,0.06463377177715302,0.9776902198791504,0.08037907630205154,0.9812362790107727,1.880335699999705,25.045932799985167
49,NSL-KDD,4,0.06649669259786606,0.9774096608161926,0.06790321320295334,0.980877161026001,1.880335699999705,25.045932799985167
50,NSL-KDD,4,0.06334783136844635,0.9784196615219116,0.07364492118358612,0.9818198084831238,1.880335699999705,25.045932799985167
51,NSL-KDD,4,0.06734339892864227,0.9774320721626282,0.08902764320373535,0.9790366888046265,1.880335699999705,25.045932799985167
52,NSL-KDD,4,0.06450636684894562,0.9783747792243958,0.12215164303779602,0.976029098033905,1.880335699999705,25.045932799985167
53,NSL-KDD,4,0.06271257996559143,0.9786777496337891,0.08719415217638016,0.9816402792930603,1.880335699999705,25.045932799985167
54,NSL-KDD,4,0.06673622131347656,0.9773086309432983,0.12328819185495377,0.9779144525527954,1.880335699999705,25.045932799985167
55,NSL-KDD,4,0.06645157188177109,0.9781278967857361,0.07396401464939117,0.9806526899337769,1.880335699999705,25.045932799985167
56,NSL-KDD,4,0.0670258179306984,0.9770730137825012,0.07710785418748856,0.9801589250564575,1.880335699999705,25.045932799985167
57,NSL-KDD,4,0.06483326107263565,0.9778922200202942,0.08973799645900726,0.9796651005744934,1.880335699999705,25.045932799985167
58,NSL-KDD,4,0.06811709702014923,0.9762200713157654,0.12252403050661087,0.980338454246521,1.880335699999705,25.045932799985167
59,NSL-KDD,4,0.06617098301649094,0.9775106310844421,0.106903575360775,0.9798895716667175,1.880335699999705,25.045932799985167
60,NSL-KDD,4,0.0668797418475151,0.977196455001831,0.0846719965338707,0.9792611002922058,1.880335699999705,25.045932799985167
61,NSL-KDD,4,0.06468675285577774,0.9780044555664062,0.0894312933087349,0.9802935719490051,1.880335699999705,25.045932799985167
62,NSL-KDD,4,0.0661059245467186,0.9769831895828247,0.08454891294240952,0.9804731607437134,1.880335699999705,25.045932799985167
63,NSL-KDD,4,0.06783577799797058,0.9776004552841187,0.07500617951154709,0.9781388640403748,1.880335699999705,25.045932799985167
64,NSL-KDD,4,0.06923998892307281,0.9763884544372559,0.09645722806453705,0.9803833365440369,1.880335699999705,25.045932799985167
1,UNSW-NB15,3,0.45946192741394043,0.7935700416564941,0.4465819299221039,0.7978248000144958,2.4491148999659345,25.177580999967176
2,UNSW-NB15,3,0.47058260440826416,0.7903199791908264,0.45941194891929626,0.7943316102027893,2.4491148999659345,25.177580999967176
3,UNSW-NB15,3,0.47020554542541504,0.7903289794921875,0.47176235914230347,0.7896139621734619,2.4491148999659345,25.177580999967176
4,UNSW-NB15,3,0.4737376570701599,0.7877721190452576,0.4592110514640808,0.7935032844543457,2.4491148999659345,25.177580999967176
5,UNSW-NB15,3,0.470829039812088,0.7887174487113953,0.45838719606399536,0.7909464240074158,2.4491148999659345,25.177580999967176
6,UNSW-NB15,3,0.4704677164554596,0.7906981110572815,0.45733460783958435,0.7926390171051025,2.4491148999659345,25.177580999967176
7,UNSW-NB15,3,0.46740955114364624,0.7903109788894653,0.45958006381988525,0.784680187702179,2.4491148999659345,25.177580999967176
8,UNSW-NB15,3,0.46358227729797363,0.7922646403312683,0.4466021955013275,0.799085259437561,2.4491148999659345,25.177580999967176
9,UNSW-NB15,3,0.468605637550354,0.7909411787986755,0.4503653943538666,0.7968524694442749,2.4491148999659345,25.177580999967176
10,UNSW-NB15,3,0.4601385295391083,0.7927777767181396,0.44736942648887634,0.7908743619918823,2.4491148999659345,25.177580999967176
11,UNSW-NB15,3,0.47295331954956055,0.7902209162712097,0.46060606837272644,0.7894698977470398,2.4491148999659345,25.177580999967176
12,UNSW-NB15,3,0.47164303064346313,0.7904910445213318,0.4568047821521759,0.7932152152061462,2.4491148999659345,25.177580999967176
13,UNSW-NB15,3,0.46813005208969116,0.7908331751823425,0.4580822288990021,0.792819082736969,2.4491148999659345,25.177580999967176
14,UNSW-NB15,3,0.4667969048023224,0.791724443435669,0.4490252137184143,0.7985450625419617,2.4491148999659345,25.177580999967176
15,UNSW-NB15,3,0.4695165157318115,0.7899148464202881,0.45375436544418335,0.7969245314598083,2.4491148999659345,25.177580999967176
16,UNSW-NB15,3,0.47144725918769836,0.7892576456069946,0.45421651005744934,0.7992653250694275,2.4491148999659345,25.177580999967176
17,UNSW-NB15,3,0.468721479177475,0.7899778485298157,0.46068477630615234,0.7982209920883179,2.4491148999659345,25.177580999967176
18,UNSW-NB15,3,0.4707125425338745,0.7896897792816162,0.454685240983963,0.7935032844543457,2.4491148999659345,25.177580999967176
19,UNSW-NB15,3,0.46616801619529724,0.7923816442489624,0.4529462456703186,0.7959521412849426,2.4491148999659345,25.177580999967176
20,UNSW-NB15,3,0.46510589122772217,0.7916434407234192,0.45321401953697205,0.7968524694442749,2.4491148999659345,25.177580999967176
21,UNSW-NB15,3,0.462274968624115,0.7918865084648132,0.44596415758132935,0.7980409264564514,2.4491148999659345,25.177580999967176
22,UNSW-NB15,3,0.46861764788627625,0.7899688482284546,0.45230633020401,0.7968884706497192,2.4491148999659345,25.177580999967176
23,UNSW-NB15,3,0.4624217450618744,0.7927237749099731,0.44813433289527893,0.7967444658279419,2.4491148999659345,25.177580999967176
24,UNSW-NB15,3,0.4768984019756317,0.7877451181411743,0.46374380588531494,0.7974286675453186,2.4491148999659345,25.177580999967176
25,UNSW-NB15,3,0.4682843089103699,0.7905270457267761,0.4523501694202423,0.7972486019134521,2.4491148999659345,25.177580999967176
26,UNSW-NB15,3,0.46736422181129456,0.791598379611969,0.452561616897583,0.7991212606430054,2.4491148999659345,25.177580999967176
27,UNSW-NB15,3,0.47151899337768555,0.7897167801856995,0.45433974266052246,0.7945116758346558,2.4491148999659345,25.177580999967176
28,UNSW-NB15,3,0.4645538628101349,0.7921475768089294,0.45631128549575806,0.7927830219268799,2.4491148999659345,25.177580999967176
29,UNSW-NB15,3,0.46244096755981445,0.7932639718055725,0.4507652521133423,0.7960242033004761,2.4491148999659345,25.177580999967176
30,UNSW-NB15,3,0.4690212309360504,0.7913823127746582,0.450839102268219,0.7967444658279419,2.4491148999659345,25.177580999967176
31,UNSW-NB15,3,0.4634736180305481,0.792336642742157,0.44703730940818787,0.7997335195541382,2.4491148999659345,25.177580999967176
32,UNSW-NB15,3,0.46477794647216797,0.7917064428329468,0.4536135792732239,0.7972846627235413,2.4491148999659345,25.177580999967176
33,UNSW-NB15,3,0.4774189591407776,0.7871149182319641,0.4622887074947357,0.7917746901512146,2.4491148999659345,25.177580999967176
34,UNSW-NB15,3,0.4622693955898285,0.7924447059631348,0.4503690302371979,0.7982929944992065,2.4491148999659345,25.177580999967176
35,UNSW-NB15,3,0.46604713797569275,0.7920125126838684,0.452536940574646,0.7956640720367432,2.4491148999659345,25.177580999967176
36,UNSW-NB15,3,0.465682715177536,0.7927777767181396,0.44717249274253845,0.7980409264564514,2.4491148999659345,25.177580999967176
37,UNSW-NB15,3,0.46719080209732056,0.7916344404220581,0.452210932970047,0.7935753464698792,2.4491148999659345,25.177580999967176
38,UNSW-NB15,3,0.4612445533275604,0.7931739091873169,0.44879451394081116,0.7976447343826294,2.4491148999659345,25.177580999967176
39,UNSW-NB15,3,0.46159592270851135,0.792579710483551,0.46072524785995483,0.7922788858413696,2.4491148999659345,25.177580999967176
40,UNSW-NB15,3,0.46404263377189636,0.7922826409339905,0.45908695459365845,0.7941875457763672,2.4491148999659345,25.177580999967176
41,UNSW-NB15,3,0.47069844603538513,0.7899328470230103,0.45911335945129395,0.7975367307662964,2.4491148999659345,25.177580999967176
42,UNSW-NB15,3,0.4698631763458252,0.790644109249115,0.4581035077571869,0.7933952808380127,2.4491148999659345,25.177580999967176
43,UNSW-NB15,3,0.4652578830718994,0.7922196388244629,0.45500537753105164,0.794403612613678,2.4491148999659345,25.177580999967176
44,UNSW-NB15,3,0.46662575006484985,0.7923096418380737,0.45236119627952576,0.7942595481872559,2.4491148999659345,25.177580999967176
45,UNSW-NB15,3,0.4718119502067566,0.7903559803962708,0.45617157220840454,0.797860860824585,2.4491148999659345,25.177580999967176
46,UNSW-NB15,3,0.46687328815460205,0.791598379611969,0.4546237289905548,0.7957720756530762,2.4491148999659345,25.177580999967176
47,UNSW-NB15,3,0.4619058072566986,0.7920125126838684,0.4501974880695343,0.7941875457763672,2.4491148999659345,25.177580999967176
48,UNSW-NB15,3,0.47130295634269714,0.7902659773826599,0.46951451897621155,0.7891457676887512,2.4491148999659345,25.177580999967176
49,UNSW-NB15,3,0.4626164734363556,0.7926067113876343,0.44996997714042664,0.7957000732421875,2.4491148999659345,25.177580999967176
50,UNSW-NB15,3,0.462690144777298,0.7917784452438354,0.4508346617221832,0.7934672832489014,2.4491148999659345,25.177580999967176
51,UNSW-NB15,3,0.46969521045684814,0.789770781993866,0.45318225026130676,0.7969605326652527,2.4491148999659345,25.177580999967176
52,UNSW-NB15,3,0.46870648860931396,0.7893206477165222,0.456329345703125,0.7964203357696533,2.4491148999659345,25.177580999967176
53,UNSW-NB15,3,0.471227765083313,0.7900499105453491,0.4580991268157959,0.7936833500862122,2.4491148999659345,25.177580999967176
54,UNSW-NB15,3,0.46474456787109375,0.7919405102729797,0.44672366976737976,0.7977527976036072,2.4491148999659345,25.177580999967176
55,UNSW-NB15,3,0.4620702564716339,0.7931559085845947,0.44843941926956177,0.8016421794891357,2.4491148999659345,25.177580999967176
56,UNSW-NB15,3,0.46508216857910156,0.7920935750007629,0.45011213421821594,0.7969245314598083,2.4491148999659345,25.177580999967176
57,UNSW-NB15,3,0.469722718000412,0.7897347807884216,0.45286327600479126,0.7941875457763672,2.4491148999659345,25.177580999967176
58,UNSW-NB15,3,0.46726933121681213,0.7913193106651306,0.4497261345386505,0.7965644001960754,2.4491148999659345,25.177580999967176
59,UNSW-NB15,3,0.46755069494247437,0.7918144464492798,0.4549638330936432,0.7937193512916565,2.4491148999659345,25.177580999967176
60,UNSW-NB15,3,0.47098302841186523,0.7893116474151611,0.45682165026664734,0.7965644001960754,2.4491148999659345,25.177580999967176
61,UNSW-NB15,3,0.47063925862312317,0.790518045425415,0.45687827467918396,0.7935753464698792,2.4491148999659345,25.177580999967176
62,UNSW-NB15,3,0.46491724252700806,0.791598379611969,0.45426762104034424,0.7926390171051025,2.4491148999659345,25.177580999967176
63,UNSW-NB15,3,0.4688464403152466,0.789779782295227,0.4535202980041504,0.798473060131073,2.4491148999659345,25.177580999967176
64,UNSW-NB15,3,0.4723149836063385,0.7895637154579163,0.45879268646240234,0.7921708226203918,2.4491148999659345,25.177580999967176
1,NSL-KDD,5,0.05813487619161606,0.9803835153579712,0.06743130087852478,0.9815504550933838,1.8012652000179514,26.9084695999627
2,NSL-KDD,5,0.05947943776845932,0.9797326326370239,0.08603132516145706,0.983166515827179,1.8012652000179514,26.9084695999627
3,NSL-KDD,5,0.05713436007499695,0.9802825450897217,0.08143090456724167,0.9840642809867859,1.8012652000179514,26.9084695999627
4,NSL-KDD,5,0.05932551622390747,0.9791491031646729,0.07454479485750198,0.9820442795753479,1.8012652000179514,26.9084695999627
5,NSL-KDD,5,0.05846147984266281,0.9804283976554871,0.11403209716081619,0.983166515827179,1.8012652000179514,26.9084695999627
6,NSL-KDD,5,0.05939706042408943,0.9797438979148865,0.08083793520927429,0.980607807636261,1.8012652000179514,26.9084695999627
7,NSL-KDD,5,0.05960637703537941,0.9793959856033325,0.10160846263170242,0.9780042171478271,1.8012652000179514,26.9084695999627
8,NSL-KDD,5,0.05965017154812813,0.9789246320724487,0.12332350760698318,0.9835705161094666,1.8012652000179514,26.9084695999627
9,NSL-KDD,5,0.058697283267974854,0.9797551035881042,0.12018267810344696,0.9832562804222107,1.8012652000179514,26.9084695999627
10,NSL-KDD,5,0.05747894197702408,0.9806191921234131,0.10757353901863098,0.9811913371086121,1.8012652000179514,26.9084695999627
11,NSL-KDD,5,0.06151793897151947,0.979025661945343,0.08314666152000427,0.9812811613082886,1.8012652000179514,26.9084695999627
12,NSL-KDD,5,0.05980237200856209,0.9797214269638062,0.09822819381952286,0.9830766916275024,1.8012652000179514,26.9084695999627
13,NSL-KDD,5,0.0577768012881279,0.9801029562950134,0.058447740972042084,0.9835705161094666,1.8012652000179514,26.9084695999627
14,NSL-KDD,5,0.05679365247488022,0.9804508686065674,0.06355501711368561,0.9837051630020142,1.8012652000179514,26.9084695999627
15,NSL-KDD,5,0.05917328596115112,0.9799907803535461,0.12286166101694107,0.9810566902160645,1.8012652000179514,26.9084695999627
16,NSL-KDD,5,0.059256505221128464,0.9801254272460938,0.11257805675268173,0.9833909273147583,1.8012652000179514,26.9084695999627
17,NSL-KDD,5,0.060553498566150665,0.9790817499160767,0.12910905480384827,0.9813260436058044,1.8012652000179514,26.9084695999627
18,NSL-KDD,5,0.05747060477733612,0.9806416630744934,0.1285560131072998,0.9822238087654114,1.8012652000179514,26.9084695999627
19,NSL-KDD,5,0.05979401618242264,0.9796428680419922,0.10336106270551682,0.9804731607437134,1.8012652000179514,26.9084695999627
20,NSL-KDD,5,0.05939251556992531,0.9797775149345398,0.11912158131599426,0.9793958067893982,1.8012652000179514,26.9084695999627
21,NSL-KDD,5,0.059663813561201096,0.9795643091201782,0.07607332617044449,0.9802038073539734,1.8012652000179514,26.9084695999627
22,NSL-KDD,5,0.05833643302321434,0.979766309261322,0.16165976226329803,0.9833011627197266,1.8012652000179514,26.9084695999627
23,NSL-KDD,5,0.060055069625377655,0.9794745445251465,0.14558103680610657,0.9831216335296631,1.8012652000179514,26.9084695999627
24,NSL-KDD,5,0.05974063277244568,0.9791378974914551,0.1123185083270073,0.9775104522705078,1.8012652000179514,26.9084695999627
25,NSL-KDD,5,0.05940470099449158,0.9797326326370239,0.10468040406703949,0.9827176332473755,1.8012652000179514,26.9084695999627
26,NSL-KDD,5,0.061143890023231506,0.979025661945343,0.10199832171201706,0.9829420447349548,1.8012652000179514,26.9084695999627
27,NSL-KDD,5,0.05899028480052948,0.9800243973731995,0.09054972231388092,0.9816851615905762,1.8012652000179514,26.9084695999627
28,NSL-KDD,5,0.060770515352487564,0.9793286323547363,0.09044066816568375,0.9816851615905762,1.8012652000179514,26.9084695999627
29,NSL-KDD,5,0.058918315917253494,0.9799122214317322,0.10035283118486404,0.9818646907806396,1.8012652000179514,26.9084695999627
30,NSL-KDD,5,0.06064873933792114,0.9799458980560303,0.12735740840435028,0.9835256338119507,1.8012652000179514,26.9084695999627
31,NSL-KDD,5,0.057552725076675415,0.9802263975143433,0.0792360007762909,0.9829420447349548,1.8012652000179514,26.9084695999627
32,NSL-KDD,5,0.05815576761960983,0.9805406332015991,0.097797691822052,0.9812362790107727,1.8012652000179514,26.9084695999627
33,NSL-KDD,5,0.05966995656490326,0.9797326326370239,0.09434560686349869,0.9806975722312927,1.8012652000179514,26.9084695999627
34,NSL-KDD,5,0.058282747864723206,0.9803274273872375,0.127461776137352,0.9784082174301147,1.8012652000179514,26.9084695999627
35,NSL-KDD,5,0.060649972409009933,0.9793062210083008,0.08199049532413483,0.9829869270324707,1.8012652000179514,26.9084695999627
36,NSL-KDD,5,0.061224330216646194,0.978756308555603,0.10160636901855469,0.9821340441703796,1.8012652000179514,26.9084695999627
37,NSL-KDD,5,0.062128130346536636,0.9780829548835754,0.1096632331609726,0.983166515827179,1.8012652000179514,26.9084695999627
38,NSL-KDD,5,0.06153688579797745,0.9788909554481506,0.09085101634263992,0.9823585152626038,1.8012652000179514,26.9084695999627
39,NSL-KDD,5,0.06002400442957878,0.9794296622276306,0.08248459547758102,0.9810118079185486,1.8012652000179514,26.9084695999627
40,NSL-KDD,5,0.057940125465393066,0.9801029562950134,0.11076097935438156,0.9826726913452148,1.8012652000179514,26.9084695999627
41,NSL-KDD,5,0.05860290303826332,0.9801927804946899,0.0909963920712471,0.9824482798576355,1.8012652000179514,26.9084695999627
42,NSL-KDD,5,0.05965464562177658,0.9798897504806519,0.10827277600765228,0.9820891618728638,1.8012652000179514,26.9084695999627
43,NSL-KDD,5,0.05888386070728302,0.9798336625099182,0.11433758586645126,0.9828073978424072,1.8012652000179514,26.9084695999627
44,NSL-KDD,5,0.062204983085393906,0.9789695143699646,0.15082760155200958,0.9763433337211609,1.8012652000179514,26.9084695999627
45,NSL-KDD,5,0.061290327459573746,0.9790817499160767,0.09716762602329254,0.9824482798576355,1.8012652000179514,26.9084695999627
46,NSL-KDD,5,0.05850280821323395,0.9800468683242798,0.10336846113204956,0.9813709259033203,1.8012652000179514,26.9084695999627
47,NSL-KDD,5,0.05778002738952637,0.9804171919822693,0.10799495875835419,0.9796202182769775,1.8012652000179514,26.9084695999627
48,NSL-KDD,5,0.05774370953440666,0.979844868183136,0.07953578978776932,0.9832113981246948,1.8012652000179514,26.9084695999627
49,NSL-KDD,5,0.05815877020359039,0.9803274273872375,0.06269308179616928,0.9824931621551514,1.8012652000179514,26.9084695999627
50,NSL-KDD,5,0.056930944323539734,0.981045663356781,0.07737283408641815,0.9824033975601196,1.8012652000179514,26.9084695999627
51,NSL-KDD,5,0.058788642287254333,0.980585515499115,0.08851420134305954,0.9825829267501831,1.8012652000179514,26.9084695999627
52,NSL-KDD,5,0.05968707054853439,0.9794296622276306,0.11341671645641327,0.982627809047699,1.8012652000179514,26.9084695999627
53,NSL-KDD,5,0.0566987507045269,0.9811466336250305,0.09336836636066437,0.9812362790107727,1.8012652000179514,26.9084695999627
54,NSL-KDD,5,0.06032336503267288,0.9793959856033325,0.12507030367851257,0.9823135733604431,1.8012652000179514,26.9084695999627
55,NSL-KDD,5,0.06017743796110153,0.9797102212905884,0.07959142327308655,0.9834358096122742,1.8012652000179514,26.9084695999627
56,NSL-KDD,5,0.06066453456878662,0.9791266322135925,0.0882122665643692,0.9761188626289368,1.8012652000179514,26.9084695999627
57,NSL-KDD,5,0.05852865055203438,0.9797102212905884,0.10445930808782578,0.9818198084831238,1.8012652000179514,26.9084695999627
58,NSL-KDD,5,0.060920488089323044,0.9790593385696411,0.13156650960445404,0.982897162437439,1.8012652000179514,26.9084695999627
59,NSL-KDD,5,0.05892803519964218,0.9800468683242798,0.10268378257751465,0.9820442795753479,1.8012652000179514,26.9084695999627
60,NSL-KDD,5,0.061391573399305344,0.9793847799301147,0.09744139015674591,0.9801589250564575,1.8012652000179514,26.9084695999627
61,NSL-KDD,5,0.057655055075883865,0.9805294275283813,0.09845331311225891,0.9820891618728638,1.8012652000179514,26.9084695999627
62,NSL-KDD,5,0.05939732864499092,0.979182779788971,0.08349957317113876,0.9828073978424072,1.8012652000179514,26.9084695999627
63,NSL-KDD,5,0.05984419211745262,0.9797102212905884,0.07866903394460678,0.9809669256210327,1.8012652000179514,26.9084695999627
64,NSL-KDD,5,0.06033148616552353,0.9802488684654236,0.09935594350099564,0.9827625155448914,1.8012652000179514,26.9084695999627
1,UNSW-NB15,4,0.4497857689857483,0.7958388328552246,0.4408397376537323,0.7997695207595825,2.6355755000258796,27.87293100001989
2,UNSW-NB15,4,0.45618799328804016,0.7948125004768372,0.44273635745048523,0.8002736568450928,2.6355755000258796,27.87293100001989
3,UNSW-NB15,4,0.4561474025249481,0.7942093014717102,0.44680410623550415,0.7991933226585388,2.6355755000258796,27.87293100001989
4,UNSW-NB15,4,0.45796144008636475,0.7925077080726624,0.45235922932624817,0.7966364026069641,2.6355755000258796,27.87293100001989
5,UNSW-NB15,4,0.4533994197845459,0.79429030418396,0.44750088453292847,0.7985090613365173,2.6355755000258796,27.87293100001989
6,UNSW-NB15,4,0.4563297927379608,0.7947494387626648,0.4490799903869629,0.801426112651825,2.6355755000258796,27.87293100001989
7,UNSW-NB15,4,0.45077240467071533,0.7959468364715576,0.44615256786346436,0.8003457188606262,2.6355755000258796,27.87293100001989
8,UNSW-NB15,4,0.4506742060184479,0.7951725721359253,0.45152509212493896,0.7946917414665222,2.6355755000258796,27.87293100001989
9,UNSW-NB15,4,0.45107054710388184,0.7959468364715576,0.44662898778915405,0.794907808303833,2.6355755000258796,27.87293100001989
10,UNSW-NB15,4,0.4486039876937866,0.7957397699356079,0.4383053481578827,0.7977887988090515,2.6355755000258796,27.87293100001989
11,UNSW-NB15,4,0.4567594528198242,0.7939031720161438,0.4452890157699585,0.797968864440918,2.6355755000258796,27.87293100001989
12,UNSW-NB15,4,0.4546465277671814,0.7948215007781982,0.4465956687927246,0.7966004014015198,2.6355755000258796,27.87293100001989
13,UNSW-NB15,4,0.4535876512527466,0.795037567615509,0.4535636603832245,0.7956280708312988,2.6355755000258796,27.87293100001989
14,UNSW-NB15,4,0.451576828956604,0.7961719036102295,0.4386101961135864,0.8000936508178711,2.6355755000258796,27.87293100001989
15,UNSW-NB15,4,0.4523899257183075,0.7948935031890869,0.4430648386478424,0.7973206639289856,2.6355755000258796,27.87293100001989
16,UNSW-NB15,4,0.4554959535598755,0.7945063710212708,0.443803995847702,0.7971765995025635,2.6355755000258796,27.87293100001989
17,UNSW-NB15,4,0.45398664474487305,0.7946414351463318,0.4425048828125,0.7985090613365173,2.6355755000258796,27.87293100001989
18,UNSW-NB15,4,0.4530601501464844,0.7948935031890869,0.4450235366821289,0.793899416923523,2.6355755000258796,27.87293100001989
19,UNSW-NB15,4,0.4548659920692444,0.7939031720161438,0.44406354427337646,0.7979328632354736,2.6355755000258796,27.87293100001989
20,UNSW-NB15,4,0.45296043157577515,0.7943533062934875,0.4418885409832001,0.799445390701294,2.6355755000258796,27.87293100001989
21,UNSW-NB15,4,0.44989901781082153,0.7965500354766846,0.4456396996974945,0.8009939193725586,2.6355755000258796,27.87293100001989
22,UNSW-NB15,4,0.4543328583240509,0.7948125004768372,0.44522738456726074,0.797860860824585,2.6355755000258796,27.87293100001989
23,UNSW-NB15,4,0.4499000012874603,0.7962799668312073,0.4513494372367859,0.7932512164115906,2.6355755000258796,27.87293100001989
24,UNSW-NB15,4,0.4598434865474701,0.7931019067764282,0.44851621985435486,0.7964203357696533,2.6355755000258796,27.87293100001989
25,UNSW-NB15,4,0.4523587226867676,0.7954517006874084,0.44271355867385864,0.7972126007080078,2.6355755000258796,27.87293100001989
26,UNSW-NB15,4,0.4516436457633972,0.7964960336685181,0.4430525600910187,0.7964563369750977,2.6355755000258796,27.87293100001989
27,UNSW-NB15,4,0.45424020290374756,0.794902503490448,0.44896742701530457,0.7904062271118164,2.6355755000258796,27.87293100001989
28,UNSW-NB15,4,0.4515683352947235,0.7957577705383301,0.43970251083374023,0.7970685362815857,2.6355755000258796,27.87293100001989
29,UNSW-NB15,4,0.4501669108867645,0.7956317663192749,0.44209861755371094,0.7976447343826294,2.6355755000258796,27.87293100001989
30,UNSW-NB15,4,0.4531644880771637,0.795406699180603,0.440409779548645,0.8036589026451111,2.6355755000258796,27.87293100001989
31,UNSW-NB15,4,0.4492752254009247,0.7960458993911743,0.4393579661846161,0.7971765995025635,2.6355755000258796,27.87293100001989
32,UNSW-NB15,4,0.45118656754493713,0.7950015664100647,0.4444463551044464,0.7997335195541382,2.6355755000258796,27.87293100001989
33,UNSW-NB15,4,0.4615006446838379,0.7917694449424744,0.44957441091537476,0.7997335195541382,2.6355755000258796,27.87293100001989
34,UNSW-NB15,4,0.4499327838420868,0.795505702495575,0.4423372745513916,0.7969605326652527,2.6355755000258796,27.87293100001989
35,UNSW-NB15,4,0.4549901485443115,0.7952086329460144,0.44269803166389465,0.7985450625419617,2.6355755000258796,27.87293100001989
36,UNSW-NB15,4,0.45064106583595276,0.7954246997833252,0.44025757908821106,0.7997695207595825,2.6355755000258796,27.87293100001989
37,UNSW-NB15,4,0.45259323716163635,0.7955327033996582,0.44224298000335693,0.8010299801826477,2.6355755000258796,27.87293100001989
38,UNSW-NB15,4,0.4501584470272064,0.7962799668312073,0.4393560588359833,0.7983649969100952,2.6355755000258796,27.87293100001989
39,UNSW-NB15,4,0.4490354359149933,0.7954607009887695,0.44038984179496765,0.798977255821228,2.6355755000258796,27.87293100001989
40,UNSW-NB15,4,0.4492722153663635,0.7968291640281677,0.44044238328933716,0.8011019825935364,2.6355755000258796,27.87293100001989
41,UNSW-NB15,4,0.4531540870666504,0.795640766620636,0.4594193398952484,0.7891457676887512,2.6355755000258796,27.87293100001989
42,UNSW-NB15,4,0.454573392868042,0.7944793701171875,0.4409486651420593,0.7966364026069641,2.6355755000258796,27.87293100001989
43,UNSW-NB15,4,0.4513828456401825,0.7958388328552246,0.44826507568359375,0.7953399419784546,2.6355755000258796,27.87293100001989
44,UNSW-NB15,4,0.45238909125328064,0.7960458993911743,0.451126366853714,0.7946917414665222,2.6355755000258796,27.87293100001989
45,UNSW-NB15,4,0.45754939317703247,0.7931109070777893,0.4501860439777374,0.7940434813499451,2.6355755000258796,27.87293100001989
46,UNSW-NB15,4,0.4527417719364166,0.7946954369544983,0.44412919878959656,0.7973926663398743,2.6355755000258796,27.87293100001989
47,UNSW-NB15,4,0.44942140579223633,0.7956677675247192,0.44038012623786926,0.7992653250694275,2.6355755000258796,27.87293100001989
48,UNSW-NB15,4,0.45206087827682495,0.7957667708396912,0.43919554352760315,0.802650511264801,2.6355755000258796,27.87293100001989
49,UNSW-NB15,4,0.45063093304634094,0.7966490983963013,0.4460390508174896,0.7991212606430054,2.6355755000258796,27.87293100001989
50,UNSW-NB15,4,0.44966667890548706,0.7963970303535461,0.44040513038635254,0.8032267093658447,2.6355755000258796,27.87293100001989
51,UNSW-NB15,4,0.45524054765701294,0.7953526377677917,0.4468185603618622,0.7970685362815857,2.6355755000258796,27.87293100001989
52,UNSW-NB15,4,0.45297008752822876,0.7943083047866821,0.44630885124206543,0.8001656532287598,2.6355755000258796,27.87293100001989
53,UNSW-NB15,4,0.45344582200050354,0.7953886985778809,0.443364679813385,0.7965283393859863,2.6355755000258796,27.87293100001989
54,UNSW-NB15,4,0.4470463991165161,0.7970362305641174,0.4453175961971283,0.7977887988090515,2.6355755000258796,27.87293100001989
55,UNSW-NB15,4,0.45095810294151306,0.796487033367157,0.4411035478115082,0.7977527976036072,2.6355755000258796,27.87293100001989
56,UNSW-NB15,4,0.4530024826526642,0.7946054339408875,0.45325127243995667,0.7923508882522583,2.6355755000258796,27.87293100001989
57,UNSW-NB15,4,0.4536398649215698,0.7949745059013367,0.44523265957832336,0.7946196794509888,2.6355755000258796,27.87293100001989
58,UNSW-NB15,4,0.4525439739227295,0.7960548996925354,0.44442519545555115,0.8008138537406921,2.6355755000258796,27.87293100001989
59,UNSW-NB15,4,0.45429351925849915,0.794425368309021,0.447735071182251,0.7978248000144958,2.6355755000258796,27.87293100001989
60,UNSW-NB15,4,0.45557117462158203,0.7952536344528198,0.44635292887687683,0.7962042689323425,2.6355755000258796,27.87293100001989
61,UNSW-NB15,4,0.45362135767936707,0.7956497669219971,0.44972944259643555,0.7953759431838989,2.6355755000258796,27.87293100001989
62,UNSW-NB15,4,0.45311129093170166,0.7953886985778809,0.44240808486938477,0.799085259437561,2.6355755000258796,27.87293100001989
63,UNSW-NB15,4,0.4536287486553192,0.7943083047866821,0.4417537748813629,0.8011019825935364,2.6355755000258796,27.87293100001989
64,UNSW-NB15,4,0.4555021822452545,0.7948395013809204,0.4455525875091553,0.797968864440918,2.6355755000258796,27.87293100001989
1,NSL-KDD,6,0.05349663272500038,0.98178631067276,0.07967507094144821,0.9828073978424072,1.806450899981428,28.78610299999127
2,NSL-KDD,6,0.05437372997403145,0.9812476634979248,0.10007377713918686,0.9792611002922058,1.806450899981428,28.78610299999127
3,NSL-KDD,6,0.05335760489106178,0.9818536639213562,0.09109785407781601,0.9833460450172424,1.806450899981428,28.78610299999127
4,NSL-KDD,6,0.0536346435546875,0.9822351932525635,0.07467792928218842,0.983166515827179,1.806450899981428,28.78610299999127
5,NSL-KDD,6,0.05347932502627373,0.9820107817649841,0.1314799189567566,0.9829420447349548,1.806450899981428,28.78610299999127
6,NSL-KDD,6,0.05457890406250954,0.9817526340484619,0.08643590658903122,0.9790366888046265,1.806450899981428,28.78610299999127
7,NSL-KDD,6,0.053416378796100616,0.9822239875793457,0.1008327528834343,0.9853660464286804,1.806450899981428,28.78610299999127
8,NSL-KDD,6,0.054294683039188385,0.9811129570007324,0.14068037271499634,0.9824482798576355,1.806450899981428,28.78610299999127
9,NSL-KDD,6,0.05361874774098396,0.9818311929702759,0.1393670290708542,0.9837949275970459,1.806450899981428,28.78610299999127
10,NSL-KDD,6,0.05334142595529556,0.9818760752677917,0.1093008816242218,0.9839296340942383,1.806450899981428,28.78610299999127
11,NSL-KDD,6,0.05607587471604347,0.981045663356781,0.07962258905172348,0.9836153984069824,1.806450899981428,28.78610299999127
12,NSL-KDD,6,0.054002247750759125,0.9816067814826965,0.10464582592248917,0.9823585152626038,1.806450899981428,28.78610299999127
13,NSL-KDD,6,0.053437236696481705,0.9814047813415527,0.06943925470113754,0.9811015725135803,1.806450899981428,28.78610299999127
14,NSL-KDD,6,0.05195776745676994,0.9821791052818298,0.06748014688491821,0.9830318093299866,1.806450899981428,28.78610299999127
15,NSL-KDD,6,0.05419270321726799,0.9815394282341003,0.13681472837924957,0.9841989278793335,1.806450899981428,28.78610299999127
16,NSL-KDD,6,0.05373700335621834,0.9816179871559143,0.12561540305614471,0.983166515827179,1.806450899981428,28.78610299999127
17,NSL-KDD,6,0.05553915724158287,0.9811578989028931,0.13505950570106506,0.9838847517967224,1.806450899981428,28.78610299999127
18,NSL-KDD,6,0.05315779149532318,0.9819883108139038,0.1447836309671402,0.9835705161094666,1.806450899981428,28.78610299999127
19,NSL-KDD,6,0.05323175713419914,0.9822351932525635,0.10468432307243347,0.9843336343765259,1.806450899981428,28.78610299999127
20,NSL-KDD,6,0.054061442613601685,0.9817975163459778,0.1269087940454483,0.9822238087654114,1.806450899981428,28.78610299999127
21,NSL-KDD,6,0.055726807564496994,0.980664074420929,0.08640079945325851,0.9780042171478271,1.806450899981428,28.78610299999127
22,NSL-KDD,6,0.053593710064888,0.9822576642036438,0.188425213098526,0.9803833365440369,1.806450899981428,28.78610299999127
23,NSL-KDD,6,0.05386439710855484,0.9816516637802124,0.16263988614082336,0.982627809047699,1.806450899981428,28.78610299999127
24,NSL-KDD,6,0.05446290597319603,0.9812925457954407,0.11190114170312881,0.9829869270324707,1.806450899981428,28.78610299999127
25,NSL-KDD,6,0.054347675293684006,0.9813823103904724,0.12349973618984222,0.9838398098945618,1.806450899981428,28.78610299999127
26,NSL-KDD,6,0.05620061606168747,0.9805967807769775,0.11102135479450226,0.9844233989715576,1.806450899981428,28.78610299999127
27,NSL-KDD,6,0.054133690893650055,0.9813823103904724,0.10301461070775986,0.9833909273147583,1.806450899981428,28.78610299999127
28,NSL-KDD,6,0.05739017575979233,0.9802039861679077,0.085071861743927,0.9816402792930603,1.806450899981428,28.78610299999127
29,NSL-KDD,6,0.055862125009298325,0.9810343980789185,0.10655815154314041,0.982897162437439,1.806450899981428,28.78610299999127
30,NSL-KDD,6,0.0554279126226902,0.9815618395805359,0.1311825066804886,0.98401939868927,1.806450899981428,28.78610299999127
31,NSL-KDD,6,0.053345780819654465,0.9819883108139038,0.08079037070274353,0.9833460450172424,1.806450899981428,28.78610299999127
32,NSL-KDD,6,0.05346696823835373,0.9823362231254578,0.10132899880409241,0.9812811613082886,1.806450899981428,28.78610299999127
33,NSL-KDD,6,0.0546497106552124,0.9817526340484619,0.10380640625953674,0.9827625155448914,1.806450899981428,28.78610299999127
34,NSL-KDD,6,0.05473408102989197,0.9813374280929565,0.1331653743982315,0.9811913371086121,1.806450899981428,28.78610299999127
35,NSL-KDD,6,0.05455324798822403,0.9811691045761108,0.08880036324262619,0.9839296340942383,1.806450899981428,28.78610299999127
36,NSL-KDD,6,0.05589607357978821,0.9811354279518127,0.11726485937833786,0.9797549247741699,1.806450899981428,28.78610299999127
37,NSL-KDD,6,0.05778889358043671,0.9801815152168274,0.11023540794849396,0.981730043888092,1.806450899981428,28.78610299999127
38,NSL-KDD,6,0.05522565916180611,0.9814159870147705,0.08500413596630096,0.9835705161094666,1.806450899981428,28.78610299999127
39,NSL-KDD,6,0.056092407554388046,0.9810007810592651,0.07891733944416046,0.98401939868927,1.806450899981428,28.78610299999127
40,NSL-KDD,6,0.052376244217157364,0.982717752456665,0.11798019707202911,0.9836602807044983,1.806450899981428,28.78610299999127
41,NSL-KDD,6,0.054178036749362946,0.9813935160636902,0.10265081375837326,0.9819545149803162,1.806450899981428,28.78610299999127
42,NSL-KDD,6,0.05538850277662277,0.980776309967041,0.1131875291466713,0.9824931621551514,1.806450899981428,28.78610299999127
43,NSL-KDD,6,0.05416621267795563,0.9815618395805359,0.12663359940052032,0.9833460450172424,1.806450899981428,28.78610299999127
44,NSL-KDD,6,0.05764046311378479,0.980506956577301,0.14336305856704712,0.9814158082008362,1.806450899981428,28.78610299999127
45,NSL-KDD,6,0.05635036900639534,0.9809222221374512,0.10560815036296844,0.9833011627197266,1.806450899981428,28.78610299999127
46,NSL-KDD,6,0.05289192125201225,0.9827851057052612,0.10695379227399826,0.9832113981246948,1.806450899981428,28.78610299999127
47,NSL-KDD,6,0.05369420722126961,0.9818311929702759,0.10857376456260681,0.9841540455818176,1.806450899981428,28.78610299999127
48,NSL-KDD,6,0.052588243037462234,0.9819658398628235,0.09228583425283432,0.984917163848877,1.806450899981428,28.78610299999127
49,NSL-KDD,6,0.05371927469968796,0.9816403985023499,0.07269781827926636,0.9813709259033203,1.806450899981428,28.78610299999127
50,NSL-KDD,6,0.05274226516485214,0.9822015166282654,0.07534456998109818,0.9835256338119507,1.806450899981428,28.78610299999127
51,NSL-KDD,6,0.05557575076818466,0.9813598394393921,0.09329869598150253,0.9830318093299866,1.806450899981428,28.78610299999127
52,NSL-KDD,6,0.05521215870976448,0.9811466336250305,0.12331794202327728,0.9835705161094666,1.806450899981428,28.78610299999127
53,NSL-KDD,6,0.052660126239061356,0.9822239875793457,0.092806875705719,0.9850518703460693,1.806450899981428,28.78610299999127
54,NSL-KDD,6,0.0549774169921875,0.9814159870147705,0.13948462903499603,0.9815055727958679,1.806450899981428,28.78610299999127
55,NSL-KDD,6,0.05488613247871399,0.9816179871559143,0.090147003531456,0.982897162437439,1.806450899981428,28.78610299999127
56,NSL-KDD,6,0.056224722415208817,0.9807314276695251,0.0785236805677414,0.9833460450172424,1.806450899981428,28.78610299999127
57,NSL-KDD,6,0.05440938472747803,0.9811017513275146,0.1116037666797638,0.9815055727958679,1.806450899981428,28.78610299999127
58,NSL-KDD,6,0.055398471653461456,0.9808436632156372,0.1386338472366333,0.9824033975601196,1.806450899981428,28.78610299999127
59,NSL-KDD,6,0.05353258550167084,0.9819434285163879,0.10573063045740128,0.9837051630020142,1.806450899981428,28.78610299999127
60,NSL-KDD,6,0.056409936398267746,0.9806079864501953,0.11337880790233612,0.9800242185592651,1.806450899981428,28.78610299999127
61,NSL-KDD,6,0.05367905646562576,0.9817975163459778,0.11191512644290924,0.9821789264678955,1.806450899981428,28.78610299999127
62,NSL-KDD,6,0.05453559383749962,0.9814608693122864,0.08796513080596924,0.9843336343765259,1.806450899981428,28.78610299999127
63,NSL-KDD,6,0.054686758667230606,0.9817414283752441,0.08269260823726654,0.9837949275970459,1.806450899981428,28.78610299999127
64,NSL-KDD,6,0.05544905364513397,0.981595516204834,0.10907747596502304,0.9841989278793335,1.806450899981428,28.78610299999127
1,UNSW-NB15,5,0.44289353489875793,0.7981615662574768,0.4418904483318329,0.7996614575386047,2.586735699966084,30.532010899973102
2,UNSW-NB15,5,0.447355180978775,0.7971082329750061,0.4415453374385834,0.7965283393859863,2.586735699966084,30.532010899973102
3,UNSW-NB15,5,0.44751206040382385,0.7961449027061462,0.44659245014190674,0.7982209920883179,2.586735699966084,30.532010899973102
4,UNSW-NB15,5,0.4478856325149536,0.7969101667404175,0.43757426738739014,0.8022543787956238,2.586735699966084,30.532010899973102
5,UNSW-NB15,5,0.44506147503852844,0.7966040968894958,0.43716195225715637,0.8022543787956238,2.586735699966084,30.532010899973102
6,UNSW-NB15,5,0.44732263684272766,0.7976304292678833,0.441402792930603,0.8001656532287598,2.586735699966084,30.532010899973102
7,UNSW-NB15,5,0.4414014518260956,0.798071563243866,0.4358486533164978,0.8008859157562256,2.586735699966084,30.532010899973102
8,UNSW-NB15,5,0.4423527419567108,0.7981345653533936,0.4384620785713196,0.7987611293792725,2.586735699966084,30.532010899973102
9,UNSW-NB15,5,0.4427366256713867,0.7991969585418701,0.43900132179260254,0.800561785697937,2.586735699966084,30.532010899973102
10,UNSW-NB15,5,0.44077885150909424,0.7985396981239319,0.4311557114124298,0.8042351007461548,2.586735699966084,30.532010899973102
11,UNSW-NB15,5,0.44735315442085266,0.7971442341804504,0.443440318107605,0.7954480051994324,2.586735699966084,30.532010899973102
12,UNSW-NB15,5,0.4449187219142914,0.7976034283638,0.43487071990966797,0.7993013262748718,2.586735699966084,30.532010899973102
13,UNSW-NB15,5,0.4463229477405548,0.7961449027061462,0.4394553601741791,0.7984370589256287,2.586735699966084,30.532010899973102
14,UNSW-NB15,5,0.44422802329063416,0.7977204322814941,0.4354172348976135,0.8013180494308472,2.586735699966084,30.532010899973102
15,UNSW-NB15,5,0.44398459792137146,0.7978554964065552,0.4366229176521301,0.8030826449394226,2.586735699966084,30.532010899973102
16,UNSW-NB15,5,0.4448740780353546,0.7975493669509888,0.4357489347457886,0.8008499145507812,2.586735699966084,30.532010899973102
17,UNSW-NB15,5,0.4441816806793213,0.7978824973106384,0.43661680817604065,0.8003817200660706,2.586735699966084,30.532010899973102
18,UNSW-NB15,5,0.4433911442756653,0.7980445623397827,0.4392133355140686,0.7888216376304626,2.586735699966084,30.532010899973102
19,UNSW-NB15,5,0.44702500104904175,0.7967571020126343,0.4476131796836853,0.7963483333587646,2.586735699966084,30.532010899973102
20,UNSW-NB15,5,0.44619041681289673,0.7969101667404175,0.4402543008327484,0.7975727319717407,2.586735699966084,30.532010899973102
21,UNSW-NB15,5,0.4426880180835724,0.798557698726654,0.4322645664215088,0.8030826449394226,2.586735699966084,30.532010899973102
22,UNSW-NB15,5,0.44313937425613403,0.7980985641479492,0.4353024959564209,0.803154706954956,2.586735699966084,30.532010899973102
23,UNSW-NB15,5,0.4423103332519531,0.7980355620384216,0.4422451853752136,0.8005257844924927,2.586735699966084,30.532010899973102
24,UNSW-NB15,5,0.44904932379722595,0.7965230345726013,0.44242268800735474,0.7985450625419617,2.586735699966084,30.532010899973102
25,UNSW-NB15,5,0.44428911805152893,0.797225296497345,0.43814918398857117,0.8011379837989807,2.586735699966084,30.532010899973102
26,UNSW-NB15,5,0.4439225196838379,0.7977654337882996,0.4335011839866638,0.8034788370132446,2.586735699966084,30.532010899973102
27,UNSW-NB15,5,0.4442184865474701,0.7983506321907043,0.43469658493995667,0.8045231699943542,2.586735699966084,30.532010899973102
28,UNSW-NB15,5,0.44275718927383423,0.7981435656547546,0.4358772933483124,0.7989411950111389,2.586735699966084,30.532010899973102
29,UNSW-NB15,5,0.44305524230003357,0.7965680360794067,0.43369925022125244,0.8026145100593567,2.586735699966084,30.532010899973102
30,UNSW-NB15,5,0.44532647728919983,0.7965500354766846,0.43704402446746826,0.7996974587440491,2.586735699966084,30.532010899973102
31,UNSW-NB15,5,0.441208153963089,0.7988998293876648,0.435696542263031,0.8047752976417542,2.586735699966084,30.532010899973102
32,UNSW-NB15,5,0.44399553537368774,0.7975764274597168,0.4336699843406677,0.804127037525177,2.586735699966084,30.532010899973102
33,UNSW-NB15,5,0.4487355947494507,0.796991229057312,0.44274070858955383,0.7991212606430054,2.586735699966084,30.532010899973102
34,UNSW-NB15,5,0.4421161711215973,0.7983596324920654,0.4379045069217682,0.8023984432220459,2.586735699966084,30.532010899973102
35,UNSW-NB15,5,0.4458644390106201,0.7973603010177612,0.43659937381744385,0.8038029074668884,2.586735699966084,30.532010899973102
36,UNSW-NB15,5,0.44263070821762085,0.7982426285743713,0.4385330379009247,0.7995173931121826,2.586735699966084,30.532010899973102
37,UNSW-NB15,5,0.44420552253723145,0.7979364991188049,0.43434542417526245,0.8018582463264465,2.586735699966084,30.532010899973102
38,UNSW-NB15,5,0.44240620732307434,0.7988278269767761,0.441721111536026,0.7982929944992065,2.586735699966084,30.532010899973102
39,UNSW-NB15,5,0.44186416268348694,0.7976664304733276,0.4348689615726471,0.8003817200660706,2.586735699966084,30.532010899973102
40,UNSW-NB15,5,0.44229501485824585,0.7979635000228882,0.4327017366886139,0.8048833012580872,2.586735699966084,30.532010899973102
41,UNSW-NB15,5,0.44457778334617615,0.7980355620384216,0.4384382963180542,0.8013180494308472,2.586735699966084,30.532010899973102
42,UNSW-NB15,5,0.4451363980770111,0.7969461679458618,0.4374570846557617,0.8017862439155579,2.586735699966084,30.532010899973102
43,UNSW-NB15,5,0.445386677980423,0.7978194952011108,0.43558284640312195,0.8028305768966675,2.586735699966084,30.532010899973102
44,UNSW-NB15,5,0.4438416361808777,0.7982966303825378,0.4333394765853882,0.8025785088539124,2.586735699966084,30.532010899973102
45,UNSW-NB15,5,0.44804149866104126,0.7955327033996582,0.44006583094596863,0.803154706954956,2.586735699966084,30.532010899973102
46,UNSW-NB15,5,0.4448380172252655,0.7961269021034241,0.44521138072013855,0.7995534539222717,2.586735699966084,30.532010899973102
47,UNSW-NB15,5,0.44303098320961,0.7974863648414612,0.43717268109321594,0.8038749694824219,2.586735699966084,30.532010899973102
48,UNSW-NB15,5,0.4426155686378479,0.7982516288757324,0.43925976753234863,0.7971405982971191,2.586735699966084,30.532010899973102
49,UNSW-NB15,5,0.44419538974761963,0.7980175614356995,0.4398362934589386,0.799445390701294,2.586735699966084,30.532010899973102
50,UNSW-NB15,5,0.4432886838912964,0.7981886267662048,0.43953847885131836,0.8004537224769592,2.586735699966084,30.532010899973102
51,UNSW-NB15,5,0.44690221548080444,0.7974773645401001,0.4400961995124817,0.8038389682769775,2.586735699966084,30.532010899973102
52,UNSW-NB15,5,0.4448558986186981,0.7964150309562683,0.4412006735801697,0.7958441376686096,2.586735699966084,30.532010899973102
53,UNSW-NB15,5,0.44493380188941956,0.7980895638465881,0.4345179796218872,0.8017862439155579,2.586735699966084,30.532010899973102
54,UNSW-NB15,5,0.4397900402545929,0.7991068959236145,0.43113377690315247,0.8043791055679321,2.586735699966084,30.532010899973102
55,UNSW-NB15,5,0.4425710439682007,0.7986567616462708,0.4369463324546814,0.8018222451210022,2.586735699966084,30.532010899973102
56,UNSW-NB15,5,0.44594135880470276,0.7971712350845337,0.43557026982307434,0.8027585744857788,2.586735699966084,30.532010899973102
57,UNSW-NB15,5,0.44558361172676086,0.7971352338790894,0.4383120834827423,0.800561785697937,2.586735699966084,30.532010899973102
58,UNSW-NB15,5,0.44355449080467224,0.7984136939048767,0.43629878759384155,0.8049553632736206,2.586735699966084,30.532010899973102
59,UNSW-NB15,5,0.4473767578601837,0.7970452308654785,0.4399048388004303,0.7987251281738281,2.586735699966084,30.532010899973102
60,UNSW-NB15,5,0.44680219888687134,0.7979635000228882,0.440182626247406,0.7980048656463623,2.586735699966084,30.532010899973102
61,UNSW-NB15,5,0.44561654329299927,0.7975313663482666,0.43651720881462097,0.7913785576820374,2.586735699966084,30.532010899973102
62,UNSW-NB15,5,0.44501012563705444,0.7970632314682007,0.43931251764297485,0.7988331913948059,2.586735699966084,30.532010899973102
63,UNSW-NB15,5,0.44455695152282715,0.797702431678772,0.4332616329193115,0.8033347725868225,2.586735699966084,30.532010899973102
64,UNSW-NB15,5,0.4452574551105499,0.7974503636360168,0.43424907326698303,0.8015701174736023,2.586735699966084,30.532010899973102
1,NSL-KDD,7,0.049995556473731995,0.9828523993492126,0.08035773038864136,0.9834807515144348,1.7540875999839045,30.610751000000164
2,NSL-KDD,7,0.05182044953107834,0.9820893406867981,0.09671806544065475,0.9821789264678955,1.7540875999839045,30.610751000000164
3,NSL-KDD,7,0.05016910657286644,0.9830431938171387,0.09126774221658707,0.9841091632843018,1.7540875999839045,30.610751000000164
4,NSL-KDD,7,0.05036730319261551,0.9829646348953247,0.07771121710538864,0.9850518703460693,1.7540875999839045,30.610751000000164
5,NSL-KDD,7,0.04977687820792198,0.9834696650505066,0.14725981652736664,0.9830766916275024,1.7540875999839045,30.610751000000164
6,NSL-KDD,7,0.050959762185811996,0.9828973412513733,0.08348628878593445,0.98428875207901,1.7540875999839045,30.610751000000164
7,NSL-KDD,7,0.050434570759534836,0.9830993413925171,0.12472964823246002,0.9786326885223389,1.7540875999839045,30.610751000000164
8,NSL-KDD,7,0.05134133994579315,0.9824820756912231,0.16796919703483582,0.9846927523612976,1.7540875999839045,30.610751000000164
9,NSL-KDD,7,0.050907671451568604,0.9829309582710266,0.15296775102615356,0.98375004529953,1.7540875999839045,30.610751000000164
10,NSL-KDD,7,0.050281282514333725,0.982717752456665,0.11759191006422043,0.9822686910629272,1.7540875999839045,30.610751000000164
11,NSL-KDD,7,0.0532304123044014,0.9820331931114197,0.08231685310602188,0.9838847517967224,1.7540875999839045,30.610751000000164
12,NSL-KDD,7,0.051370371133089066,0.9823923110961914,0.11395679414272308,0.9850069880485535,1.7540875999839045,30.610751000000164
13,NSL-KDD,7,0.049931686371564865,0.9827065467834473,0.06306125223636627,0.982627809047699,1.7540875999839045,30.610751000000164
14,NSL-KDD,7,0.04910827428102493,0.9831554293632507,0.06308992952108383,0.9854109883308411,1.7540875999839045,30.610751000000164
15,NSL-KDD,7,0.05063144862651825,0.9823137521743774,0.1465623378753662,0.9837949275970459,1.7540875999839045,30.610751000000164
16,NSL-KDD,7,0.05096837133169174,0.982987105846405,0.1383162885904312,0.9832562804222107,1.7540875999839045,30.610751000000164
17,NSL-KDD,7,0.05193868651986122,0.9822576642036438,0.14415045082569122,0.9845131635665894,1.7540875999839045,30.610751000000164
18,NSL-KDD,7,0.05025331676006317,0.982796311378479,0.15398220717906952,0.9841989278793335,1.7540875999839045,30.610751000000164
19,NSL-KDD,7,0.05046050623059273,0.9833911061286926,0.10931775718927383,0.9853660464286804,1.7540875999839045,30.610751000000164
20,NSL-KDD,7,0.05059037730097771,0.9828187823295593,0.1481086164712906,0.981730043888092,1.7540875999839045,30.610751000000164
21,NSL-KDD,7,0.05123737081885338,0.982448399066925,0.08769574016332626,0.9812362790107727,1.7540875999839045,30.610751000000164
22,NSL-KDD,7,0.05009608343243599,0.9829534292221069,0.20848558843135834,0.98401939868927,1.7540875999839045,30.610751000000164
23,NSL-KDD,7,0.04946468397974968,0.9833574295043945,0.17392286658287048,0.9854109883308411,1.7540875999839045,30.610751000000164
24,NSL-KDD,7,0.05170818045735359,0.9825494289398193,0.12060662358999252,0.9836153984069824,1.7540875999839045,30.610751000000164
25,NSL-KDD,7,0.05017584189772606,0.9828860759735107,0.14066322147846222,0.9846478700637817,1.7540875999839045,30.610751000000164
26,NSL-KDD,7,0.052202194929122925,0.9821566343307495,0.1328686624765396,0.9843785166740417,1.7540875999839045,30.610751000000164
27,NSL-KDD,7,0.050047989934682846,0.982874870300293,0.10903239250183105,0.9839745163917542,1.7540875999839045,30.610751000000164
28,NSL-KDD,7,0.05212903767824173,0.9826391935348511,0.08729144930839539,0.98428875207901,1.7540875999839045,30.610751000000164
29,NSL-KDD,7,0.05209728702902794,0.9819883108139038,0.1078510507941246,0.9867576360702515,1.7540875999839045,30.610751000000164
30,NSL-KDD,7,0.05216847360134125,0.9823137521743774,0.1465664654970169,0.9835256338119507,1.7540875999839045,30.610751000000164
31,NSL-KDD,7,0.049324508756399155,0.9834023118019104,0.0861223042011261,0.9824482798576355,1.7540875999839045,30.610751000000164
32,NSL-KDD,7,0.05077017471194267,0.9830095171928406,0.10338548570871353,0.98401939868927,1.7540875999839045,30.610751000000164
33,NSL-KDD,7,0.05132864788174629,0.9826503992080688,0.11478383839130402,0.9836602807044983,1.7540875999839045,30.610751000000164
34,NSL-KDD,7,0.051338616758584976,0.9824147820472717,0.14690180122852325,0.9841989278793335,1.7540875999839045,30.610751000000164
35,NSL-KDD,7,0.051089268177747726,0.9831329584121704,0.10388145595788956,0.9840642809867859,1.7540875999839045,30.610751000000164
36,NSL-KDD,7,0.05291496962308884,0.9823025465011597,0.11134068667888641,0.9825380444526672,1.7540875999839045,30.610751000000164
37,NSL-KDD,7,0.05258382111787796,0.982134222984314,0.1131599172949791,0.9835256338119507,1.7540875999839045,30.610751000000164
38,NSL-KDD,7,0.052551835775375366,0.9822239875793457,0.09102873504161835,0.9821789264678955,1.7540875999839045,30.610751000000164
39,NSL-KDD,7,0.0515902116894722,0.9824259877204895,0.08668842166662216,0.9819095730781555,1.7540875999839045,30.610751000000164
40,NSL-KDD,7,0.048466574400663376,0.9838624000549316,0.11975204199552536,0.9847825169563293,1.7540875999839045,30.610751000000164
41,NSL-KDD,7,0.05134877935051918,0.9828187823295593,0.10476046055555344,0.9864882826805115,1.7540875999839045,30.610751000000164
42,NSL-KDD,7,0.05247417464852333,0.9825157523155212,0.11890833079814911,0.9853660464286804,1.7540875999839045,30.610751000000164
43,NSL-KDD,7,0.049334365874528885,0.9833125472068787,0.13588805496692657,0.9856353998184204,1.7540875999839045,30.610751000000164
44,NSL-KDD,7,0.05288667231798172,0.9824035167694092,0.1540970355272293,0.9844233989715576,1.7540875999839045,30.610751000000164
45,NSL-KDD,7,0.05281631648540497,0.9826279878616333,0.11763153970241547,0.9825380444526672,1.7540875999839045,30.610751000000164
46,NSL-KDD,7,0.050054363906383514,0.9833125472068787,0.11938664317131042,0.9868923425674438,1.7540875999839045,30.610751000000164
47,NSL-KDD,7,0.04921748489141464,0.983065664768219,0.10776414722204208,0.9859496355056763,1.7540875999839045,30.610751000000164
48,NSL-KDD,7,0.04970764368772507,0.9828075170516968,0.09661304205656052,0.9854558706283569,1.7540875999839045,30.610751000000164
49,NSL-KDD,7,0.050739508122205734,0.9830207824707031,0.07484017312526703,0.98428875207901,1.7540875999839045,30.610751000000164
50,NSL-KDD,7,0.04974138364195824,0.9831778407096863,0.0847894623875618,0.98375004529953,1.7540875999839045,30.610751000000164
51,NSL-KDD,7,0.050186119973659515,0.9830768704414368,0.09480293840169907,0.9851865172386169,1.7540875999839045,30.610751000000164
52,NSL-KDD,7,0.051073189824819565,0.9823362231254578,0.1283932626247406,0.984917163848877,1.7540875999839045,30.610751000000164
53,NSL-KDD,7,0.04923863336443901,0.9831666350364685,0.10914769023656845,0.9863985180854797,1.7540875999839045,30.610751000000164
54,NSL-KDD,7,0.05077991634607315,0.9823362231254578,0.15558688342571259,0.981999397277832,1.7540875999839045,30.610751000000164
55,NSL-KDD,7,0.05180082470178604,0.9822463989257812,0.10366079211235046,0.9830766916275024,1.7540875999839045,30.610751000000164
56,NSL-KDD,7,0.05279598385095596,0.9819658398628235,0.07755643129348755,0.9836153984069824,1.7540875999839045,30.610751000000164
57,NSL-KDD,7,0.051576338708400726,0.9821791052818298,0.11444125324487686,0.9847825169563293,1.7540875999839045,30.610751000000164
58,NSL-KDD,7,0.0520901158452034,0.9821678400039673,0.15900707244873047,0.9810566902160645,1.7540875999839045,30.610751000000164
59,NSL-KDD,7,0.050435662269592285,0.9828860759735107,0.11449918895959854,0.9841540455818176,1.7540875999839045,30.610751000000164
60,NSL-KDD,7,0.05333962291479111,0.9815731048583984,0.12309703975915909,0.9836602807044983,1.7540875999839045,30.610751000000164
61,NSL-KDD,7,0.05143256485462189,0.9826728701591492,0.12068787962198257,0.9856353998184204,1.7540875999839045,30.610751000000164
62,NSL-KDD,7,0.05060179531574249,0.9824596643447876,0.09422799944877625,0.9845580458641052,1.7540875999839045,30.610751000000164
63,NSL-KDD,7,0.050829995423555374,0.9824147820472717,0.09022926539182663,0.9835256338119507,1.7540875999839045,30.610751000000164
64,NSL-KDD,7,0.05100083723664284,0.9830207824707031,0.12388844043016434,0.9829420447349548,1.7540875999839045,30.610751000000164
1,NSL-KDD,8,0.046438734978437424,0.984075665473938,0.08215950429439545,0.9845131635665894,1.9030183000140823,32.56355359998997
2,NSL-KDD,8,0.048870574682950974,0.9833798408508301,0.09356136620044708,0.9843336343765259,1.9030183000140823,32.56355359998997
3,NSL-KDD,8,0.047114208340644836,0.9838624000549316,0.09776255488395691,0.9840642809867859,1.9030183000140823,32.56355359998997
4,NSL-KDD,8,0.04747949540615082,0.9838511943817139,0.09060050547122955,0.9858149886131287,1.9030183000140823,32.56355359998997
5,NSL-KDD,8,0.04617322236299515,0.9846367835998535,0.15584173798561096,0.9850518703460693,1.9030183000140823,32.56355359998997
6,NSL-KDD,8,0.04846884310245514,0.9834359884262085,0.09179900586605072,0.9850518703460693,1.9030183000140823,32.56355359998997
7,NSL-KDD,8,0.04644901305437088,0.9846928715705872,0.12559452652931213,0.9847376346588135,1.9030183000140823,32.56355359998997
8,NSL-KDD,8,0.04869998246431351,0.9829983115196228,0.1790338158607483,0.9851416349411011,1.9030183000140823,32.56355359998997
9,NSL-KDD,8,0.04794350266456604,0.9832788705825806,0.15792393684387207,0.9855905175209045,1.9030183000140823,32.56355359998997
10,NSL-KDD,8,0.04789280518889427,0.9839634299278259,0.11628396064043045,0.9837051630020142,1.9030183000140823,32.56355359998997
11,NSL-KDD,8,0.04930165782570839,0.9837614297866821,0.0935899168252945,0.9850967526435852,1.9030183000140823,32.56355359998997
12,NSL-KDD,8,0.047609828412532806,0.9838175177574158,0.12418287247419357,0.98401939868927,1.9030183000140823,32.56355359998997
13,NSL-KDD,8,0.047615982592105865,0.9835818409919739,0.05698610097169876,0.9820442795753479,1.9030183000140823,32.56355359998997
14,NSL-KDD,8,0.04665537178516388,0.9840980768203735,0.07023568451404572,0.986578106880188,1.9030183000140823,32.56355359998997
15,NSL-KDD,8,0.048365913331508636,0.9834920763969421,0.14776384830474854,0.98401939868927,1.9030183000140823,32.56355359998997
16,NSL-KDD,8,0.04824623838067055,0.9836828708648682,0.13874667882919312,0.9858149886131287,1.9030183000140823,32.56355359998997
17,NSL-KDD,8,0.049986228346824646,0.9831666350364685,0.1516583263874054,0.984917163848877,1.9030183000140823,32.56355359998997
18,NSL-KDD,8,0.048324618488550186,0.9834471940994263,0.1600961834192276,0.9849620461463928,1.9030183000140823,32.56355359998997
19,NSL-KDD,8,0.04809695854783058,0.9838511943817139,0.11580245941877365,0.9840642809867859,1.9030183000140823,32.56355359998997
20,NSL-KDD,8,0.04666385427117348,0.9843674302101135,0.1570434272289276,0.9854558706283569,1.9030183000140823,32.56355359998997
21,NSL-KDD,8,0.048775989562273026,0.9835482239723206,0.09497582912445068,0.984917163848877,1.9030183000140823,32.56355359998997
22,NSL-KDD,8,0.046996962279081345,0.984154224395752,0.22988970577716827,0.98428875207901,1.9030183000140823,32.56355359998997
23,NSL-KDD,8,0.04660683125257492,0.9836379885673523,0.18135687708854675,0.9857701063156128,1.9030183000140823,32.56355359998997
24,NSL-KDD,8,0.04882318526506424,0.9828523993492126,0.12801973521709442,0.9839745163917542,1.9030183000140823,32.56355359998997
25,NSL-KDD,8,0.047180429100990295,0.9840195178985596,0.16745178401470184,0.9848273992538452,1.9030183000140823,32.56355359998997
26,NSL-KDD,8,0.04948921501636505,0.9834359884262085,0.15290521085262299,0.9804282188415527,1.9030183000140823,32.56355359998997
27,NSL-KDD,8,0.04768183082342148,0.9836267828941345,0.11301703006029129,0.9837949275970459,1.9030183000140823,32.56355359998997
28,NSL-KDD,8,0.05001147836446762,0.9831554293632507,0.09062053263187408,0.9839745163917542,1.9030183000140823,32.56355359998997
29,NSL-KDD,8,0.04775708168745041,0.9835032820701599,0.12297020107507706,0.9846029281616211,1.9030183000140823,32.56355359998997
30,NSL-KDD,8,0.048320185393095016,0.9842888712882996,0.15774250030517578,0.9866229891777039,1.9030183000140823,32.56355359998997
31,NSL-KDD,8,0.047641582787036896,0.9838960766792297,0.08756384998559952,0.9850518703460693,1.9030183000140823,32.56355359998997
32,NSL-KDD,8,0.048638034611940384,0.9832563996315002,0.11530544608831406,0.9815953969955444,1.9030183000140823,32.56355359998997
33,NSL-KDD,8,0.0486387200653553,0.9828299880027771,0.1310376226902008,0.9835705161094666,1.9030183000140823,32.56355359998997
34,NSL-KDD,8,0.04811188951134682,0.9837838411331177,0.15288367867469788,0.9852313995361328,1.9030183000140823,32.56355359998997
35,NSL-KDD,8,0.048290789127349854,0.9838287830352783,0.11905542761087418,0.9824033975601196,1.9030183000140823,32.56355359998997
36,NSL-KDD,8,0.04905952513217926,0.9831105470657349,0.11562544852495193,0.9846478700637817,1.9030183000140823,32.56355359998997
37,NSL-KDD,8,0.04896773397922516,0.9835257530212402,0.12862829864025116,0.98401939868927,1.9030183000140823,32.56355359998997
38,NSL-KDD,8,0.04893813282251358,0.983727753162384,0.09079733490943909,0.9858149886131287,1.9030183000140823,32.56355359998997
39,NSL-KDD,8,0.04843517020344734,0.9837389588356018,0.09978142380714417,0.9807424545288086,1.9030183000140823,32.56355359998997
40,NSL-KDD,8,0.04657226800918579,0.9839185476303101,0.1294040083885193,0.9847376346588135,1.9030183000140823,32.56355359998997
41,NSL-KDD,8,0.04835842177271843,0.9838175177574158,0.12433913350105286,0.9850967526435852,1.9030183000140823,32.56355359998997
42,NSL-KDD,8,0.05001389607787132,0.9830319881439209,0.14391601085662842,0.9821789264678955,1.9030183000140823,32.56355359998997
43,NSL-KDD,8,0.04731208458542824,0.9837165474891663,0.14429961144924164,0.9851416349411011,1.9030183000140823,32.56355359998997
44,NSL-KDD,8,0.05003049597144127,0.9832115173339844,0.16331163048744202,0.9848273992538452,1.9030183000140823,32.56355359998997
45,NSL-KDD,8,0.04875225946307182,0.9838287830352783,0.12494274973869324,0.9843785166740417,1.9030183000140823,32.56355359998997
46,NSL-KDD,8,0.046210311353206635,0.9846591949462891,0.14927008748054504,0.9863985180854797,1.9030183000140823,32.56355359998997
47,NSL-KDD,8,0.04630983993411064,0.9840644001960754,0.12151430547237396,0.9853660464286804,1.9030183000140823,32.56355359998997
48,NSL-KDD,8,0.04701065644621849,0.9834359884262085,0.10630488395690918,0.9857251644134521,1.9030183000140823,32.56355359998997
49,NSL-KDD,8,0.04671251028776169,0.9841317534446716,0.06855225563049316,0.9855007529258728,1.9030183000140823,32.56355359998997
50,NSL-KDD,8,0.047060269862413406,0.9842551946640015,0.08705418556928635,0.98428875207901,1.9030183000140823,32.56355359998997
51,NSL-KDD,8,0.047346364706754684,0.9839072823524475,0.09430588781833649,0.9862189888954163,1.9030183000140823,32.56355359998997
52,NSL-KDD,8,0.04891699180006981,0.9830993413925171,0.13899117708206177,0.9825380444526672,1.9030183000140823,32.56355359998997
53,NSL-KDD,8,0.046244099736213684,0.9838175177574158,0.124740831553936,0.9854109883308411,1.9030183000140823,32.56355359998997
54,NSL-KDD,8,0.04812424257397652,0.983997106552124,0.1672486513853073,0.9846478700637817,1.9030183000140823,32.56355359998997
55,NSL-KDD,8,0.04859805852174759,0.983065664768219,0.11663328856229782,0.9827176332473755,1.9030183000140823,32.56355359998997
56,NSL-KDD,8,0.05049453303217888,0.9827289581298828,0.07848621159791946,0.9837949275970459,1.9030183000140823,32.56355359998997
57,NSL-KDD,8,0.04885929077863693,0.9828636646270752,0.12730416655540466,0.9839745163917542,1.9030183000140823,32.56355359998997
58,NSL-KDD,8,0.05026695504784584,0.9824371933937073,0.15506777167320251,0.98401939868927,1.9030183000140823,32.56355359998997
59,NSL-KDD,8,0.04770275577902794,0.9835594296455383,0.11859502643346786,0.9846029281616211,1.9030183000140823,32.56355359998997
60,NSL-KDD,8,0.048755936324596405,0.9832003116607666,0.13654503226280212,0.9849620461463928,1.9030183000140823,32.56355359998997
61,NSL-KDD,8,0.047953471541404724,0.9842215180397034,0.13839244842529297,0.9846029281616211,1.9030183000140823,32.56355359998997
62,NSL-KDD,8,0.047877226024866104,0.9831891059875488,0.09463661164045334,0.9852762818336487,1.9030183000140823,32.56355359998997
63,NSL-KDD,8,0.04794754087924957,0.9836940765380859,0.09204285591840744,0.9848273992538452,1.9030183000140823,32.56355359998997
64,NSL-KDD,8,0.049248628318309784,0.9833462238311768,0.13286928832530975,0.9825380444526672,1.9030183000140823,32.56355359998997
1,UNSW-NB15,6,0.4388984143733978,0.799656093120575,0.43488556146621704,0.8017501831054688,2.8653611000045203,33.481196800014004
2,UNSW-NB15,6,0.44034072756767273,0.8001512885093689,0.4344172179698944,0.7988331913948059,2.8653611000045203,33.481196800014004
3,UNSW-NB15,6,0.4421907067298889,0.7985306978225708,0.4345412254333496,0.8050633668899536,2.8653611000045203,33.481196800014004
4,UNSW-NB15,6,0.4397295415401459,0.7998361587524414,0.4359669089317322,0.8029026389122009,2.8653611000045203,33.481196800014004
5,UNSW-NB15,6,0.4389633536338806,0.7984136939048767,0.43435895442962646,0.7980048656463623,2.8653611000045203,33.481196800014004
6,UNSW-NB15,6,0.4427618682384491,0.7981615662574768,0.43490415811538696,0.8048112988471985,2.8653611000045203,33.481196800014004
7,UNSW-NB15,6,0.4345371723175049,0.8007004261016846,0.4280572831630707,0.8045231699943542,2.8653611000045203,33.481196800014004
8,UNSW-NB15,6,0.4374568462371826,0.7991248965263367,0.4376101791858673,0.7982569932937622,2.8653611000045203,33.481196800014004
9,UNSW-NB15,6,0.437163382768631,0.8001512885093689,0.42935630679130554,0.8017862439155579,2.8653611000045203,33.481196800014004
10,UNSW-NB15,6,0.43580344319343567,0.7998811602592468,0.42854997515678406,0.8016061782836914,2.8653611000045203,33.481196800014004
11,UNSW-NB15,6,0.44081389904022217,0.7988278269767761,0.430062860250473,0.8013180494308472,2.8653611000045203,33.481196800014004
12,UNSW-NB15,6,0.43788942694664,0.8002592921257019,0.4299185574054718,0.8040550351142883,2.8653611000045203,33.481196800014004
13,UNSW-NB15,6,0.43983256816864014,0.7990708947181702,0.44044598937034607,0.8050633668899536,2.8653611000045203,33.481196800014004
14,UNSW-NB15,6,0.4382084608078003,0.800502359867096,0.43180808424949646,0.8012820482254028,2.8653611000045203,33.481196800014004
15,UNSW-NB15,6,0.43824654817581177,0.7999712228775024,0.4359806478023529,0.8014981150627136,2.8653611000045203,33.481196800014004
16,UNSW-NB15,6,0.4391186833381653,0.7997641563415527,0.4296585023403168,0.804631233215332,2.8653611000045203,33.481196800014004
17,UNSW-NB15,6,0.4387773275375366,0.7997460961341858,0.4343626797199249,0.801426112651825,2.8653611000045203,33.481196800014004
18,UNSW-NB15,6,0.43698588013648987,0.7988008260726929,0.4316941201686859,0.8042711019515991,2.8653611000045203,33.481196800014004
19,UNSW-NB15,6,0.44105711579322815,0.7996110916137695,0.4380697011947632,0.8058196306228638,2.8653611000045203,33.481196800014004
20,UNSW-NB15,6,0.4408506453037262,0.7988548278808594,0.4311915636062622,0.8030826449394226,2.8653611000045203,33.481196800014004
21,UNSW-NB15,6,0.43725892901420593,0.8007634878158569,0.43125006556510925,0.8052074313163757,2.8653611000045203,33.481196800014004
22,UNSW-NB15,6,0.43808984756469727,0.7999351620674133,0.4287310242652893,0.8070440888404846,2.8653611000045203,33.481196800014004
23,UNSW-NB15,6,0.4369104206562042,0.8003222942352295,0.4341532289981842,0.802038311958313,2.8653611000045203,33.481196800014004
24,UNSW-NB15,6,0.4416239559650421,0.7980625629425049,0.4367896616458893,0.8030466437339783,2.8653611000045203,33.481196800014004
25,UNSW-NB15,6,0.43957480788230896,0.7988998293876648,0.4417746067047119,0.7991573214530945,2.8653611000045203,33.481196800014004
26,UNSW-NB15,6,0.4377453029155731,0.8004573583602905,0.4305262565612793,0.8037669062614441,2.8653611000045203,33.481196800014004
27,UNSW-NB15,6,0.43763285875320435,0.8007094264030457,0.42872974276542664,0.8057116270065308,2.8653611000045203,33.481196800014004
28,UNSW-NB15,6,0.4376860558986664,0.7995840907096863,0.43095260858535767,0.8048473000526428,2.8653611000045203,33.481196800014004
29,UNSW-NB15,6,0.4383769631385803,0.7994760274887085,0.4317730665206909,0.8056755661964417,2.8653611000045203,33.481196800014004
30,UNSW-NB15,6,0.4389827847480774,0.8002952933311462,0.42997556924819946,0.803154706954956,2.8653611000045203,33.481196800014004
31,UNSW-NB15,6,0.4363892376422882,0.7993409633636475,0.4326920211315155,0.8023624420166016,2.8653611000045203,33.481196800014004
32,UNSW-NB15,6,0.4388407766819,0.7996830940246582,0.4292522370815277,0.8048833012580872,2.8653611000045203,33.481196800014004
33,UNSW-NB15,6,0.4421781301498413,0.7985216975212097,0.43492597341537476,0.8013180494308472,2.8653611000045203,33.481196800014004
34,UNSW-NB15,6,0.43730592727661133,0.7995660901069641,0.432125061750412,0.8007058501243591,2.8653611000045203,33.481196800014004
35,UNSW-NB15,6,0.43883755803108215,0.8007184267044067,0.43070143461227417,0.8020023107528687,2.8653611000045203,33.481196800014004
36,UNSW-NB15,6,0.4383507966995239,0.7987918257713318,0.43513795733451843,0.8029746413230896,2.8653611000045203,33.481196800014004
37,UNSW-NB15,6,0.43775737285614014,0.7995120286941528,0.43186137080192566,0.8043431043624878,2.8653611000045203,33.481196800014004
38,UNSW-NB15,6,0.4367440640926361,0.7998001575469971,0.4331841766834259,0.7959882020950317,2.8653611000045203,33.481196800014004
39,UNSW-NB15,6,0.4374363422393799,0.800403356552124,0.4303295612335205,0.8061797618865967,2.8653611000045203,33.481196800014004
40,UNSW-NB15,6,0.4374253749847412,0.8003222942352295,0.4385468661785126,0.8003457188606262,2.8653611000045203,33.481196800014004
41,UNSW-NB15,6,0.43862032890319824,0.7998271584510803,0.4309108257293701,0.8062517642974854,2.8653611000045203,33.481196800014004
42,UNSW-NB15,6,0.4401705265045166,0.7992599606513977,0.4313412606716156,0.804019033908844,2.8653611000045203,33.481196800014004
43,UNSW-NB15,6,0.438708633184433,0.80003422498703,0.4316563308238983,0.8004177212715149,2.8653611000045203,33.481196800014004
44,UNSW-NB15,6,0.4373481273651123,0.8000972270965576,0.43142056465148926,0.8030466437339783,2.8653611000045203,33.481196800014004
45,UNSW-NB15,6,0.4405679702758789,0.7977114319801331,0.439216673374176,0.8018582463264465,2.8653611000045203,33.481196800014004
46,UNSW-NB15,6,0.43848490715026855,0.7998811602592468,0.4396192133426666,0.7985450625419617,2.8653611000045203,33.481196800014004
47,UNSW-NB15,6,0.437724769115448,0.8012406229972839,0.43253785371780396,0.8032267093658447,2.8653611000045203,33.481196800014004
48,UNSW-NB15,6,0.4366043508052826,0.8005474209785461,0.43264245986938477,0.8022543787956238,2.8653611000045203,33.481196800014004
49,UNSW-NB15,6,0.43814823031425476,0.7989358305931091,0.43085360527038574,0.803622841835022,2.8653611000045203,33.481196800014004
50,UNSW-NB15,6,0.43751245737075806,0.8010695576667786,0.43102213740348816,0.8037669062614441,2.8653611000045203,33.481196800014004
51,UNSW-NB15,6,0.44079655408859253,0.7992329597473145,0.4348039925098419,0.8003097176551819,2.8653611000045203,33.481196800014004
52,UNSW-NB15,6,0.4393238127231598,0.7985667586326599,0.4326836168766022,0.8014621138572693,2.8653611000045203,33.481196800014004
53,UNSW-NB15,6,0.438837468624115,0.7993139624595642,0.44527167081832886,0.7965644001960754,2.8653611000045203,33.481196800014004
54,UNSW-NB15,6,0.4346943497657776,0.8003493547439575,0.4303477108478546,0.806215763092041,2.8653611000045203,33.481196800014004
55,UNSW-NB15,6,0.4377676546573639,0.8002232909202576,0.4296247065067291,0.8058916926383972,2.8653611000045203,33.481196800014004
56,UNSW-NB15,6,0.4401020109653473,0.7986207604408264,0.43494030833244324,0.8004177212715149,2.8653611000045203,33.481196800014004
57,UNSW-NB15,6,0.4378790855407715,0.8005203604698181,0.4387262761592865,0.7987971901893616,2.8653611000045203,33.481196800014004
58,UNSW-NB15,6,0.4388453960418701,0.7998091578483582,0.4355396628379822,0.7982929944992065,2.8653611000045203,33.481196800014004
59,UNSW-NB15,6,0.4410438537597656,0.7989448308944702,0.4328104257583618,0.8017501831054688,2.8653611000045203,33.481196800014004
60,UNSW-NB15,6,0.4403596520423889,0.7996830940246582,0.4387340545654297,0.8029026389122009,2.8653611000045203,33.481196800014004
61,UNSW-NB15,6,0.439264714717865,0.8003583550453186,0.4325055778026581,0.8013180494308472,2.8653611000045203,33.481196800014004
62,UNSW-NB15,6,0.43953096866607666,0.7977654337882996,0.43178248405456543,0.8043431043624878,2.8653611000045203,33.481196800014004
63,UNSW-NB15,6,0.4388038218021393,0.7994580268859863,0.42717716097831726,0.8072601556777954,2.8653611000045203,33.481196800014004
64,UNSW-NB15,6,0.4384584426879883,0.7999622225761414,0.4316871762275696,0.7999855875968933,2.8653611000045203,33.481196800014004
1,NSL-KDD,9,0.04457269608974457,0.9841429591178894,0.08666829019784927,0.9858598709106445,2.557515599997714,35.18060490000062
2,NSL-KDD,9,0.046828240156173706,0.9842327833175659,0.10255095362663269,0.9853660464286804,2.557515599997714,35.18060490000062
3,NSL-KDD,9,0.045639943331480026,0.9844011068344116,0.102965347468853,0.9853211641311646,2.557515599997714,35.18060490000062
4,NSL-KDD,9,0.04582485556602478,0.9842664003372192,0.10059162229299545,0.9857251644134521,2.557515599997714,35.18060490000062
5,NSL-KDD,9,0.044974569231271744,0.9850519895553589,0.16897720098495483,0.9862638711929321,2.557515599997714,35.18060490000062
6,NSL-KDD,9,0.04657252877950668,0.9841429591178894,0.09498827159404755,0.9848722815513611,2.557515599997714,35.18060490000062
7,NSL-KDD,9,0.04428160563111305,0.9849846363067627,0.13259083032608032,0.9872963428497314,2.557515599997714,35.18060490000062
8,NSL-KDD,9,0.04551808908581734,0.9843898415565491,0.20373018085956573,0.9865332245826721,2.557515599997714,35.18060490000062
9,NSL-KDD,9,0.044461604207754135,0.9852876663208008,0.1638692021369934,0.9855007529258728,2.557515599997714,35.18060490000062
10,NSL-KDD,9,0.04470862075686455,0.9847602248191833,0.12994346022605896,0.9856353998184204,2.557515599997714,35.18060490000062
11,NSL-KDD,9,0.047480273991823196,0.9839858412742615,0.09612550586462021,0.9848722815513611,2.557515599997714,35.18060490000062
12,NSL-KDD,9,0.04641781374812126,0.9845694303512573,0.13294927775859833,0.9857701063156128,2.557515599997714,35.18060490000062
13,NSL-KDD,9,0.04523376747965813,0.9846816658973694,0.051209524273872375,0.9841989278793335,2.557515599997714,35.18060490000062
14,NSL-KDD,9,0.043201807886362076,0.9854559898376465,0.07391292601823807,0.9841989278793335,2.557515599997714,35.18060490000062
15,NSL-KDD,9,0.04555557295680046,0.9842103123664856,0.15510410070419312,0.9844233989715576,2.557515599997714,35.18060490000062
16,NSL-KDD,9,0.04599437862634659,0.9847152829170227,0.1573372632265091,0.98401939868927,2.557515599997714,35.18060490000062
17,NSL-KDD,9,0.04685315489768982,0.9841205477714539,0.1693837195634842,0.9854109883308411,2.557515599997714,35.18060490000062
18,NSL-KDD,9,0.044985778629779816,0.9845694303512573,0.1770116239786148,0.9834807515144348,2.557515599997714,35.18060490000062
19,NSL-KDD,9,0.045610811561346054,0.9847714304924011,0.11935025453567505,0.9874758720397949,2.557515599997714,35.18060490000062
20,NSL-KDD,9,0.045047905296087265,0.9844011068344116,0.1703229695558548,0.9862189888954163,2.557515599997714,35.18060490000062
21,NSL-KDD,9,0.045847244560718536,0.9839634299278259,0.09416136890649796,0.9862189888954163,2.557515599997714,35.18060490000062
22,NSL-KDD,9,0.044986188411712646,0.9848724007606506,0.2521044611930847,0.9843785166740417,2.557515599997714,35.18060490000062
23,NSL-KDD,9,0.044652946293354034,0.9849060773849487,0.19488050043582916,0.9846927523612976,2.557515599997714,35.18060490000062
24,NSL-KDD,9,0.04578355327248573,0.9845357537269592,0.14595112204551697,0.9850518703460693,2.557515599997714,35.18060490000062
25,NSL-KDD,9,0.045255113393068314,0.9845020771026611,0.19539763033390045,0.9844682812690735,2.557515599997714,35.18060490000062
26,NSL-KDD,9,0.0466109924018383,0.9839072823524475,0.15325741469860077,0.9859945178031921,2.557515599997714,35.18060490000062
27,NSL-KDD,9,0.04619824141263962,0.9842664003372192,0.12395282834768295,0.9844682812690735,2.557515599997714,35.18060490000062
28,NSL-KDD,9,0.04740700498223305,0.9837951064109802,0.07960812002420425,0.9853660464286804,2.557515599997714,35.18060490000062
29,NSL-KDD,9,0.04639929160475731,0.9838960766792297,0.12897324562072754,0.9858149886131287,2.557515599997714,35.18060490000062
30,NSL-KDD,9,0.04669318348169327,0.9844796657562256,0.16232797503471375,0.9863985180854797,2.557515599997714,35.18060490000062
31,NSL-KDD,9,0.04544421657919884,0.9843225479125977,0.08299317210912704,0.9855905175209045,2.557515599997714,35.18060490000062
32,NSL-KDD,9,0.044908102601766586,0.9849060773849487,0.11526953428983688,0.9833460450172424,2.557515599997714,35.18060490000062
33,NSL-KDD,9,0.04641418159008026,0.9837726354598999,0.14352387189865112,0.9845131635665894,2.557515599997714,35.18060490000062
34,NSL-KDD,9,0.04513329640030861,0.9846143126487732,0.16490402817726135,0.9861741065979004,2.557515599997714,35.18060490000062
35,NSL-KDD,9,0.045697011053562164,0.9845806360244751,0.1258508265018463,0.9846927523612976,2.557515599997714,35.18060490000062
36,NSL-KDD,9,0.04698062315583229,0.9842664003372192,0.12810872495174408,0.9834358096122742,2.557515599997714,35.18060490000062
37,NSL-KDD,9,0.04703916236758232,0.9839522242546082,0.14208196103572845,0.9834807515144348,2.557515599997714,35.18060490000062
38,NSL-KDD,9,0.04566892609000206,0.9852988719940186,0.10244209319353104,0.9851865172386169,2.557515599997714,35.18060490000062
39,NSL-KDD,9,0.04773101955652237,0.9833798408508301,0.08844172954559326,0.9847825169563293,2.557515599997714,35.18060490000062
40,NSL-KDD,9,0.04413502290844917,0.9850968718528748,0.12910468876361847,0.984917163848877,2.557515599997714,35.18060490000062
41,NSL-KDD,9,0.045895833522081375,0.9846928715705872,0.14638642966747284,0.9849620461463928,2.557515599997714,35.18060490000062
42,NSL-KDD,9,0.04591919109225273,0.9842888712882996,0.15514329075813293,0.9845580458641052,2.557515599997714,35.18060490000062
43,NSL-KDD,9,0.04496825113892555,0.9846143126487732,0.15174400806427002,0.9868923425674438,2.557515599997714,35.18060490000062
44,NSL-KDD,9,0.04745155945420265,0.9839072823524475,0.17419524490833282,0.9864882826805115,2.557515599997714,35.18060490000062
45,NSL-KDD,9,0.04684208706021309,0.9839634299278259,0.12906499207019806,0.9846927523612976,2.557515599997714,35.18060490000062
46,NSL-KDD,9,0.04302634298801422,0.9856804013252258,0.16906556487083435,0.9853660464286804,2.557515599997714,35.18060490000062
47,NSL-KDD,9,0.04506117105484009,0.9844459891319275,0.1344185322523117,0.986308753490448,2.557515599997714,35.18060490000062
48,NSL-KDD,9,0.04534405469894409,0.9844571948051453,0.11648793518543243,0.9843785166740417,2.557515599997714,35.18060490000062
49,NSL-KDD,9,0.04470745846629143,0.9846816658973694,0.07306119054555893,0.9852762818336487,2.557515599997714,35.18060490000062
50,NSL-KDD,9,0.04555462673306465,0.984468400478363,0.10067853331565857,0.9851865172386169,2.557515599997714,35.18060490000062
51,NSL-KDD,9,0.04568193107843399,0.984737753868103,0.10833984613418579,0.9858598709106445,2.557515599997714,35.18060490000062
52,NSL-KDD,9,0.04589824005961418,0.9844011068344116,0.14180460572242737,0.9836602807044983,2.557515599997714,35.18060490000062
53,NSL-KDD,9,0.04410272464156151,0.9851529598236084,0.1304478794336319,0.9864882826805115,2.557515599997714,35.18060490000062
54,NSL-KDD,9,0.04554880037903786,0.9843225479125977,0.18998058140277863,0.986039400100708,2.557515599997714,35.18060490000062
55,NSL-KDD,9,0.04722938686609268,0.9835931062698364,0.12560680508613586,0.9852313995361328,2.557515599997714,35.18060490000062
56,NSL-KDD,9,0.04795044660568237,0.983615517616272,0.07683702558279037,0.9841091632843018,2.557515599997714,35.18060490000062
57,NSL-KDD,9,0.04675266146659851,0.9841205477714539,0.14604786038398743,0.9838847517967224,2.557515599997714,35.18060490000062
58,NSL-KDD,9,0.04779023304581642,0.9836267828941345,0.17128698527812958,0.9822686910629272,2.557515599997714,35.18060490000062
59,NSL-KDD,9,0.04524894431233406,0.9846479892730713,0.1287170648574829,0.9845580458641052,2.557515599997714,35.18060490000062
60,NSL-KDD,9,0.047818731516599655,0.9834471940994263,0.14141789078712463,0.9856353998184204,2.557515599997714,35.18060490000062
61,NSL-KDD,9,0.04654291644692421,0.9843562245368958,0.150926411151886,0.9864434003829956,2.557515599997714,35.18060490000062
62,NSL-KDD,9,0.046194277703762054,0.9844459891319275,0.1007358506321907,0.9861292243003845,2.557515599997714,35.18060490000062
63,NSL-KDD,9,0.04548736661672592,0.9848836660385132,0.09926716238260269,0.9853660464286804,2.557515599997714,35.18060490000062
64,NSL-KDD,9,0.04642375931143761,0.9841991066932678,0.1382022202014923,0.9857251644134521,2.557515599997714,35.18060490000062
1,UNSW-NB15,7,0.4334976375102997,0.8019428849220276,0.44830748438835144,0.7960602045059204,2.805487100034952,36.35057110001799
2,UNSW-NB15,7,0.43591949343681335,0.8011055588722229,0.42949867248535156,0.804019033908844,2.805487100034952,36.35057110001799
3,UNSW-NB15,7,0.43670323491096497,0.7993049621582031,0.4325852692127228,0.8074762225151062,2.805487100034952,36.35057110001799
4,UNSW-NB15,7,0.43468672037124634,0.8012766242027283,0.4261656701564789,0.8065758943557739,2.805487100034952,36.35057110001799
5,UNSW-NB15,7,0.43397825956344604,0.8009615540504456,0.42532312870025635,0.8074402213096619,2.805487100034952,36.35057110001799
6,UNSW-NB15,7,0.4378521740436554,0.8003132939338684,0.43120720982551575,0.8038749694824219,2.805487100034952,36.35057110001799
7,UNSW-NB15,7,0.43095725774765015,0.80259108543396,0.425758957862854,0.8069720268249512,2.805487100034952,36.35057110001799
8,UNSW-NB15,7,0.4337122440338135,0.8003042936325073,0.4341318905353546,0.8005257844924927,2.805487100034952,36.35057110001799
9,UNSW-NB15,7,0.4321947693824768,0.8019608855247498,0.4267159700393677,0.8048473000526428,2.805487100034952,36.35057110001799
10,UNSW-NB15,7,0.43173596262931824,0.8014476895332336,0.42978736758232117,0.8052794337272644,2.805487100034952,36.35057110001799
11,UNSW-NB15,7,0.4358276128768921,0.8007544875144958,0.4292204976081848,0.8060716986656189,2.805487100034952,36.35057110001799
12,UNSW-NB15,7,0.43314406275749207,0.8018888235092163,0.43016940355300903,0.799949586391449,2.805487100034952,36.35057110001799
13,UNSW-NB15,7,0.4343426525592804,0.8009254932403564,0.4412810504436493,0.7924589514732361,2.805487100034952,36.35057110001799
14,UNSW-NB15,7,0.43517976999282837,0.801114559173584,0.4274718761444092,0.8026865124702454,2.805487100034952,36.35057110001799
15,UNSW-NB15,7,0.4331972301006317,0.8017808198928833,0.42643651366233826,0.8053874969482422,2.805487100034952,36.35057110001799
16,UNSW-NB15,7,0.43453577160835266,0.8018618226051331,0.42665567994117737,0.799949586391449,2.805487100034952,36.35057110001799
17,UNSW-NB15,7,0.4357133209705353,0.8010605573654175,0.42822444438934326,0.8069720268249512,2.805487100034952,36.35057110001799
18,UNSW-NB15,7,0.43319860100746155,0.8014476895332336,0.4260562062263489,0.8059996962547302,2.805487100034952,36.35057110001799
19,UNSW-NB15,7,0.43612584471702576,0.8009344935417175,0.43099236488342285,0.8048473000526428,2.805487100034952,36.35057110001799
20,UNSW-NB15,7,0.43588417768478394,0.8010605573654175,0.4272881746292114,0.8042711019515991,2.805487100034952,36.35057110001799
21,UNSW-NB15,7,0.4333745241165161,0.8019248247146606,0.42715975642204285,0.8002016544342041,2.805487100034952,36.35057110001799
22,UNSW-NB15,7,0.4329003095626831,0.8013396859169006,0.4305863380432129,0.8028665781021118,2.805487100034952,36.35057110001799
23,UNSW-NB15,7,0.4334603548049927,0.8008354902267456,0.4267019033432007,0.8055315613746643,2.805487100034952,36.35057110001799
24,UNSW-NB15,7,0.43625330924987793,0.7994580268859863,0.42981356382369995,0.8003457188606262,2.805487100034952,36.35057110001799
25,UNSW-NB15,7,0.43410682678222656,0.8014026880264282,0.44497615098953247,0.8001656532287598,2.805487100034952,36.35057110001799
26,UNSW-NB15,7,0.433616578578949,0.8018258213996887,0.42745524644851685,0.8022183775901794,2.805487100034952,36.35057110001799
27,UNSW-NB15,7,0.43364807963371277,0.8022849559783936,0.4275105893611908,0.8066118955612183,2.805487100034952,36.35057110001799
28,UNSW-NB15,7,0.4338352084159851,0.8013036251068115,0.4231727123260498,0.8057836294174194,2.805487100034952,36.35057110001799
29,UNSW-NB15,7,0.43444472551345825,0.8012766242027283,0.42713966965675354,0.8050633668899536,2.805487100034952,36.35057110001799
30,UNSW-NB15,7,0.4350230097770691,0.8004933595657349,0.4318021833896637,0.8047752976417542,2.805487100034952,36.35057110001799
31,UNSW-NB15,7,0.43282392621040344,0.8012856245040894,0.42459186911582947,0.8053154349327087,2.805487100034952,36.35057110001799
32,UNSW-NB15,7,0.4344466030597687,0.8010515570640564,0.42660778760910034,0.8061437606811523,2.805487100034952,36.35057110001799
33,UNSW-NB15,7,0.4358282685279846,0.8004393577575684,0.4472772479057312,0.795520007610321,2.805487100034952,36.35057110001799
34,UNSW-NB15,7,0.4328332543373108,0.8008984923362732,0.43335703015327454,0.7998415231704712,2.805487100034952,36.35057110001799
35,UNSW-NB15,7,0.4342074990272522,0.8017177581787109,0.42570650577545166,0.8055315613746643,2.805487100034952,36.35057110001799
36,UNSW-NB15,7,0.4361545741558075,0.7998091578483582,0.4301241934299469,0.8058196306228638,2.805487100034952,36.35057110001799
37,UNSW-NB15,7,0.4337347149848938,0.8019698858261108,0.42930611968040466,0.804631233215332,2.805487100034952,36.35057110001799
38,UNSW-NB15,7,0.43300944566726685,0.8012046217918396,0.42589518427848816,0.8080164194107056,2.805487100034952,36.35057110001799
39,UNSW-NB15,7,0.4329175353050232,0.8011506199836731,0.42821213603019714,0.8034788370132446,2.805487100034952,36.35057110001799
40,UNSW-NB15,7,0.4325634837150574,0.8018708229064941,0.42769747972488403,0.8076202869415283,2.805487100034952,36.35057110001799
41,UNSW-NB15,7,0.4352223575115204,0.8011055588722229,0.43296152353286743,0.8029026389122009,2.805487100034952,36.35057110001799
42,UNSW-NB15,7,0.4349097013473511,0.8001512885093689,0.43248602747917175,0.8033347725868225,2.805487100034952,36.35057110001799
43,UNSW-NB15,7,0.43352147936820984,0.8009885549545288,0.4355374872684479,0.8005977869033813,2.805487100034952,36.35057110001799
44,UNSW-NB15,7,0.433248907327652,0.801987886428833,0.4362201988697052,0.7988331913948059,2.805487100034952,36.35057110001799
45,UNSW-NB15,7,0.4355870485305786,0.7991068959236145,0.43532076478004456,0.7993733882904053,2.805487100034952,36.35057110001799
46,UNSW-NB15,7,0.4340994656085968,0.8017718195915222,0.4300568401813507,0.8038389682769775,2.805487100034952,36.35057110001799
47,UNSW-NB15,7,0.4336795508861542,0.8004213571548462,0.4305756688117981,0.8074402213096619,2.805487100034952,36.35057110001799
48,UNSW-NB15,7,0.43242931365966797,0.8017087578773499,0.4265037477016449,0.8056395649909973,2.805487100034952,36.35057110001799
49,UNSW-NB15,7,0.4332091808319092,0.8015467524528503,0.42910659313201904,0.8053874969482422,2.805487100034952,36.35057110001799
50,UNSW-NB15,7,0.43326884508132935,0.8022579550743103,0.42944735288619995,0.8048473000526428,2.805487100034952,36.35057110001799
51,UNSW-NB15,7,0.43513721227645874,0.8007544875144958,0.4309837520122528,0.8019663095474243,2.805487100034952,36.35057110001799
52,UNSW-NB15,7,0.43550658226013184,0.8005203604698181,0.42794957756996155,0.8066118955612183,2.805487100034952,36.35057110001799
53,UNSW-NB15,7,0.434756875038147,0.8014476895332336,0.4276275932788849,0.8060356974601746,2.805487100034952,36.35057110001799
54,UNSW-NB15,7,0.4305894374847412,0.802600085735321,0.42517849802970886,0.8057116270065308,2.805487100034952,36.35057110001799
55,UNSW-NB15,7,0.4318638741970062,0.8019428849220276,0.4273718595504761,0.8067919611930847,2.805487100034952,36.35057110001799
56,UNSW-NB15,7,0.4354752004146576,0.801375687122345,0.43347617983818054,0.8001296520233154,2.805487100034952,36.35057110001799
57,UNSW-NB15,7,0.43462511897087097,0.8011325597763062,0.4277479648590088,0.804739236831665,2.805487100034952,36.35057110001799
58,UNSW-NB15,7,0.4345549941062927,0.802095890045166,0.42899754643440247,0.7984009981155396,2.805487100034952,36.35057110001799
59,UNSW-NB15,7,0.4366873800754547,0.8010965585708618,0.4289315342903137,0.8072961568832397,2.805487100034952,36.35057110001799
60,UNSW-NB15,7,0.43598222732543945,0.8008984923362732,0.43455424904823303,0.8005257844924927,2.805487100034952,36.35057110001799
61,UNSW-NB15,7,0.4342869222164154,0.8013036251068115,0.45041975378990173,0.7933232188224792,2.805487100034952,36.35057110001799
62,UNSW-NB15,7,0.4343400299549103,0.8013936877250671,0.42925336956977844,0.804127037525177,2.805487100034952,36.35057110001799
63,UNSW-NB15,7,0.4343719482421875,0.801744818687439,0.42797964811325073,0.8081604838371277,2.805487100034952,36.35057110001799
64,UNSW-NB15,7,0.4350122809410095,0.80003422498703,0.42715224623680115,0.8050273656845093,2.805487100034952,36.35057110001799
1,NSL-KDD,10,0.0428786538541317,0.9852988719940186,0.09620911628007889,0.9868025183677673,1.8071945999981835,37.04248110001208
2,NSL-KDD,10,0.044356949627399445,0.9851417541503906,0.10482252389192581,0.9850069880485535,1.8071945999981835,37.04248110001208
3,NSL-KDD,10,0.043506402522325516,0.9852539896965027,0.10771018266677856,0.986578106880188,1.8071945999981835,37.04248110001208
4,NSL-KDD,10,0.04378443956375122,0.984894871711731,0.11759982258081436,0.9866678714752197,1.8071945999981835,37.04248110001208
5,NSL-KDD,10,0.0429060123860836,0.985826313495636,0.18972070515155792,0.9859496355056763,1.8071945999981835,37.04248110001208
6,NSL-KDD,10,0.04370605945587158,0.9852539896965027,0.11970646679401398,0.9854109883308411,1.8071945999981835,37.04248110001208
7,NSL-KDD,10,0.04270775243639946,0.9852764010429382,0.15118412673473358,0.9877452254295349,1.8071945999981835,37.04248110001208
8,NSL-KDD,10,0.044045593589544296,0.9848611950874329,0.2234179675579071,0.9865332245826721,1.8071945999981835,37.04248110001208
9,NSL-KDD,10,0.042958054691553116,0.9856691956520081,0.19075384736061096,0.984917163848877,1.8071945999981835,37.04248110001208
10,NSL-KDD,10,0.04315383359789848,0.985478401184082,0.12878960371017456,0.9868025183677673,1.8071945999981835,37.04248110001208
11,NSL-KDD,10,0.04608568921685219,0.9844123125076294,0.10679268836975098,0.9864882826805115,1.8071945999981835,37.04248110001208
12,NSL-KDD,10,0.044948138296604156,0.9844908714294434,0.140323668718338,0.9859945178031921,1.8071945999981835,37.04248110001208
13,NSL-KDD,10,0.04331769794225693,0.9851080775260925,0.05260787159204483,0.9841091632843018,1.8071945999981835,37.04248110001208
14,NSL-KDD,10,0.041903357952833176,0.9854896664619446,0.0839143916964531,0.9872963428497314,1.8071945999981835,37.04248110001208
15,NSL-KDD,10,0.04377655312418938,0.9850744009017944,0.17271341383457184,0.9867576360702515,1.8071945999981835,37.04248110001208
16,NSL-KDD,10,0.04381993040442467,0.9851192831993103,0.1701006442308426,0.9870718717575073,1.8071945999981835,37.04248110001208
17,NSL-KDD,10,0.0460175946354866,0.9844571948051453,0.17749522626399994,0.9833011627197266,1.8071945999981835,37.04248110001208
18,NSL-KDD,10,0.04342994838953018,0.9851754307746887,0.18683867156505585,0.9855007529258728,1.8071945999981835,37.04248110001208
19,NSL-KDD,10,0.04359690845012665,0.9853998422622681,0.12796305119991302,0.9861292243003845,1.8071945999981835,37.04248110001208
20,NSL-KDD,10,0.04382975026965141,0.9850295186042786,0.1909342110157013,0.9862638711929321,1.8071945999981835,37.04248110001208
21,NSL-KDD,10,0.044219836592674255,0.9850183129310608,0.09780947118997574,0.9856802821159363,1.8071945999981835,37.04248110001208
22,NSL-KDD,10,0.04267709329724312,0.9858375191688538,0.2559925615787506,0.9862638711929321,1.8071945999981835,37.04248110001208
23,NSL-KDD,10,0.0424262173473835,0.9855794310569763,0.20172111690044403,0.9852313995361328,1.8071945999981835,37.04248110001208
24,NSL-KDD,10,0.043773896992206573,0.9848499894142151,0.16356228291988373,0.9863536357879639,1.8071945999981835,37.04248110001208
25,NSL-KDD,10,0.043646495789289474,0.9851866364479065,0.18670639395713806,0.9866229891777039,1.8071945999981835,37.04248110001208
26,NSL-KDD,10,0.045189518481492996,0.9845020771026611,0.15344668924808502,0.9866229891777039,1.8071945999981835,37.04248110001208
27,NSL-KDD,10,0.04346570745110512,0.9850183129310608,0.13607363402843475,0.9851416349411011,1.8071945999981835,37.04248110001208
28,NSL-KDD,10,0.04474007710814476,0.9848499894142151,0.09530363976955414,0.9843785166740417,1.8071945999981835,37.04248110001208
29,NSL-KDD,10,0.043331872671842575,0.9849846363067627,0.13874098658561707,0.9843336343765259,1.8071945999981835,37.04248110001208
30,NSL-KDD,10,0.0452239103615284,0.9849509596824646,0.16616836190223694,0.9872514009475708,1.8071945999981835,37.04248110001208
31,NSL-KDD,10,0.042519740760326385,0.9857814311981201,0.09765550494194031,0.9872963428497314,1.8071945999981835,37.04248110001208
32,NSL-KDD,10,0.04418528452515602,0.9848387837409973,0.11411675810813904,0.98428875207901,1.8071945999981835,37.04248110001208
33,NSL-KDD,10,0.045035239309072495,0.9845132827758789,0.16037631034851074,0.9841540455818176,1.8071945999981835,37.04248110001208
34,NSL-KDD,10,0.04438085854053497,0.984816312789917,0.17478151619434357,0.9863985180854797,1.8071945999981835,37.04248110001208
35,NSL-KDD,10,0.044062577188014984,0.9851529598236084,0.13698966801166534,0.9869372248649597,1.8071945999981835,37.04248110001208
36,NSL-KDD,10,0.04497642442584038,0.9849172830581665,0.12535437941551208,0.9861292243003845,1.8071945999981835,37.04248110001208
37,NSL-KDD,10,0.044166795909404755,0.9848724007606506,0.15308833122253418,0.9847825169563293,1.8071945999981835,37.04248110001208
38,NSL-KDD,10,0.04504474252462387,0.9844908714294434,0.11158423125743866,0.986578106880188,1.8071945999981835,37.04248110001208
39,NSL-KDD,10,0.04564598575234413,0.9845918416976929,0.09476502984762192,0.9852762818336487,1.8071945999981835,37.04248110001208
40,NSL-KDD,10,0.04178993031382561,0.985747754573822,0.14237867295742035,0.986308753490448,1.8071945999981835,37.04248110001208
41,NSL-KDD,10,0.04472963139414787,0.9848051071166992,0.14943432807922363,0.9854109883308411,1.8071945999981835,37.04248110001208
42,NSL-KDD,10,0.04412021487951279,0.9849172830581665,0.161754310131073,0.9853211641311646,1.8071945999981835,37.04248110001208
43,NSL-KDD,10,0.04308926314115524,0.9852539896965027,0.16273978352546692,0.9851865172386169,1.8071945999981835,37.04248110001208
44,NSL-KDD,10,0.04536876827478409,0.9849060773849487,0.18259228765964508,0.9872514009475708,1.8071945999981835,37.04248110001208
45,NSL-KDD,10,0.04553649574518204,0.9843000769615173,0.14441175758838654,0.9836602807044983,1.8071945999981835,37.04248110001208
46,NSL-KDD,10,0.04177723079919815,0.9857252836227417,0.19947898387908936,0.9869821071624756,1.8071945999981835,37.04248110001208
47,NSL-KDD,10,0.04278528317809105,0.9852315187454224,0.1433679312467575,0.9846478700637817,1.8071945999981835,37.04248110001208
48,NSL-KDD,10,0.042941149324178696,0.9853437542915344,0.11103231459856033,0.9866229891777039,1.8071945999981835,37.04248110001208
49,NSL-KDD,10,0.04249078407883644,0.985747754573822,0.07508914917707443,0.9872065186500549,1.8071945999981835,37.04248110001208
50,NSL-KDD,10,0.04294581711292267,0.9854223132133484,0.0932859405875206,0.9868923425674438,1.8071945999981835,37.04248110001208
51,NSL-KDD,10,0.0438760444521904,0.9854671955108643,0.10952400416135788,0.9864434003829956,1.8071945999981835,37.04248110001208
52,NSL-KDD,10,0.043632373213768005,0.9849172830581665,0.1497066766023636,0.9857251644134521,1.8071945999981835,37.04248110001208
53,NSL-KDD,10,0.042608778923749924,0.9853437542915344,0.13118809461593628,0.9856353998184204,1.8071945999981835,37.04248110001208
54,NSL-KDD,10,0.04337777942419052,0.9852315187454224,0.2178952842950821,0.9859496355056763,1.8071945999981835,37.04248110001208
55,NSL-KDD,10,0.04397342726588249,0.9852091073989868,0.1421063393354416,0.9855007529258728,1.8071945999981835,37.04248110001208
56,NSL-KDD,10,0.04756620153784752,0.9834023118019104,0.0873495563864708,0.9854109883308411,1.8071945999981835,37.04248110001208
57,NSL-KDD,10,0.04345354810357094,0.9851978421211243,0.1591794490814209,0.9850518703460693,1.8071945999981835,37.04248110001208
58,NSL-KDD,10,0.045769207179546356,0.9845694303512573,0.1650586724281311,0.9856353998184204,1.8071945999981835,37.04248110001208
59,NSL-KDD,10,0.04342200607061386,0.9848275184631348,0.12726324796676636,0.9850069880485535,1.8071945999981835,37.04248110001208
60,NSL-KDD,10,0.04474487155675888,0.984816312789917,0.14323903620243073,0.98428875207901,1.8071945999981835,37.04248110001208
61,NSL-KDD,10,0.044340699911117554,0.9849172830581665,0.15494216978549957,0.9847376346588135,1.8071945999981835,37.04248110001208
62,NSL-KDD,10,0.04477480798959732,0.9844123125076294,0.11239872127771378,0.9862638711929321,1.8071945999981835,37.04248110001208
63,NSL-KDD,10,0.043668147176504135,0.9852427244186401,0.0989888459444046,0.9843785166740417,1.8071945999981835,37.04248110001208
64,NSL-KDD,10,0.04471117630600929,0.9846479892730713,0.1455284208059311,0.9862638711929321,1.8071945999981835,37.04248110001208
1,UNSW-NB15,8,0.431610107421875,0.8027260899543762,0.4233904182910919,0.8063238263130188,2.278002800012473,38.69108010001946
2,UNSW-NB15,8,0.4320657551288605,0.8025280833244324,0.43431156873703003,0.804127037525177,2.278002800012473,38.69108010001946
3,UNSW-NB15,8,0.4325844943523407,0.8017538189888,0.4297405183315277,0.7989411950111389,2.278002800012473,38.69108010001946
4,UNSW-NB15,8,0.4305177628993988,0.8029241561889648,0.42683297395706177,0.8067919611930847,2.278002800012473,38.69108010001946
5,UNSW-NB15,8,0.4309017062187195,0.801114559173584,0.4260402023792267,0.8081244230270386,2.278002800012473,38.69108010001946
6,UNSW-NB15,8,0.4337320327758789,0.8014926910400391,0.4302007555961609,0.8023624420166016,2.278002800012473,38.69108010001946
7,UNSW-NB15,8,0.4278087019920349,0.804292619228363,0.42510974407196045,0.809168815612793,2.278002800012473,38.69108010001946
8,UNSW-NB15,8,0.42975693941116333,0.8023840188980103,0.4248256981372833,0.8021103143692017,2.278002800012473,38.69108010001946
9,UNSW-NB15,8,0.4286443591117859,0.8032752871513367,0.4260045289993286,0.8067919611930847,2.278002800012473,38.69108010001946
10,UNSW-NB15,8,0.4283568561077118,0.8032842874526978,0.4245368242263794,0.8070080280303955,2.278002800012473,38.69108010001946
11,UNSW-NB15,8,0.43085190653800964,0.8020418882369995,0.4280080795288086,0.8032627105712891,2.278002800012473,38.69108010001946
12,UNSW-NB15,8,0.43009549379348755,0.8030052185058594,0.42307329177856445,0.8058916926383972,2.278002800012473,38.69108010001946
13,UNSW-NB15,8,0.43129590153694153,0.8020238876342773,0.42426568269729614,0.8090247511863708,2.278002800012473,38.69108010001946
14,UNSW-NB15,8,0.43123775720596313,0.8020688891410828,0.42675960063934326,0.8037309050559998,2.278002800012473,38.69108010001946
15,UNSW-NB15,8,0.4304256737232208,0.8030142188072205,0.42707088589668274,0.8024344444274902,2.278002800012473,38.69108010001946
16,UNSW-NB15,8,0.4304893910884857,0.8030862212181091,0.4292610287666321,0.8027945756912231,2.278002800012473,38.69108010001946
17,UNSW-NB15,8,0.4313134253025055,0.8018438220024109,0.4252329170703888,0.8075122237205505,2.278002800012473,38.69108010001946
18,UNSW-NB15,8,0.42915162444114685,0.8036534190177917,0.4356340169906616,0.8038749694824219,2.278002800012473,38.69108010001946
19,UNSW-NB15,8,0.43181049823760986,0.8026270866394043,0.4238700866699219,0.8086646199226379,2.278002800012473,38.69108010001946
20,UNSW-NB15,8,0.43199124932289124,0.8012226223945618,0.42716509103775024,0.8029746413230896,2.278002800012473,38.69108010001946
21,UNSW-NB15,8,0.42935729026794434,0.8042656183242798,0.42230504751205444,0.8087726831436157,2.278002800012473,38.69108010001946
22,UNSW-NB15,8,0.42938438057899475,0.8035814166069031,0.4267818331718445,0.809168815612793,2.278002800012473,38.69108010001946
23,UNSW-NB15,8,0.42873647809028625,0.8033833503723145,0.42227596044540405,0.8075122237205505,2.278002800012473,38.69108010001946
24,UNSW-NB15,8,0.4307035803794861,0.8018798232078552,0.42637938261032104,0.8033707737922668,2.278002800012473,38.69108010001946
25,UNSW-NB15,8,0.4308805465698242,0.8017808198928833,0.4267958700656891,0.8064318299293518,2.278002800012473,38.69108010001946
26,UNSW-NB15,8,0.43078941106796265,0.8030412197113037,0.42785006761550903,0.8017501831054688,2.278002800012473,38.69108010001946
27,UNSW-NB15,8,0.43153485655784607,0.8031762838363647,0.42396417260169983,0.8090607523918152,2.278002800012473,38.69108010001946
28,UNSW-NB15,8,0.42937228083610535,0.8031852841377258,0.43119463324546814,0.7977887988090515,2.278002800012473,38.69108010001946
29,UNSW-NB15,8,0.4300519824028015,0.8024020195007324,0.43243497610092163,0.8044871687889099,2.278002800012473,38.69108010001946
30,UNSW-NB15,8,0.4317680895328522,0.8024110198020935,0.4265877902507782,0.8039109706878662,2.278002800012473,38.69108010001946
31,UNSW-NB15,8,0.4286598861217499,0.803068220615387,0.42730966210365295,0.8072241544723511,2.278002800012473,38.69108010001946
32,UNSW-NB15,8,0.4309259057044983,0.8021679520606995,0.42337778210639954,0.8071520924568176,2.278002800012473,38.69108010001946
33,UNSW-NB15,8,0.43261420726776123,0.8024740219116211,0.4311925768852234,0.7987611293792725,2.278002800012473,38.69108010001946
34,UNSW-NB15,8,0.4297296702861786,0.8026900887489319,0.4333249628543854,0.797500729560852,2.278002800012473,38.69108010001946
35,UNSW-NB15,8,0.4312407672405243,0.8026270866394043,0.42491015791893005,0.804019033908844,2.278002800012473,38.69108010001946
36,UNSW-NB15,8,0.43217378854751587,0.8022039532661438,0.4240199327468872,0.8057836294174194,2.278002800012473,38.69108010001946
37,UNSW-NB15,8,0.42967289686203003,0.8028701543807983,0.43234747648239136,0.801426112651825,2.278002800012473,38.69108010001946
38,UNSW-NB15,8,0.4299243986606598,0.8034103512763977,0.42665672302246094,0.8081604838371277,2.278002800012473,38.69108010001946
39,UNSW-NB15,8,0.4291788339614868,0.8034823536872864,0.425475537776947,0.8069000244140625,2.278002800012473,38.69108010001946
40,UNSW-NB15,8,0.4310576021671295,0.8028611540794373,0.4297470450401306,0.806107759475708,2.278002800012473,38.69108010001946
41,UNSW-NB15,8,0.4306038022041321,0.8023300170898438,0.42517927289009094,0.805099368095398,2.278002800012473,38.69108010001946
42,UNSW-NB15,8,0.43168774247169495,0.8019248247146606,0.42762666940689087,0.8072601556777954,2.278002800012473,38.69108010001946
43,UNSW-NB15,8,0.4305286407470703,0.8027531504631042,0.4326747953891754,0.802650511264801,2.278002800012473,38.69108010001946
44,UNSW-NB15,8,0.4295833706855774,0.804553747177124,0.4275068938732147,0.8100691437721252,2.278002800012473,38.69108010001946
45,UNSW-NB15,8,0.4310823678970337,0.8011956214904785,0.43025627732276917,0.8068280220031738,2.278002800012473,38.69108010001946
46,UNSW-NB15,8,0.430174320936203,0.8021859526634216,0.4252397418022156,0.808196485042572,2.278002800012473,38.69108010001946
47,UNSW-NB15,8,0.4290943145751953,0.8032662868499756,0.42491671442985535,0.8080524206161499,2.278002800012473,38.69108010001946
48,UNSW-NB15,8,0.42956364154815674,0.8035003542900085,0.42115095257759094,0.807080090045929,2.278002800012473,38.69108010001946
49,UNSW-NB15,8,0.4298200309276581,0.8029332160949707,0.42575153708457947,0.8083405494689941,2.278002800012473,38.69108010001946
50,UNSW-NB15,8,0.43012744188308716,0.8036084175109863,0.424529492855072,0.8058916926383972,2.278002800012473,38.69108010001946
51,UNSW-NB15,8,0.4307713806629181,0.8030412197113037,0.4270389676094055,0.8066479563713074,2.278002800012473,38.69108010001946
52,UNSW-NB15,8,0.4336263835430145,0.8010785579681396,0.428279310464859,0.8044151663780212,2.278002800012473,38.69108010001946
53,UNSW-NB15,8,0.4306708872318268,0.8032932877540588,0.43141743540763855,0.8016781806945801,2.278002800012473,38.69108010001946
54,UNSW-NB15,8,0.4271990954875946,0.8037254810333252,0.42799216508865356,0.8055315613746643,2.278002800012473,38.69108010001946
55,UNSW-NB15,8,0.43034952878952026,0.8036894202232361,0.42565807700157166,0.8075482249259949,2.278002800012473,38.69108010001946
56,UNSW-NB15,8,0.4314069449901581,0.8026090860366821,0.42454397678375244,0.8058196306228638,2.278002800012473,38.69108010001946
57,UNSW-NB15,8,0.4304819405078888,0.8023209571838379,0.42942699790000916,0.8034067749977112,2.278002800012473,38.69108010001946
58,UNSW-NB15,8,0.43046465516090393,0.8023480176925659,0.4233764111995697,0.8055315613746643,2.278002800012473,38.69108010001946
59,UNSW-NB15,8,0.43332451581954956,0.8015286922454834,0.4280690550804138,0.8059636950492859,2.278002800012473,38.69108010001946
60,UNSW-NB15,8,0.43200594186782837,0.8020238876342773,0.430987685918808,0.8048833012580872,2.278002800012473,38.69108010001946
61,UNSW-NB15,8,0.43062520027160645,0.8033202886581421,0.424373596906662,0.8075482249259949,2.278002800012473,38.69108010001946
62,UNSW-NB15,8,0.43160340189933777,0.8036534190177917,0.42485544085502625,0.8086646199226379,2.278002800012473,38.69108010001946
63,UNSW-NB15,8,0.43014010787010193,0.803437352180481,0.42428746819496155,0.8071520924568176,2.278002800012473,38.69108010001946
64,UNSW-NB15,8,0.431382954120636,0.801852822303772,0.4251553416252136,0.8058916926383972,2.278002800012473,38.69108010001946
1,NSL-KDD,11,0.04203309491276741,0.9855008721351624,0.10861183702945709,0.9845131635665894,1.7858119999873452,38.878691099991556
2,NSL-KDD,11,0.043385665863752365,0.9846928715705872,0.10255076736211777,0.986308753490448,1.7858119999873452,38.878691099991556
3,NSL-KDD,11,0.04235758259892464,0.9853437542915344,0.11362990736961365,0.9868474006652832,1.7858119999873452,38.878691099991556
4,NSL-KDD,11,0.04164163023233414,0.9858487248420715,0.12828153371810913,0.9829869270324707,1.7858119999873452,38.878691099991556
5,NSL-KDD,11,0.041506268084049225,0.9858487248420715,0.19519497454166412,0.9862638711929321,1.7858119999873452,38.878691099991556
6,NSL-KDD,11,0.04262176901102066,0.98563551902771,0.13105665147304535,0.9870718717575073,1.7858119999873452,38.878691099991556
7,NSL-KDD,11,0.041902899742126465,0.986017107963562,0.15751369297504425,0.9864434003829956,1.7858119999873452,38.878691099991556
8,NSL-KDD,11,0.04191853851079941,0.9859272837638855,0.23451940715312958,0.9862638711929321,1.7858119999873452,38.878691099991556
9,NSL-KDD,11,0.04192741587758064,0.9858711957931519,0.19101285934448242,0.987430989742279,1.7858119999873452,38.878691099991556
10,NSL-KDD,11,0.04141887649893761,0.9859609603881836,0.13425540924072266,0.9862189888954163,1.7858119999873452,38.878691099991556
11,NSL-KDD,11,0.04436962679028511,0.984816312789917,0.1250750571489334,0.9841540455818176,1.7858119999873452,38.878691099991556
12,NSL-KDD,11,0.04286174476146698,0.9852539896965027,0.1436128169298172,0.9857701063156128,1.7858119999873452,38.878691099991556
13,NSL-KDD,11,0.0421825647354126,0.9853998422622681,0.05776643007993698,0.9865332245826721,1.7858119999873452,38.878691099991556
14,NSL-KDD,11,0.040890105068683624,0.9858599901199341,0.09574294090270996,0.9859047532081604,1.7858119999873452,38.878691099991556
15,NSL-KDD,11,0.04288416728377342,0.9852427244186401,0.18099170923233032,0.9859945178031921,1.7858119999873452,38.878691099991556
16,NSL-KDD,11,0.042147569358348846,0.9856467247009277,0.1870015561580658,0.9864434003829956,1.7858119999873452,38.878691099991556
17,NSL-KDD,11,0.04359039291739464,0.9850295186042786,0.1719253957271576,0.986308753490448,1.7858119999873452,38.878691099991556
18,NSL-KDD,11,0.0418408028781414,0.9855232834815979,0.20660445094108582,0.9875656366348267,1.7858119999873452,38.878691099991556
19,NSL-KDD,11,0.04264700412750244,0.9858487248420715,0.1318519115447998,0.9851416349411011,1.7858119999873452,38.878691099991556
20,NSL-KDD,11,0.04181213676929474,0.9861517548561096,0.1981397420167923,0.9866229891777039,1.7858119999873452,38.878691099991556
21,NSL-KDD,11,0.042186520993709564,0.9854111075401306,0.10531946271657944,0.9858598709106445,1.7858119999873452,38.878691099991556
22,NSL-KDD,11,0.041041482239961624,0.9861405491828918,0.2935945987701416,0.9872065186500549,1.7858119999873452,38.878691099991556
23,NSL-KDD,11,0.04192719981074333,0.9856243133544922,0.2106686234474182,0.9848722815513611,1.7858119999873452,38.878691099991556
24,NSL-KDD,11,0.04208507016301155,0.9856691956520081,0.17869602143764496,0.9869821071624756,1.7858119999873452,38.878691099991556
25,NSL-KDD,11,0.04177730903029442,0.9860507249832153,0.1993924081325531,0.9863536357879639,1.7858119999873452,38.878691099991556
26,NSL-KDD,11,0.04290333017706871,0.9850631952285767,0.1696626991033554,0.9855905175209045,1.7858119999873452,38.878691099991556
27,NSL-KDD,11,0.04213837906718254,0.9853325486183167,0.14180777966976166,0.9857251644134521,1.7858119999873452,38.878691099991556
28,NSL-KDD,11,0.04324439913034439,0.9856691956520081,0.09446051716804504,0.9863985180854797,1.7858119999873452,38.878691099991556
29,NSL-KDD,11,0.041413791477680206,0.98590487241745,0.14540505409240723,0.9859496355056763,1.7858119999873452,38.878691099991556
30,NSL-KDD,11,0.04223335161805153,0.9862864017486572,0.1801215559244156,0.9859496355056763,1.7858119999873452,38.878691099991556
31,NSL-KDD,11,0.04151235520839691,0.9857365489006042,0.10371407866477966,0.9850518703460693,1.7858119999873452,38.878691099991556
32,NSL-KDD,11,0.04237794503569603,0.9857926368713379,0.11376676708459854,0.9859047532081604,1.7858119999873452,38.878691099991556
33,NSL-KDD,11,0.04311700910329819,0.9854111075401306,0.16477012634277344,0.9866229891777039,1.7858119999873452,38.878691099991556
34,NSL-KDD,11,0.04207621514797211,0.9854559898376465,0.19130977988243103,0.9861292243003845,1.7858119999873452,38.878691099991556
35,NSL-KDD,11,0.041668955236673355,0.9859272837638855,0.1514524221420288,0.9862189888954163,1.7858119999873452,38.878691099991556
36,NSL-KDD,11,0.04296170547604561,0.9853662252426147,0.13001932203769684,0.9862189888954163,1.7858119999873452,38.878691099991556
37,NSL-KDD,11,0.04246711730957031,0.9859160780906677,0.1578775942325592,0.9859496355056763,1.7858119999873452,38.878691099991556
38,NSL-KDD,11,0.04268950968980789,0.98563551902771,0.1247507855296135,0.9865332245826721,1.7858119999873452,38.878691099991556
39,NSL-KDD,11,0.042640574276447296,0.9858151078224182,0.10655348002910614,0.9866229891777039,1.7858119999873452,38.878691099991556
40,NSL-KDD,11,0.040474627166986465,0.9863537549972534,0.14936813712120056,0.9850069880485535,1.7858119999873452,38.878691099991556
41,NSL-KDD,11,0.04230082780122757,0.9854111075401306,0.1609308272600174,0.9841540455818176,1.7858119999873452,38.878691099991556
42,NSL-KDD,11,0.04276633262634277,0.9849397540092468,0.15893051028251648,0.9867576360702515,1.7858119999873452,38.878691099991556
43,NSL-KDD,11,0.04047394171357155,0.9861966371536255,0.17638330161571503,0.9855456352233887,1.7858119999873452,38.878691099991556
44,NSL-KDD,11,0.04358351230621338,0.9851754307746887,0.19827741384506226,0.9871616363525391,1.7858119999873452,38.878691099991556
45,NSL-KDD,11,0.04234255105257034,0.9856131076812744,0.15744952857494354,0.9870718717575073,1.7858119999873452,38.878691099991556
46,NSL-KDD,11,0.04074699804186821,0.9863649606704712,0.2270369678735733,0.9869821071624756,1.7858119999873452,38.878691099991556
47,NSL-KDD,11,0.041330479085445404,0.985556960105896,0.14974980056285858,0.9866678714752197,1.7858119999873452,38.878691099991556
48,NSL-KDD,11,0.0414300262928009,0.9857365489006042,0.12454020977020264,0.9867576360702515,1.7858119999873452,38.878691099991556
49,NSL-KDD,11,0.04117164760828018,0.9857589602470398,0.09090488404035568,0.9880594611167908,1.7858119999873452,38.878691099991556
50,NSL-KDD,11,0.04127537086606026,0.9858487248420715,0.09346460551023483,0.9870269894599915,1.7858119999873452,38.878691099991556
51,NSL-KDD,11,0.04119699448347092,0.9859722256660461,0.12044410407543182,0.9870269894599915,1.7858119999873452,38.878691099991556
52,NSL-KDD,11,0.04270486161112785,0.9850968718528748,0.1720402091741562,0.9843785166740417,1.7858119999873452,38.878691099991556
53,NSL-KDD,11,0.03989333659410477,0.9864659905433655,0.13982811570167542,0.9880145192146301,1.7858119999873452,38.878691099991556
54,NSL-KDD,11,0.0418677031993866,0.9856916666030884,0.2440783977508545,0.9857701063156128,1.7858119999873452,38.878691099991556
55,NSL-KDD,11,0.04354395717382431,0.9848387837409973,0.16331909596920013,0.9848722815513611,1.7858119999873452,38.878691099991556
56,NSL-KDD,11,0.04455612227320671,0.9847040772438049,0.08435283601284027,0.9839296340942383,1.7858119999873452,38.878691099991556
57,NSL-KDD,11,0.042535893619060516,0.9855794310569763,0.17530366778373718,0.9846478700637817,1.7858119999873452,38.878691099991556
58,NSL-KDD,11,0.042919453233480453,0.9854111075401306,0.15885598957538605,0.9859945178031921,1.7858119999873452,38.878691099991556
59,NSL-KDD,11,0.04170970618724823,0.985826313495636,0.1324196457862854,0.9863536357879639,1.7858119999873452,38.878691099991556
60,NSL-KDD,11,0.042596235871315,0.9853325486183167,0.1550292819738388,0.9851416349411011,1.7858119999873452,38.878691099991556
61,NSL-KDD,11,0.043284639716148376,0.9850968718528748,0.16758029162883759,0.98401939868927,1.7858119999873452,38.878691099991556
62,NSL-KDD,11,0.04139908775687218,0.9857589602470398,0.1162828728556633,0.9861741065979004,1.7858119999873452,38.878691099991556
63,NSL-KDD,11,0.041888050734996796,0.9855120778083801,0.11298974603414536,0.9846927523612976,1.7858119999873452,38.878691099991556
64,NSL-KDD,11,0.04263649880886078,0.9856916666030884,0.15679870545864105,0.9851416349411011,1.7858119999873452,38.878691099991556
1,NSL-KDD,12,0.04061019420623779,0.985938549041748,0.11225007474422455,0.9874758720397949,2.1255545999738388,41.06807159999153
2,NSL-KDD,12,0.04126130789518356,0.985826313495636,0.10857068747282028,0.986039400100708,2.1255545999738388,41.06807159999153
3,NSL-KDD,12,0.040588948875665665,0.9860844016075134,0.1206195205450058,0.9875656366348267,2.1255545999738388,41.06807159999153
4,NSL-KDD,12,0.040203556418418884,0.9867802262306213,0.13342879712581635,0.9857701063156128,2.1255545999738388,41.06807159999153
5,NSL-KDD,12,0.04026925936341286,0.9865557551383972,0.20074112713336945,0.9868923425674438,2.1255545999738388,41.06807159999153
6,NSL-KDD,12,0.04094557464122772,0.9862191081047058,0.13523636758327484,0.9871167540550232,2.1255545999738388,41.06807159999153
7,NSL-KDD,12,0.039837658405303955,0.9864098429679871,0.16540826857089996,0.9872514009475708,2.1255545999738388,41.06807159999153
8,NSL-KDD,12,0.04079732671380043,0.9858824014663696,0.2561042606830597,0.9856802821159363,2.1255545999738388,41.06807159999153
9,NSL-KDD,12,0.039819780737161636,0.9864323139190674,0.20617282390594482,0.9876105189323425,2.1255545999738388,41.06807159999153
10,NSL-KDD,12,0.04026155173778534,0.9860507249832153,0.1460428386926651,0.9868923425674438,2.1255545999738388,41.06807159999153
11,NSL-KDD,12,0.04182276502251625,0.9858711957931519,0.13472123444080353,0.9850967526435852,2.1255545999738388,41.06807159999153
12,NSL-KDD,12,0.04091537371277809,0.9862415194511414,0.1434057652950287,0.9858598709106445,2.1255545999738388,41.06807159999153
13,NSL-KDD,12,0.04046006500720978,0.9858824014663696,0.06900924444198608,0.9854109883308411,2.1255545999738388,41.06807159999153
14,NSL-KDD,12,0.03881784901022911,0.9865557551383972,0.09057120978832245,0.9874758720397949,2.1255545999738388,41.06807159999153
15,NSL-KDD,12,0.04089486226439476,0.9861517548561096,0.18340623378753662,0.9857251644134521,2.1255545999738388,41.06807159999153
16,NSL-KDD,12,0.040817178785800934,0.9862191081047058,0.19498834013938904,0.9862638711929321,2.1255545999738388,41.06807159999153
17,NSL-KDD,12,0.0421488955616951,0.9860058426856995,0.18680232763290405,0.9872514009475708,2.1255545999738388,41.06807159999153
18,NSL-KDD,12,0.040487077087163925,0.9859160780906677,0.22233282029628754,0.9869372248649597,2.1255545999738388,41.06807159999153
19,NSL-KDD,12,0.04090426117181778,0.9861180782318115,0.13116082549095154,0.9875207543373108,2.1255545999738388,41.06807159999153
20,NSL-KDD,12,0.04009118676185608,0.986836314201355,0.22723816335201263,0.9855456352233887,2.1255545999738388,41.06807159999153
21,NSL-KDD,12,0.04050007835030556,0.9859160780906677,0.11459643393754959,0.9846927523612976,2.1255545999738388,41.06807159999153
22,NSL-KDD,12,0.04010019078850746,0.986566960811615,0.30247846245765686,0.988598108291626,2.1255545999738388,41.06807159999153
23,NSL-KDD,12,0.03942452743649483,0.9864211082458496,0.21374937891960144,0.9853211641311646,2.1255545999738388,41.06807159999153
24,NSL-KDD,12,0.04024895653128624,0.9861966371536255,0.1990222930908203,0.9857251644134521,2.1255545999738388,41.06807159999153
25,NSL-KDD,12,0.04075240343809128,0.9861629605293274,0.20372259616851807,0.9864434003829956,2.1255545999738388,41.06807159999153
26,NSL-KDD,12,0.04220644757151604,0.9854223132133484,0.19842351973056793,0.9867127537727356,2.1255545999738388,41.06807159999153
27,NSL-KDD,12,0.04097574204206467,0.9859722256660461,0.15267612040042877,0.9853211641311646,2.1255545999738388,41.06807159999153
28,NSL-KDD,12,0.04165852069854736,0.9858936667442322,0.09480726718902588,0.9862638711929321,2.1255545999738388,41.06807159999153
29,NSL-KDD,12,0.04068298637866974,0.9857252836227417,0.146681547164917,0.9861741065979004,2.1255545999738388,41.06807159999153
30,NSL-KDD,12,0.04010516032576561,0.9865220785140991,0.18402990698814392,0.9865332245826721,2.1255545999738388,41.06807159999153
31,NSL-KDD,12,0.03963515907526016,0.9864211082458496,0.1132676973938942,0.9868923425674438,2.1255545999738388,41.06807159999153
32,NSL-KDD,12,0.04033661633729935,0.9857926368713379,0.11968948692083359,0.9863536357879639,2.1255545999738388,41.06807159999153
33,NSL-KDD,12,0.04145533964037895,0.9859609603881836,0.17143364250659943,0.9859496355056763,2.1255545999738388,41.06807159999153
34,NSL-KDD,12,0.040942881256341934,0.9858375191688538,0.19134975969791412,0.9860842823982239,2.1255545999738388,41.06807159999153
35,NSL-KDD,12,0.040811531245708466,0.9861180782318115,0.16174012422561646,0.9859496355056763,2.1255545999738388,41.06807159999153
36,NSL-KDD,12,0.04159652069211006,0.9858038425445557,0.13646374642848969,0.9871616363525391,2.1255545999738388,41.06807159999153
37,NSL-KDD,12,0.040969934314489365,0.985826313495636,0.16714295744895935,0.9868025183677673,2.1255545999738388,41.06807159999153
38,NSL-KDD,12,0.04057750105857849,0.9865782260894775,0.1315394639968872,0.9872065186500549,2.1255545999738388,41.06807159999153
39,NSL-KDD,12,0.041594672948122025,0.985938549041748,0.11184872686862946,0.9868025183677673,2.1255545999738388,41.06807159999153
40,NSL-KDD,12,0.03979002311825752,0.9863649606704712,0.15624721348285675,0.9881941080093384,2.1255545999738388,41.06807159999153
41,NSL-KDD,12,0.04181748628616333,0.9857140779495239,0.15446379780769348,0.9856353998184204,2.1255545999738388,41.06807159999153
42,NSL-KDD,12,0.040790487080812454,0.9864659905433655,0.16999942064285278,0.9861741065979004,2.1255545999738388,41.06807159999153
43,NSL-KDD,12,0.039984386414289474,0.9864323139190674,0.16634501516819,0.9862638711929321,2.1255545999738388,41.06807159999153
44,NSL-KDD,12,0.04156569391489029,0.9856916666030884,0.20265263319015503,0.9858149886131287,2.1255545999738388,41.06807159999153
45,NSL-KDD,12,0.04249503090977669,0.9852876663208008,0.16941429674625397,0.9856802821159363,2.1255545999738388,41.06807159999153
46,NSL-KDD,12,0.03838982805609703,0.9871280789375305,0.22924663126468658,0.9875207543373108,2.1255545999738388,41.06807159999153
47,NSL-KDD,12,0.03902142122387886,0.986679196357727,0.15795977413654327,0.9872963428497314,2.1255545999738388,41.06807159999153
48,NSL-KDD,12,0.040650732815265656,0.9858824014663696,0.1321915090084076,0.9868025183677673,2.1255545999738388,41.06807159999153
49,NSL-KDD,12,0.03940430283546448,0.9869036674499512,0.0990140289068222,0.9872514009475708,2.1255545999738388,41.06807159999153
50,NSL-KDD,12,0.03949303179979324,0.986757755279541,0.10616438090801239,0.9868474006652832,2.1255545999738388,41.06807159999153
51,NSL-KDD,12,0.0403282530605793,0.9863200783729553,0.12428966909646988,0.9885083436965942,2.1255545999738388,41.06807159999153
52,NSL-KDD,12,0.04265270754694939,0.9852764010429382,0.16125886142253876,0.9859047532081604,2.1255545999738388,41.06807159999153
53,NSL-KDD,12,0.03822217136621475,0.986914873123169,0.14869773387908936,0.9867576360702515,2.1255545999738388,41.06807159999153
54,NSL-KDD,12,0.04042762890458107,0.9864435195922852,0.26140519976615906,0.9865332245826721,2.1255545999738388,41.06807159999153
55,NSL-KDD,12,0.04151301085948944,0.9855120778083801,0.18278777599334717,0.9855456352233887,2.1255545999738388,41.06807159999153
56,NSL-KDD,12,0.04380326718091965,0.9846367835998535,0.09010930359363556,0.9845580458641052,2.1255545999738388,41.06807159999153
57,NSL-KDD,12,0.04101768881082535,0.9859272837638855,0.1825253665447235,0.9865332245826721,2.1255545999738388,41.06807159999153
58,NSL-KDD,12,0.04159540310502052,0.9860283136367798,0.16383247077465057,0.9859945178031921,2.1255545999738388,41.06807159999153
59,NSL-KDD,12,0.039653558284044266,0.9863537549972534,0.13374142348766327,0.9873412251472473,2.1255545999738388,41.06807159999153
60,NSL-KDD,12,0.041017450392246246,0.9859272837638855,0.1657716929912567,0.9845580458641052,2.1255545999738388,41.06807159999153
61,NSL-KDD,12,0.04102844372391701,0.9861180782318115,0.18485291302204132,0.9857701063156128,2.1255545999738388,41.06807159999153
62,NSL-KDD,12,0.04021883383393288,0.986488401889801,0.1287633776664734,0.9863536357879639,2.1255545999738388,41.06807159999153
63,NSL-KDD,12,0.04050331935286522,0.9860844016075134,0.11697179824113846,0.9855007529258728,2.1255545999738388,41.06807159999153
64,NSL-KDD,12,0.04088373854756355,0.9859272837638855,0.15463612973690033,0.9859496355056763,2.1255545999738388,41.06807159999153
1,UNSW-NB15,9,0.4278038442134857,0.8043286800384521,0.42782485485076904,0.806719958782196,2.6547437999979593,41.40612160001183
2,UNSW-NB15,9,0.4283670485019684,0.8047608137130737,0.4232059717178345,0.8030106425285339,2.6547437999979593,41.40612160001183
3,UNSW-NB15,9,0.42909324169158936,0.8027351498603821,0.42765361070632935,0.8016421794891357,2.6547437999979593,41.40612160001183
4,UNSW-NB15,9,0.42722392082214355,0.8040855526924133,0.4232138693332672,0.8052794337272644,2.6547437999979593,41.40612160001183
5,UNSW-NB15,9,0.4275645613670349,0.8027531504631042,0.42294490337371826,0.8073321580886841,2.6547437999979593,41.40612160001183
6,UNSW-NB15,9,0.4304468035697937,0.8030232191085815,0.4350629448890686,0.8017862439155579,2.6547437999979593,41.40612160001183
7,UNSW-NB15,9,0.42489272356033325,0.8060392141342163,0.4230731427669525,0.8044151663780212,2.6547437999979593,41.40612160001183
8,UNSW-NB15,9,0.426189124584198,0.8041576147079468,0.42952340841293335,0.8044871687889099,2.6547437999979593,41.40612160001183
9,UNSW-NB15,9,0.42510005831718445,0.8046437501907349,0.4234713315963745,0.806107759475708,2.6547437999979593,41.40612160001183
10,UNSW-NB15,9,0.4253096282482147,0.8034643530845642,0.41830548644065857,0.8103212118148804,2.6547437999979593,41.40612160001183
11,UNSW-NB15,9,0.42868027091026306,0.8030232191085815,0.42169156670570374,0.8100331425666809,2.6547437999979593,41.40612160001183
12,UNSW-NB15,9,0.4270884096622467,0.804418683052063,0.42666366696357727,0.804739236831665,2.6547437999979593,41.40612160001183
13,UNSW-NB15,9,0.42748817801475525,0.8041216135025024,0.4354308247566223,0.8012460470199585,2.6547437999979593,41.40612160001183
14,UNSW-NB15,9,0.4281000792980194,0.8045177459716797,0.4292244613170624,0.8039109706878662,2.6547437999979593,41.40612160001183
15,UNSW-NB15,9,0.42688021063804626,0.8057421445846558,0.4255256652832031,0.8091328144073486,2.6547437999979593,41.40612160001183
16,UNSW-NB15,9,0.42591387033462524,0.8054090142250061,0.4204519987106323,0.8087366819381714,2.6547437999979593,41.40612160001183
17,UNSW-NB15,9,0.4273059666156769,0.8042026162147522,0.42846226692199707,0.8076202869415283,2.6547437999979593,41.40612160001183
18,UNSW-NB15,9,0.42687687277793884,0.8031132221221924,0.4187491834163666,0.8079804182052612,2.6547437999979593,41.40612160001183
19,UNSW-NB15,9,0.42825430631637573,0.8043016195297241,0.4260656237602234,0.8084125518798828,2.6547437999979593,41.40612160001183
20,UNSW-NB15,9,0.4292738139629364,0.803806483745575,0.4237610995769501,0.8072601556777954,2.6547437999979593,41.40612160001183
21,UNSW-NB15,9,0.42672064900398254,0.805156946182251,0.43303754925727844,0.8051353693008423,2.6547437999979593,41.40612160001183
22,UNSW-NB15,9,0.4267932176589966,0.8034103512763977,0.42478662729263306,0.8041990399360657,2.6547437999979593,41.40612160001183
23,UNSW-NB15,9,0.42617660760879517,0.80489581823349,0.42242321372032166,0.8064318299293518,2.6547437999979593,41.40612160001183
24,UNSW-NB15,9,0.42771363258361816,0.8027441501617432,0.4239059090614319,0.8044151663780212,2.6547437999979593,41.40612160001183
25,UNSW-NB15,9,0.4274015426635742,0.8037614822387695,0.4234611988067627,0.8097090125083923,2.6547437999979593,41.40612160001183
26,UNSW-NB15,9,0.42745599150657654,0.8037704825401306,0.422995924949646,0.8049913644790649,2.6547437999979593,41.40612160001183
27,UNSW-NB15,9,0.4266321659088135,0.803815484046936,0.42270633578300476,0.8078003525733948,2.6547437999979593,41.40612160001183
28,UNSW-NB15,9,0.42704030871391296,0.8027891516685486,0.42338013648986816,0.8059276938438416,2.6547437999979593,41.40612160001183
29,UNSW-NB15,9,0.42854633927345276,0.8035003542900085,0.4288333058357239,0.8032627105712891,2.6547437999979593,41.40612160001183
30,UNSW-NB15,9,0.4288323223590851,0.8030232191085815,0.4252888262271881,0.8041630387306213,2.6547437999979593,41.40612160001183
31,UNSW-NB15,9,0.4260062873363495,0.8043196797370911,0.41934341192245483,0.8082324862480164,2.6547437999979593,41.40612160001183
32,UNSW-NB15,9,0.42775365710258484,0.8031132221221924,0.43170127272605896,0.7996614575386047,2.6547437999979593,41.40612160001183
33,UNSW-NB15,9,0.4282565116882324,0.8042296171188354,0.42573922872543335,0.8075482249259949,2.6547437999979593,41.40612160001183
34,UNSW-NB15,9,0.42673271894454956,0.8045086860656738,0.4243890345096588,0.8078003525733948,2.6547437999979593,41.40612160001183
35,UNSW-NB15,9,0.4288182556629181,0.8039865493774414,0.4234466850757599,0.8076202869415283,2.6547437999979593,41.40612160001183
36,UNSW-NB15,9,0.42849698662757874,0.8040405511856079,0.42455530166625977,0.8059276938438416,2.6547437999979593,41.40612160001183
37,UNSW-NB15,9,0.4259933531284332,0.8045086860656738,0.4208012521266937,0.8067919611930847,2.6547437999979593,41.40612160001183
38,UNSW-NB15,9,0.42561087012290955,0.8051028847694397,0.4205479323863983,0.8085566163063049,2.6547437999979593,41.40612160001183
39,UNSW-NB15,9,0.42697057127952576,0.8041666150093079,0.4201725423336029,0.8092048168182373,2.6547437999979593,41.40612160001183
40,UNSW-NB15,9,0.42772671580314636,0.8040585517883301,0.42630526423454285,0.8078003525733948,2.6547437999979593,41.40612160001183
41,UNSW-NB15,9,0.427677184343338,0.8033563494682312,0.4216187000274658,0.8082324862480164,2.6547437999979593,41.40612160001183
42,UNSW-NB15,9,0.4275881052017212,0.8032392859458923,0.42450428009033203,0.8009939193725586,2.6547437999979593,41.40612160001183
43,UNSW-NB15,9,0.42798665165901184,0.8042296171188354,0.42688658833503723,0.808196485042572,2.6547437999979593,41.40612160001183
44,UNSW-NB15,9,0.42700353264808655,0.8046707510948181,0.42279884219169617,0.8092048168182373,2.6547437999979593,41.40612160001183
45,UNSW-NB15,9,0.4291190803050995,0.8020688891410828,0.4263119697570801,0.8059636950492859,2.6547437999979593,41.40612160001183
46,UNSW-NB15,9,0.42757412791252136,0.8038424849510193,0.42886218428611755,0.8007418513298035,2.6547437999979593,41.40612160001183
47,UNSW-NB15,9,0.4263748526573181,0.8056160807609558,0.42178580164909363,0.8058196306228638,2.6547437999979593,41.40612160001183
48,UNSW-NB15,9,0.4256877899169922,0.8054990172386169,0.42156967520713806,0.8053874969482422,2.6547437999979593,41.40612160001183
49,UNSW-NB15,9,0.4257366359233856,0.8046167492866516,0.4207868278026581,0.8087726831436157,2.6547437999979593,41.40612160001183
50,UNSW-NB15,9,0.4267115890979767,0.8037614822387695,0.42225712537765503,0.8060356974601746,2.6547437999979593,41.40612160001183
51,UNSW-NB15,9,0.4288696348667145,0.8046977519989014,0.42525243759155273,0.8057116270065308,2.6547437999979593,41.40612160001183
52,UNSW-NB15,9,0.4296928644180298,0.8025010228157043,0.4238725006580353,0.8096009492874146,2.6547437999979593,41.40612160001183
53,UNSW-NB15,9,0.4279510974884033,0.8042656183242798,0.421927809715271,0.8065038919448853,2.6547437999979593,41.40612160001183
54,UNSW-NB15,9,0.42488574981689453,0.8049678802490234,0.42821550369262695,0.8048833012580872,2.6547437999979593,41.40612160001183
55,UNSW-NB15,9,0.42674583196640015,0.8046437501907349,0.42373889684677124,0.8084485530853271,2.6547437999979593,41.40612160001183
56,UNSW-NB15,9,0.42902669310569763,0.8034103512763977,0.42483505606651306,0.8045231699943542,2.6547437999979593,41.40612160001183
57,UNSW-NB15,9,0.4276265501976013,0.8036624193191528,0.4260942339897156,0.8012820482254028,2.6547437999979593,41.40612160001183
58,UNSW-NB15,9,0.4271237552165985,0.8035994172096252,0.4268832206726074,0.8069000244140625,2.6547437999979593,41.40612160001183
59,UNSW-NB15,9,0.4302426278591156,0.8034643530845642,0.4244816303253174,0.8058556318283081,2.6547437999979593,41.40612160001183
60,UNSW-NB15,9,0.42970365285873413,0.8041666150093079,0.4301896393299103,0.8049553632736206,2.6547437999979593,41.40612160001183
61,UNSW-NB15,9,0.4275244474411011,0.804661750793457,0.42371782660484314,0.8078363537788391,2.6547437999979593,41.40612160001183
62,UNSW-NB15,9,0.4285110533237457,0.8042296171188354,0.4269597828388214,0.8052074313163757,2.6547437999979593,41.40612160001183
63,UNSW-NB15,9,0.42631810903549194,0.8044726848602295,0.42228570580482483,0.8058916926383972,2.6547437999979593,41.40612160001183
64,UNSW-NB15,9,0.4285477101802826,0.8021589517593384,0.42278310656547546,0.8057836294174194,2.6547437999979593,41.40612160001183
1,NSL-KDD,13,0.03827092424035072,0.9869709610939026,0.11550425738096237,0.9876554608345032,1.7594669999671169,42.8867171999882
2,NSL-KDD,13,0.041028011590242386,0.9856579899787903,0.11565537005662918,0.9877452254295349,1.7594669999671169,42.8867171999882
3,NSL-KDD,13,0.04038946330547333,0.9859722256660461,0.12353140115737915,0.9879247546195984,1.7594669999671169,42.8867171999882
4,NSL-KDD,13,0.03903929144144058,0.9868924021720886,0.13936838507652283,0.986578106880188,1.7594669999671169,42.8867171999882
5,NSL-KDD,13,0.03886118158698082,0.9871617555618286,0.2075118124485016,0.9861292243003845,1.7594669999671169,42.8867171999882
6,NSL-KDD,13,0.03964000567793846,0.9862191081047058,0.14075826108455658,0.9860842823982239,1.7594669999671169,42.8867171999882
7,NSL-KDD,13,0.03911954164505005,0.9865782260894775,0.17747901380062103,0.9877452254295349,1.7594669999671169,42.8867171999882
8,NSL-KDD,13,0.04007672145962715,0.9865108728408813,0.27347639203071594,0.9890021085739136,1.7594669999671169,42.8867171999882
9,NSL-KDD,13,0.03937767073512077,0.9866679906845093,0.21236906945705414,0.9862638711929321,1.7594669999671169,42.8867171999882
10,NSL-KDD,13,0.03943246230483055,0.9866343140602112,0.16799134016036987,0.986578106880188,1.7594669999671169,42.8867171999882
11,NSL-KDD,13,0.04109266772866249,0.9859946370124817,0.1426670253276825,0.9837051630020142,1.7594669999671169,42.8867171999882
12,NSL-KDD,13,0.03952574357390404,0.9866006374359131,0.1459747701883316,0.9869821071624756,1.7594669999671169,42.8867171999882
13,NSL-KDD,13,0.038507282733917236,0.986645519733429,0.07409745454788208,0.986308753490448,1.7594669999671169,42.8867171999882
14,NSL-KDD,13,0.037413500249385834,0.986836314201355,0.09743080288171768,0.9864434003829956,1.7594669999671169,42.8867171999882
15,NSL-KDD,13,0.039343759417533875,0.9866567254066467,0.19580912590026855,0.9858598709106445,1.7594669999671169,42.8867171999882
16,NSL-KDD,13,0.03973152115941048,0.9865894317626953,0.21174463629722595,0.9876554608345032,1.7594669999671169,42.8867171999882
17,NSL-KDD,13,0.04095551371574402,0.9860058426856995,0.1992720365524292,0.9868923425674438,1.7594669999671169,42.8867171999882
18,NSL-KDD,13,0.038683515042066574,0.9869260787963867,0.2270488291978836,0.9866678714752197,1.7594669999671169,42.8867171999882
19,NSL-KDD,13,0.040209002792835236,0.9866118431091309,0.14611320197582245,0.9867127537727356,1.7594669999671169,42.8867171999882
20,NSL-KDD,13,0.03869931772351265,0.9875208735466003,0.22262921929359436,0.9860842823982239,1.7594669999671169,42.8867171999882
21,NSL-KDD,13,0.039681531488895416,0.9863874316215515,0.11969317495822906,0.9876105189323425,1.7594669999671169,42.8867171999882
22,NSL-KDD,13,0.03785092011094093,0.9873300790786743,0.3322182297706604,0.9873412251472473,1.7594669999671169,42.8867171999882
23,NSL-KDD,13,0.0375015065073967,0.9871280789375305,0.2231353223323822,0.9878349900245667,1.7594669999671169,42.8867171999882
24,NSL-KDD,13,0.03945280984044075,0.9865782260894775,0.1907847672700882,0.9872963428497314,1.7594669999671169,42.8867171999882
25,NSL-KDD,13,0.03812136873602867,0.9872515201568604,0.2332998663187027,0.9873412251472473,1.7594669999671169,42.8867171999882
26,NSL-KDD,13,0.040001947432756424,0.9862191081047058,0.20657069981098175,0.9873412251472473,1.7594669999671169,42.8867171999882
27,NSL-KDD,13,0.03926583379507065,0.9864098429679871,0.1547873467206955,0.9851416349411011,1.7594669999671169,42.8867171999882
28,NSL-KDD,13,0.03985196724534035,0.9865445494651794,0.10530293732881546,0.9875207543373108,1.7594669999671169,42.8867171999882
29,NSL-KDD,13,0.039232287555933,0.9864547252655029,0.1528550684452057,0.987430989742279,1.7594669999671169,42.8867171999882
30,NSL-KDD,13,0.039483409374952316,0.9866006374359131,0.1943431943655014,0.9890918731689453,1.7594669999671169,42.8867171999882
31,NSL-KDD,13,0.03888511657714844,0.9867240786552429,0.11672806739807129,0.9871167540550232,1.7594669999671169,42.8867171999882
32,NSL-KDD,13,0.039488714188337326,0.9865220785140991,0.11983338743448257,0.9868474006652832,1.7594669999671169,42.8867171999882
33,NSL-KDD,13,0.04002979397773743,0.9860058426856995,0.1890895664691925,0.9868923425674438,1.7594669999671169,42.8867171999882
34,NSL-KDD,13,0.039342593401670456,0.986566960811615,0.19100527465343475,0.9857251644134521,1.7594669999671169,42.8867171999882
35,NSL-KDD,13,0.03861197456717491,0.9865782260894775,0.17048028111457825,0.9869821071624756,1.7594669999671169,42.8867171999882
36,NSL-KDD,13,0.039118487387895584,0.986679196357727,0.14327603578567505,0.9867127537727356,1.7594669999671169,42.8867171999882
37,NSL-KDD,13,0.039458855986595154,0.9868251085281372,0.17726817727088928,0.98401939868927,1.7594669999671169,42.8867171999882
38,NSL-KDD,13,0.03954156115651131,0.9869821667671204,0.13144615292549133,0.9877901077270508,1.7594669999671169,42.8867171999882
39,NSL-KDD,13,0.04034421965479851,0.9861517548561096,0.12651623785495758,0.9868474006652832,1.7594669999671169,42.8867171999882
40,NSL-KDD,13,0.038225702941417694,0.9870158433914185,0.15102563798427582,0.9853660464286804,1.7594669999671169,42.8867171999882
41,NSL-KDD,13,0.04020847752690315,0.9866567254066467,0.1646072417497635,0.9872514009475708,1.7594669999671169,42.8867171999882
42,NSL-KDD,13,0.040532611310482025,0.9861966371536255,0.17748446762561798,0.9863536357879639,1.7594669999671169,42.8867171999882
43,NSL-KDD,13,0.03807634860277176,0.9870158433914185,0.1887059211730957,0.9862638711929321,1.7594669999671169,42.8867171999882
44,NSL-KDD,13,0.039511509239673615,0.9865108728408813,0.21637775003910065,0.9864434003829956,1.7594669999671169,42.8867171999882
45,NSL-KDD,13,0.04096280783414841,0.9858824014663696,0.18710824847221375,0.9882838726043701,1.7594669999671169,42.8867171999882
46,NSL-KDD,13,0.03819618374109268,0.9868924021720886,0.2534145414829254,0.9872963428497314,1.7594669999671169,42.8867171999882
47,NSL-KDD,13,0.03799348697066307,0.9868699908256531,0.17734862864017487,0.9871616363525391,1.7594669999671169,42.8867171999882
48,NSL-KDD,13,0.03911949321627617,0.9867802262306213,0.13918229937553406,0.986578106880188,1.7594669999671169,42.8867171999882
49,NSL-KDD,13,0.03851429373025894,0.9870944023132324,0.10589547455310822,0.9876105189323425,1.7594669999671169,42.8867171999882
50,NSL-KDD,13,0.03908976539969444,0.9866231083869934,0.11908938735723495,0.9869821071624756,1.7594669999671169,42.8867171999882
51,NSL-KDD,13,0.0393238328397274,0.9867689609527588,0.12809056043624878,0.987700343132019,1.7594669999671169,42.8867171999882
52,NSL-KDD,13,0.03864316642284393,0.9865894317626953,0.1867953985929489,0.9858598709106445,1.7594669999671169,42.8867171999882
53,NSL-KDD,13,0.037988971918821335,0.9871392846107483,0.16475927829742432,0.9851416349411011,1.7594669999671169,42.8867171999882
54,NSL-KDD,13,0.03924258053302765,0.9868251085281372,0.3000059723854065,0.9854109883308411,1.7594669999671169,42.8867171999882
55,NSL-KDD,13,0.040850039571523666,0.9858599901199341,0.19740428030490875,0.9837051630020142,1.7594669999671169,42.8867171999882
56,NSL-KDD,13,0.04206334426999092,0.9856131076812744,0.0844239667057991,0.984917163848877,1.7594669999671169,42.8867171999882
57,NSL-KDD,13,0.03987232595682144,0.9861405491828918,0.19968995451927185,0.9855007529258728,1.7594669999671169,42.8867171999882
58,NSL-KDD,13,0.039841990917921066,0.9863537549972534,0.1834886521100998,0.9863985180854797,1.7594669999671169,42.8867171999882
59,NSL-KDD,13,0.038278136402368546,0.9870831966400146,0.14230221509933472,0.9877901077270508,1.7594669999671169,42.8867171999882
60,NSL-KDD,13,0.03989684581756592,0.9863649606704712,0.16804085671901703,0.9867576360702515,1.7594669999671169,42.8867171999882
61,NSL-KDD,13,0.039394304156303406,0.9866343140602112,0.18480317294597626,0.9861292243003845,1.7594669999671169,42.8867171999882
62,NSL-KDD,13,0.03945388272404671,0.9862976670265198,0.13153338432312012,0.9862189888954163,1.7594669999671169,42.8867171999882
63,NSL-KDD,13,0.03896758332848549,0.986914873123169,0.12382303923368454,0.9857251644134521,1.7594669999671169,42.8867171999882
64,NSL-KDD,13,0.04002280533313751,0.9861292839050293,0.15700949728488922,0.9870269894599915,1.7594669999671169,42.8867171999882
1,UNSW-NB15,10,0.42610153555870056,0.8047158122062683,0.43420296907424927,0.8047752976417542,2.1565083999885246,43.622696799982805
2,UNSW-NB15,10,0.42576301097869873,0.8046707510948181,0.42427945137023926,0.8052794337272644,2.1565083999885246,43.622696799982805
3,UNSW-NB15,10,0.42625564336776733,0.804175615310669,0.4223877489566803,0.804127037525177,2.1565083999885246,43.622696799982805
4,UNSW-NB15,10,0.4251682758331299,0.8053460121154785,0.41771796345710754,0.8111134767532349,2.1565083999885246,43.622696799982805
5,UNSW-NB15,10,0.42466607689857483,0.8051209449768066,0.4208132326602936,0.8080524206161499,2.1565083999885246,43.622696799982805
6,UNSW-NB15,10,0.4270545244216919,0.8040765523910522,0.4213431775569916,0.8099970817565918,2.1565083999885246,43.622696799982805
7,UNSW-NB15,10,0.4225844442844391,0.8061922788619995,0.42321351170539856,0.8063958287239075,2.1565083999885246,43.622696799982805
8,UNSW-NB15,10,0.4242236912250519,0.8056790828704834,0.4202519655227661,0.8062517642974854,2.1565083999885246,43.622696799982805
9,UNSW-NB15,10,0.4226664900779724,0.8062642812728882,0.42265456914901733,0.8080524206161499,2.1565083999885246,43.622696799982805
10,UNSW-NB15,10,0.42289331555366516,0.8053910136222839,0.4193532168865204,0.8110774755477905,2.1565083999885246,43.622696799982805
11,UNSW-NB15,10,0.42529383301734924,0.8050398826599121,0.419077605009079,0.8110054731369019,2.1565083999885246,43.622696799982805
12,UNSW-NB15,10,0.4240647852420807,0.8055890798568726,0.4186199903488159,0.8084125518798828,2.1565083999885246,43.622696799982805
13,UNSW-NB15,10,0.42465686798095703,0.8043646812438965,0.41855788230895996,0.8106093406677246,2.1565083999885246,43.622696799982805
14,UNSW-NB15,10,0.4256030321121216,0.8052379488945007,0.4210413098335266,0.8070440888404846,2.1565083999885246,43.622696799982805
15,UNSW-NB15,10,0.4235225319862366,0.8062102794647217,0.419689416885376,0.8090607523918152,2.1565083999885246,43.622696799982805
16,UNSW-NB15,10,0.42299148440361023,0.8061652779579163,0.42156606912612915,0.8090607523918152,2.1565083999885246,43.622696799982805
17,UNSW-NB15,10,0.42474398016929626,0.8046707510948181,0.42070698738098145,0.8079083561897278,2.1565083999885246,43.622696799982805
18,UNSW-NB15,10,0.42414239048957825,0.8050038814544678,0.41957420110702515,0.8085566163063049,2.1565083999885246,43.622696799982805
19,UNSW-NB15,10,0.4253372550010681,0.8050578832626343,0.4230514466762543,0.8096009492874146,2.1565083999885246,43.622696799982805
20,UNSW-NB15,10,0.4252716302871704,0.8053820133209229,0.4323011338710785,0.8000215888023376,2.1565083999885246,43.622696799982805
21,UNSW-NB15,10,0.42374664545059204,0.8059222102165222,0.41767603158950806,0.8088806867599487,2.1565083999885246,43.622696799982805
22,UNSW-NB15,10,0.42600587010383606,0.8047067523002625,0.4343476891517639,0.7980048656463623,2.1565083999885246,43.622696799982805
23,UNSW-NB15,10,0.4236360490322113,0.8053009510040283,0.42257028818130493,0.8090247511863708,2.1565083999885246,43.622696799982805
24,UNSW-NB15,10,0.42443132400512695,0.8043556809425354,0.4245411157608032,0.8064318299293518,2.1565083999885246,43.622696799982805
25,UNSW-NB15,10,0.42573973536491394,0.8036534190177917,0.41833460330963135,0.8093488812446594,2.1565083999885246,43.622696799982805
26,UNSW-NB15,10,0.42466697096824646,0.8043916821479797,0.4186202883720398,0.8098170161247253,2.1565083999885246,43.622696799982805
27,UNSW-NB15,10,0.4249917268753052,0.8048418164253235,0.4234609305858612,0.8079083561897278,2.1565083999885246,43.622696799982805
28,UNSW-NB15,10,0.4240429103374481,0.8050488829612732,0.42392265796661377,0.8024704456329346,2.1565083999885246,43.622696799982805
29,UNSW-NB15,10,0.4256702661514282,0.8040585517883301,0.4205629527568817,0.8072961568832397,2.1565083999885246,43.622696799982805
30,UNSW-NB15,10,0.4258767366409302,0.8040585517883301,0.4210144281387329,0.808196485042572,2.1565083999885246,43.622696799982805
31,UNSW-NB15,10,0.4239860773086548,0.8058051466941833,0.42151784896850586,0.8047752976417542,2.1565083999885246,43.622696799982805
32,UNSW-NB15,10,0.4245765805244446,0.8044456839561462,0.41968533396720886,0.8064318299293518,2.1565083999885246,43.622696799982805
33,UNSW-NB15,10,0.4254956841468811,0.8051028847694397,0.41962960362434387,0.8096370100975037,2.1565083999885246,43.622696799982805
34,UNSW-NB15,10,0.4232349097728729,0.8051209449768066,0.42053866386413574,0.8090247511863708,2.1565083999885246,43.622696799982805
35,UNSW-NB15,10,0.4257224202156067,0.8050398826599121,0.424029141664505,0.8066839575767517,2.1565083999885246,43.622696799982805
36,UNSW-NB15,10,0.4259796440601349,0.8053820133209229,0.4256010055541992,0.8029026389122009,2.1565083999885246,43.622696799982805
37,UNSW-NB15,10,0.4244794547557831,0.8059942126274109,0.41757088899612427,0.811149537563324,2.1565083999885246,43.622696799982805
38,UNSW-NB15,10,0.4238234758377075,0.8060122132301331,0.4174061417579651,0.809673011302948,2.1565083999885246,43.622696799982805
39,UNSW-NB15,10,0.4233228266239166,0.8053190112113953,0.42324841022491455,0.8039469718933105,2.1565083999885246,43.622696799982805
40,UNSW-NB15,10,0.42430204153060913,0.8056520819664001,0.42556291818618774,0.8059276938438416,2.1565083999885246,43.622696799982805
41,UNSW-NB15,10,0.4249627888202667,0.8050938844680786,0.4239081144332886,0.8043071031570435,2.1565083999885246,43.622696799982805
42,UNSW-NB15,10,0.4252874553203583,0.8038334846496582,0.4217236638069153,0.8076562881469727,2.1565083999885246,43.622696799982805
43,UNSW-NB15,10,0.4245331287384033,0.8048868179321289,0.4205380380153656,0.808700680732727,2.1565083999885246,43.622696799982805
44,UNSW-NB15,10,0.4243221580982208,0.8057061433792114,0.41829878091812134,0.8095289468765259,2.1565083999885246,43.622696799982805
45,UNSW-NB15,10,0.42502325773239136,0.8035814166069031,0.42063045501708984,0.807080090045929,2.1565083999885246,43.622696799982805
46,UNSW-NB15,10,0.4249366521835327,0.8051749467849731,0.4322010278701782,0.7996974587440491,2.1565083999885246,43.622696799982805
47,UNSW-NB15,10,0.42420610785484314,0.8051209449768066,0.4190133512020111,0.8092048168182373,2.1565083999885246,43.622696799982805
48,UNSW-NB15,10,0.42393115162849426,0.8052559494972229,0.42586448788642883,0.8044871687889099,2.1565083999885246,43.622696799982805
49,UNSW-NB15,10,0.42191874980926514,0.8067864775657654,0.4221577048301697,0.8103212118148804,2.1565083999885246,43.622696799982805
50,UNSW-NB15,10,0.4239686131477356,0.8055890798568726,0.4211629033088684,0.8082324862480164,2.1565083999885246,43.622696799982805
51,UNSW-NB15,10,0.4249725639820099,0.8046887516975403,0.4236332178115845,0.8078723549842834,2.1565083999885246,43.622696799982805
52,UNSW-NB15,10,0.42679911851882935,0.8041216135025024,0.42094454169273376,0.8084125518798828,2.1565083999885246,43.622696799982805
53,UNSW-NB15,10,0.4242757260799408,0.8065974116325378,0.4228690564632416,0.8042351007461548,2.1565083999885246,43.622696799982805
54,UNSW-NB15,10,0.4218580424785614,0.8061742782592773,0.41638702154159546,0.8103572130203247,2.1565083999885246,43.622696799982805
55,UNSW-NB15,10,0.42393264174461365,0.8050218820571899,0.4208834171295166,0.808700680732727,2.1565083999885246,43.622696799982805
56,UNSW-NB15,10,0.4254130423069,0.8036264181137085,0.4193319082260132,0.8093128800392151,2.1565083999885246,43.622696799982805
57,UNSW-NB15,10,0.4249221980571747,0.8051209449768066,0.4205896556377411,0.8092048168182373,2.1565083999885246,43.622696799982805
58,UNSW-NB15,10,0.42544740438461304,0.8048238158226013,0.4201146066188812,0.8086646199226379,2.1565083999885246,43.622696799982805
59,UNSW-NB15,10,0.4264257550239563,0.8045627474784851,0.4242338240146637,0.8058196306228638,2.1565083999885246,43.622696799982805
60,UNSW-NB15,10,0.42583632469177246,0.8061652779579163,0.42162662744522095,0.8093128800392151,2.1565083999885246,43.622696799982805
61,UNSW-NB15,10,0.42396894097328186,0.80674147605896,0.42144420742988586,0.806107759475708,2.1565083999885246,43.622696799982805
62,UNSW-NB15,10,0.4252987802028656,0.8048508167266846,0.42476969957351685,0.8080164194107056,2.1565083999885246,43.622696799982805
63,UNSW-NB15,10,0.4239639341831207,0.8054180145263672,0.418333500623703,0.8105012774467468,2.1565083999885246,43.622696799982805
64,UNSW-NB15,10,0.4257693886756897,0.8041306138038635,0.4181061387062073,0.8089167475700378,2.1565083999885246,43.622696799982805
1,NSL-KDD,14,0.03749481216073036,0.9866006374359131,0.12204275280237198,0.988598108291626,1.7596698999986984,44.71540859999368
2,NSL-KDD,14,0.038789793848991394,0.986488401889801,0.12898531556129456,0.9882838726043701,1.7596698999986984,44.71540859999368
3,NSL-KDD,14,0.03806508705019951,0.9869372844696045,0.1374182105064392,0.9874758720397949,1.7596698999986984,44.71540859999368
4,NSL-KDD,14,0.03724081069231033,0.9871617555618286,0.1517190784215927,0.9875207543373108,1.7596698999986984,44.71540859999368
5,NSL-KDD,14,0.037823379039764404,0.9871392846107483,0.2245149463415146,0.9873861074447632,1.7596698999986984,44.71540859999368
6,NSL-KDD,14,0.0386061891913414,0.9869372844696045,0.13001735508441925,0.9882838726043701,1.7596698999986984,44.71540859999368
7,NSL-KDD,14,0.03726543113589287,0.987386167049408,0.19333060085773468,0.9878798723220825,1.7596698999986984,44.71540859999368
8,NSL-KDD,14,0.037896573543548584,0.9874759912490845,0.2891530692577362,0.9881941080093384,1.7596698999986984,44.71540859999368
9,NSL-KDD,14,0.03778868168592453,0.9871954321861267,0.2268744707107544,0.9879247546195984,1.7596698999986984,44.71540859999368
10,NSL-KDD,14,0.0374600775539875,0.9867914319038391,0.17065590620040894,0.9874758720397949,1.7596698999986984,44.71540859999368
11,NSL-KDD,14,0.039464280009269714,0.9862415194511414,0.1525985300540924,0.9879247546195984,1.7596698999986984,44.71540859999368
12,NSL-KDD,14,0.038677316159009933,0.9870158433914185,0.14914704859256744,0.9870269894599915,1.7596698999986984,44.71540859999368
13,NSL-KDD,14,0.03759792447090149,0.9872515201568604,0.07956407964229584,0.9867127537727356,1.7596698999986984,44.71540859999368
14,NSL-KDD,14,0.03675807639956474,0.9872627258300781,0.10706914961338043,0.9884634613990784,1.7596698999986984,44.71540859999368
15,NSL-KDD,14,0.038947366178035736,0.9867240786552429,0.21687577664852142,0.9879247546195984,1.7596698999986984,44.71540859999368
16,NSL-KDD,14,0.03860008716583252,0.986948549747467,0.22210440039634705,0.988328754901886,1.7596698999986984,44.71540859999368
17,NSL-KDD,14,0.03979659080505371,0.9863312840461731,0.21002702414989471,0.9851865172386169,1.7596698999986984,44.71540859999368
18,NSL-KDD,14,0.03885113447904587,0.9868026375770569,0.24178533256053925,0.9872514009475708,1.7596698999986984,44.71540859999368
19,NSL-KDD,14,0.03857434540987015,0.986836314201355,0.1476868838071823,0.9882389903068542,1.7596698999986984,44.71540859999368
20,NSL-KDD,14,0.03830617293715477,0.9872851967811584,0.22433951497077942,0.9866229891777039,1.7596698999986984,44.71540859999368
21,NSL-KDD,14,0.038430944085121155,0.9868587255477905,0.13541240990161896,0.9872065186500549,1.7596698999986984,44.71540859999368
22,NSL-KDD,14,0.036747705191373825,0.9875881671905518,0.35190415382385254,0.9872963428497314,1.7596698999986984,44.71540859999368
23,NSL-KDD,14,0.036542460322380066,0.9871280789375305,0.23105520009994507,0.9872963428497314,1.7596698999986984,44.71540859999368
24,NSL-KDD,14,0.03748246654868126,0.9866904020309448,0.22305576503276825,0.9880145192146301,1.7596698999986984,44.71540859999368
25,NSL-KDD,14,0.037311654537916183,0.9869036674499512,0.24371297657489777,0.9873861074447632,1.7596698999986984,44.71540859999368
26,NSL-KDD,14,0.038541074842214584,0.986914873123169,0.20732581615447998,0.986308753490448,1.7596698999986984,44.71540859999368
27,NSL-KDD,14,0.03801112622022629,0.9870158433914185,0.15753783285617828,0.987430989742279,1.7596698999986984,44.71540859999368
28,NSL-KDD,14,0.0389568917453289,0.9867240786552429,0.10093158483505249,0.9863536357879639,1.7596698999986984,44.71540859999368
29,NSL-KDD,14,0.03855358436703682,0.9869821667671204,0.16717666387557983,0.9873412251472473,1.7596698999986984,44.71540859999368
30,NSL-KDD,14,0.03743746504187584,0.98749840259552,0.20169031620025635,0.9873412251472473,1.7596698999986984,44.71540859999368
31,NSL-KDD,14,0.03708329051733017,0.9875320792198181,0.12419168651103973,0.9878798723220825,1.7596698999986984,44.71540859999368
32,NSL-KDD,14,0.03820839524269104,0.987027108669281,0.14011065661907196,0.9876554608345032,1.7596698999986984,44.71540859999368
33,NSL-KDD,14,0.038854680955410004,0.9868251085281372,0.20032232999801636,0.9873861074447632,1.7596698999986984,44.71540859999368
34,NSL-KDD,14,0.037776414304971695,0.9872291088104248,0.19161781668663025,0.9861292243003845,1.7596698999986984,44.71540859999368
35,NSL-KDD,14,0.037963297218084335,0.9871841669082642,0.19159887731075287,0.9881043434143066,1.7596698999986984,44.71540859999368
36,NSL-KDD,14,0.03897802159190178,0.9870158433914185,0.1540278047323227,0.9868025183677673,1.7596698999986984,44.71540859999368
37,NSL-KDD,14,0.03792069852352142,0.986836314201355,0.18012769520282745,0.9855007529258728,1.7596698999986984,44.71540859999368
38,NSL-KDD,14,0.038193512707948685,0.9872627258300781,0.14735405147075653,0.9867127537727356,1.7596698999986984,44.71540859999368
39,NSL-KDD,14,0.0392441488802433,0.9864771962165833,0.14223754405975342,0.9865332245826721,1.7596698999986984,44.71540859999368
40,NSL-KDD,14,0.03683912009000778,0.9873412847518921,0.16517746448516846,0.9873412251472473,1.7596698999986984,44.71540859999368
41,NSL-KDD,14,0.03918832913041115,0.9866118431091309,0.17858567833900452,0.9871167540550232,1.7596698999986984,44.71540859999368
42,NSL-KDD,14,0.03847239911556244,0.9867914319038391,0.17343105375766754,0.9884634613990784,1.7596698999986984,44.71540859999368
43,NSL-KDD,14,0.036551546305418015,0.9877340793609619,0.18522164225578308,0.9878349900245667,1.7596698999986984,44.71540859999368
44,NSL-KDD,14,0.03910895064473152,0.9865220785140991,0.22298437356948853,0.9864434003829956,1.7596698999986984,44.71540859999368
45,NSL-KDD,14,0.038833726197481155,0.9867128729820251,0.2085331827402115,0.9879247546195984,1.7596698999986984,44.71540859999368
46,NSL-KDD,14,0.037270236760377884,0.9871729612350464,0.2786920666694641,0.9887776374816895,1.7596698999986984,44.71540859999368
47,NSL-KDD,14,0.03717046603560448,0.9872627258300781,0.1823771744966507,0.9859047532081604,1.7596698999986984,44.71540859999368
48,NSL-KDD,14,0.03776898607611656,0.9871392846107483,0.15746915340423584,0.9851865172386169,1.7596698999986984,44.71540859999368
49,NSL-KDD,14,0.03703207150101662,0.98749840259552,0.1205296739935875,0.9878798723220825,1.7596698999986984,44.71540859999368
50,NSL-KDD,14,0.03653474897146225,0.9871168732643127,0.15074113011360168,0.9887327551841736,1.7596698999986984,44.71540859999368
51,NSL-KDD,14,0.03759381175041199,0.9876331090927124,0.12509237229824066,0.9881043434143066,1.7596698999986984,44.71540859999368
52,NSL-KDD,14,0.03867952898144722,0.9866118431091309,0.19388031959533691,0.9870718717575073,1.7596698999986984,44.71540859999368
53,NSL-KDD,14,0.03654275834560394,0.9878351092338562,0.17572741210460663,0.9870269894599915,1.7596698999986984,44.71540859999368
54,NSL-KDD,14,0.03784312307834625,0.986948549747467,0.29035359621047974,0.9878798723220825,1.7596698999986984,44.71540859999368
55,NSL-KDD,14,0.03990614414215088,0.9865782260894775,0.21188190579414368,0.9871616363525391,1.7596698999986984,44.71540859999368
56,NSL-KDD,14,0.03952876478433609,0.9863312840461731,0.09457366913557053,0.9868025183677673,1.7596698999986984,44.71540859999368
57,NSL-KDD,14,0.03900035098195076,0.9867689609527588,0.21671514213085175,0.9871616363525391,1.7596698999986984,44.71540859999368
58,NSL-KDD,14,0.04004807397723198,0.9862078428268433,0.195510134100914,0.9861292243003845,1.7596698999986984,44.71540859999368
59,NSL-KDD,14,0.03807879984378815,0.9867128729820251,0.1623246818780899,0.9869821071624756,1.7596698999986984,44.71540859999368
60,NSL-KDD,14,0.0386439673602581,0.986679196357727,0.1734711080789566,0.9872514009475708,1.7596698999986984,44.71540859999368
61,NSL-KDD,14,0.03829658031463623,0.9870607256889343,0.20962297916412354,0.9823135733604431,1.7596698999986984,44.71540859999368
62,NSL-KDD,14,0.03752937912940979,0.9870158433914185,0.12746790051460266,0.986578106880188,1.7596698999986984,44.71540859999368
63,NSL-KDD,14,0.03781477361917496,0.9871729612350464,0.13958710432052612,0.9870269894599915,1.7596698999986984,44.71540859999368
64,NSL-KDD,14,0.03962743282318115,0.9864659905433655,0.16759197413921356,0.9848273992538452,1.7596698999986984,44.71540859999368
1,UNSW-NB15,11,0.4230504631996155,0.8063903450965881,0.421538770198822,0.8059636950492859,2.404519599978812,46.105865699995775
2,UNSW-NB15,11,0.4229828417301178,0.8051839470863342,0.41936159133911133,0.8067559599876404,2.404519599978812,46.105865699995775
3,UNSW-NB15,11,0.4232202470302582,0.8067324757575989,0.42650800943374634,0.8014621138572693,2.404519599978812,46.105865699995775
4,UNSW-NB15,11,0.42209213972091675,0.8067144751548767,0.4241912364959717,0.8058196306228638,2.404519599978812,46.105865699995775
5,UNSW-NB15,11,0.4222966134548187,0.804922878742218,0.4210488796234131,0.8074042201042175,2.404519599978812,46.105865699995775
6,UNSW-NB15,11,0.4242191016674042,0.8057961463928223,0.42826756834983826,0.8087366819381714,2.404519599978812,46.105865699995775
7,UNSW-NB15,11,0.419403076171875,0.8077678084373474,0.41569647192955017,0.811257541179657,2.404519599978812,46.105865699995775
8,UNSW-NB15,11,0.4212305545806885,0.8051389455795288,0.4260498881340027,0.8052434325218201,2.404519599978812,46.105865699995775
9,UNSW-NB15,11,0.4198662340641022,0.8074977397918701,0.4209948182106018,0.8072961568832397,2.404519599978812,46.105865699995775
10,UNSW-NB15,11,0.41975876688957214,0.8056250810623169,0.43134307861328125,0.8044511675834656,2.404519599978812,46.105865699995775
11,UNSW-NB15,11,0.4226352870464325,0.8053460121154785,0.41900861263275146,0.8094208836555481,2.404519599978812,46.105865699995775
12,UNSW-NB15,11,0.421597957611084,0.8066244125366211,0.4222675859928131,0.8097090125083923,2.404519599978812,46.105865699995775
13,UNSW-NB15,11,0.4223654270172119,0.8056700825691223,0.41832152009010315,0.8086286187171936,2.404519599978812,46.105865699995775
14,UNSW-NB15,11,0.42365583777427673,0.8059942126274109,0.428528368473053,0.8053514957427979,2.404519599978812,46.105865699995775
15,UNSW-NB15,11,0.4220263957977295,0.8060482144355774,0.42458245158195496,0.8052434325218201,2.404519599978812,46.105865699995775
16,UNSW-NB15,11,0.4212837517261505,0.8062552809715271,0.41815486550331116,0.8101771473884583,2.404519599978812,46.105865699995775
17,UNSW-NB15,11,0.42147982120513916,0.8070565462112427,0.41660943627357483,0.8078723549842834,2.404519599978812,46.105865699995775
18,UNSW-NB15,11,0.42075926065444946,0.8059762120246887,0.4176744818687439,0.8080164194107056,2.404519599978812,46.105865699995775
19,UNSW-NB15,11,0.42275428771972656,0.8051389455795288,0.4202079772949219,0.8107173442840576,2.404519599978812,46.105865699995775
20,UNSW-NB15,11,0.4230981171131134,0.805634081363678,0.4177454710006714,0.809781014919281,2.404519599978812,46.105865699995775
21,UNSW-NB15,11,0.4209090769290924,0.8065434098243713,0.4216732084751129,0.8093128800392151,2.404519599978812,46.105865699995775
22,UNSW-NB15,11,0.42092108726501465,0.8070295453071594,0.41819334030151367,0.8119778037071228,2.404519599978812,46.105865699995775
23,UNSW-NB15,11,0.42105111479759216,0.8059132099151611,0.4155070185661316,0.8109334111213684,2.404519599978812,46.105865699995775
24,UNSW-NB15,11,0.4214639365673065,0.8061022758483887,0.41786128282546997,0.8108614087104797,2.404519599978812,46.105865699995775
25,UNSW-NB15,11,0.42277100682258606,0.8049858808517456,0.41717392206192017,0.810285210609436,2.404519599978812,46.105865699995775
26,UNSW-NB15,11,0.4218021631240845,0.8060122132301331,0.42647507786750793,0.8052794337272644,2.404519599978812,46.105865699995775
27,UNSW-NB15,11,0.42203646898269653,0.8065344095230103,0.41518011689186096,0.8112935423851013,2.404519599978812,46.105865699995775
28,UNSW-NB15,11,0.42091864347457886,0.8060932159423828,0.4202953577041626,0.8059996962547302,2.404519599978812,46.105865699995775
29,UNSW-NB15,11,0.4234558641910553,0.8049768805503845,0.4200555384159088,0.8072961568832397,2.404519599978812,46.105865699995775
30,UNSW-NB15,11,0.4234524071216583,0.8057601451873779,0.41722410917282104,0.8105733394622803,2.404519599978812,46.105865699995775
31,UNSW-NB15,11,0.4212796688079834,0.806858479976654,0.4302070438861847,0.8013540506362915,2.404519599978812,46.105865699995775
32,UNSW-NB15,11,0.4222941994667053,0.8046977519989014,0.4168844223022461,0.8070080280303955,2.404519599978812,46.105865699995775
33,UNSW-NB15,11,0.4230615794658661,0.8058681488037109,0.42227956652641296,0.8089527487754822,2.404519599978812,46.105865699995775
34,UNSW-NB15,11,0.42082902789115906,0.8066604137420654,0.42158862948417664,0.8111855387687683,2.404519599978812,46.105865699995775
35,UNSW-NB15,11,0.4231724441051483,0.8058861494064331,0.4170551598072052,0.8088446855545044,2.404519599978812,46.105865699995775
36,UNSW-NB15,11,0.4236915111541748,0.8059042096138,0.41782671213150024,0.808196485042572,2.404519599978812,46.105865699995775
37,UNSW-NB15,11,0.4215540885925293,0.8064083456993103,0.41805803775787354,0.8079083561897278,2.404519599978812,46.105865699995775
38,UNSW-NB15,11,0.4203740954399109,0.8076417446136475,0.4132361114025116,0.8133102655410767,2.404519599978812,46.105865699995775
39,UNSW-NB15,11,0.4216329753398895,0.8064173460006714,0.4185480773448944,0.8099250793457031,2.404519599978812,46.105865699995775
40,UNSW-NB15,11,0.42183154821395874,0.8066064119338989,0.42177486419677734,0.8069360256195068,2.404519599978812,46.105865699995775
41,UNSW-NB15,11,0.4223869740962982,0.806984543800354,0.42554256319999695,0.804019033908844,2.404519599978812,46.105865699995775
42,UNSW-NB15,11,0.4230968952178955,0.804652750492096,0.422465980052948,0.8072241544723511,2.404519599978812,46.105865699995775
43,UNSW-NB15,11,0.422486811876297,0.8065974116325378,0.4175405204296112,0.8080524206161499,2.404519599978812,46.105865699995775
44,UNSW-NB15,11,0.4217061400413513,0.8066064119338989,0.4161733388900757,0.8121938705444336,2.404519599978812,46.105865699995775
45,UNSW-NB15,11,0.4228011965751648,0.8047338128089905,0.4193233251571655,0.8078723549842834,2.404519599978812,46.105865699995775
46,UNSW-NB15,11,0.4239465892314911,0.8044636845588684,0.42258816957473755,0.8091328144073486,2.404519599978812,46.105865699995775
47,UNSW-NB15,11,0.42155736684799194,0.8064353466033936,0.4197329580783844,0.8087726831436157,2.404519599978812,46.105865699995775
48,UNSW-NB15,11,0.4219345450401306,0.8057871460914612,0.4236580431461334,0.8019663095474243,2.404519599978812,46.105865699995775
49,UNSW-NB15,11,0.42007720470428467,0.806849479675293,0.41555002331733704,0.8113296031951904,2.404519599978812,46.105865699995775
50,UNSW-NB15,11,0.4209504723548889,0.8069305419921875,0.4195254147052765,0.811257541179657,2.404519599978812,46.105865699995775
51,UNSW-NB15,11,0.4214401841163635,0.8071376085281372,0.41728419065475464,0.8120858669281006,2.404519599978812,46.105865699995775
52,UNSW-NB15,11,0.42431336641311646,0.8050848841667175,0.4197331666946411,0.8077282905578613,2.404519599978812,46.105865699995775
53,UNSW-NB15,11,0.421987920999527,0.8066874146461487,0.42612698674201965,0.804739236831665,2.404519599978812,46.105865699995775
54,UNSW-NB15,11,0.41996070742607117,0.8058861494064331,0.4168063998222351,0.8112935423851013,2.404519599978812,46.105865699995775
55,UNSW-NB15,11,0.42149531841278076,0.8062732815742493,0.41584059596061707,0.8112935423851013,2.404519599978812,46.105865699995775
56,UNSW-NB15,11,0.4228607714176178,0.8049138784408569,0.4160577952861786,0.8085926175117493,2.404519599978812,46.105865699995775
57,UNSW-NB15,11,0.42254748940467834,0.8057331442832947,0.4189068078994751,0.8094929456710815,2.404519599978812,46.105865699995775
58,UNSW-NB15,11,0.4221196472644806,0.8051389455795288,0.41911154985427856,0.808196485042572,2.404519599978812,46.105865699995775
59,UNSW-NB15,11,0.4238063395023346,0.8053190112113953,0.4200420379638672,0.8089887499809265,2.404519599978812,46.105865699995775
60,UNSW-NB15,11,0.4224192202091217,0.8056970834732056,0.41785016655921936,0.8107894062995911,2.404519599978812,46.105865699995775
61,UNSW-NB15,11,0.4230405390262604,0.8064713478088379,0.4264109134674072,0.8092768788337708,2.404519599978812,46.105865699995775
62,UNSW-NB15,11,0.42320165038108826,0.8056520819664001,0.42201167345046997,0.8092048168182373,2.404519599978812,46.105865699995775
63,UNSW-NB15,11,0.42191141843795776,0.8060212135314941,0.4178029000759125,0.8090968132019043,2.404519599978812,46.105865699995775
64,UNSW-NB15,11,0.4232233166694641,0.8054450154304504,0.4202493131160736,0.8050273656845093,2.404519599978812,46.105865699995775
1,NSL-KDD,15,0.03686608746647835,0.987689197063446,0.11352428048849106,0.9893612265586853,1.8152285999967717,46.61599359998945
2,NSL-KDD,15,0.037842366844415665,0.9869934320449829,0.1420915275812149,0.9869821071624756,1.8152285999967717,46.61599359998945
3,NSL-KDD,15,0.03783807530999184,0.9869260787963867,0.15970829129219055,0.9867127537727356,1.8152285999967717,46.61599359998945
4,NSL-KDD,15,0.0369696244597435,0.9873749613761902,0.15378917753696442,0.9882389903068542,1.8152285999967717,46.61599359998945
5,NSL-KDD,15,0.03698889538645744,0.9873076677322388,0.24183720350265503,0.9878798723220825,1.8152285999967717,46.61599359998945
6,NSL-KDD,15,0.03744031861424446,0.9873749613761902,0.14416684210300446,0.9863985180854797,1.8152285999967717,46.61599359998945
7,NSL-KDD,15,0.0360119491815567,0.9876218438148499,0.21552295982837677,0.9869372248649597,1.8152285999967717,46.61599359998945
8,NSL-KDD,15,0.036485590040683746,0.9881380796432495,0.2977873980998993,0.9858598709106445,1.8152285999967717,46.61599359998945
9,NSL-KDD,15,0.03782908618450165,0.9869934320449829,0.2437402606010437,0.9869821071624756,1.8152285999967717,46.61599359998945
10,NSL-KDD,15,0.0369514636695385,0.9872291088104248,0.18328480422496796,0.9850967526435852,1.8152285999967717,46.61599359998945
11,NSL-KDD,15,0.039058439433574677,0.9865220785140991,0.1575889140367508,0.9875207543373108,1.8152285999967717,46.61599359998945
12,NSL-KDD,15,0.03780325502157211,0.9872403144836426,0.15394015610218048,0.9845580458641052,1.8152285999967717,46.61599359998945
13,NSL-KDD,15,0.03629015013575554,0.987576961517334,0.04944033548235893,0.9884634613990784,1.8152285999967717,46.61599359998945
14,NSL-KDD,15,0.036105915904045105,0.9872739911079407,0.10174576938152313,0.9877901077270508,1.8152285999967717,46.61599359998945
15,NSL-KDD,15,0.03825557231903076,0.9868026375770569,0.23239301145076752,0.9884634613990784,1.8152285999967717,46.61599359998945
16,NSL-KDD,15,0.03773084655404091,0.9872964024543762,0.2536622881889343,0.9872065186500549,1.8152285999967717,46.61599359998945
17,NSL-KDD,15,0.03916233032941818,0.9866679906845093,0.22051389515399933,0.9870718717575073,1.8152285999967717,46.61599359998945
18,NSL-KDD,15,0.0365045890212059,0.9875881671905518,0.2558557689189911,0.9882389903068542,1.8152285999967717,46.61599359998945
19,NSL-KDD,15,0.03738197684288025,0.9873412847518921,0.15015365183353424,0.9871167540550232,1.8152285999967717,46.61599359998945
20,NSL-KDD,15,0.037763405591249466,0.9869372844696045,0.2567234933376312,0.9878798723220825,1.8152285999967717,46.61599359998945
21,NSL-KDD,15,0.03812714293599129,0.9867689609527588,0.13447263836860657,0.9872963428497314,1.8152285999967717,46.61599359998945
22,NSL-KDD,15,0.03621138632297516,0.9876331090927124,0.3867964744567871,0.9877901077270508,1.8152285999967717,46.61599359998945
23,NSL-KDD,15,0.035741668194532394,0.9873525500297546,0.2481246143579483,0.987700343132019,1.8152285999967717,46.61599359998945
24,NSL-KDD,15,0.037123147398233414,0.9873749613761902,0.2460612654685974,0.9821789264678955,1.8152285999967717,46.61599359998945
25,NSL-KDD,15,0.03628424555063248,0.9876106381416321,0.27384713292121887,0.9867576360702515,1.8152285999967717,46.61599359998945
26,NSL-KDD,15,0.037484392523765564,0.9872403144836426,0.22915862500667572,0.9888225793838501,1.8152285999967717,46.61599359998945
27,NSL-KDD,15,0.03693179786205292,0.9872066378593445,0.18450990319252014,0.9870718717575073,1.8152285999967717,46.61599359998945
28,NSL-KDD,15,0.03752008453011513,0.987027108669281,0.09942352771759033,0.9874758720397949,1.8152285999967717,46.61599359998945
29,NSL-KDD,15,0.03674430400133133,0.9872627258300781,0.16714239120483398,0.9864434003829956,1.8152285999967717,46.61599359998945
30,NSL-KDD,15,0.03714126721024513,0.9875657558441162,0.2030232548713684,0.9881492257118225,1.8152285999967717,46.61599359998945
31,NSL-KDD,15,0.037159841507673264,0.9871841669082642,0.1257781833410263,0.9883736371994019,1.8152285999967717,46.61599359998945
32,NSL-KDD,15,0.037499260157346725,0.9872178435325623,0.1552925556898117,0.9870718717575073,1.8152285999967717,46.61599359998945
33,NSL-KDD,15,0.03827937692403793,0.9867016673088074,0.20795777440071106,0.9865332245826721,1.8152285999967717,46.61599359998945
34,NSL-KDD,15,0.037580590695142746,0.9870495200157166,0.1991008222103119,0.9878349900245667,1.8152285999967717,46.61599359998945
35,NSL-KDD,15,0.036745935678482056,0.9876218438148499,0.19832511246204376,0.9884634613990784,1.8152285999967717,46.61599359998945
36,NSL-KDD,15,0.0369751863181591,0.9874647259712219,0.17003652453422546,0.984917163848877,1.8152285999967717,46.61599359998945
37,NSL-KDD,15,0.03630341589450836,0.9875545501708984,0.17723967134952545,0.9871616363525391,1.8152285999967717,46.61599359998945
38,NSL-KDD,15,0.03713125362992287,0.9872291088104248,0.1480412483215332,0.986308753490448,1.8152285999967717,46.61599359998945
39,NSL-KDD,15,0.0384347140789032,0.9866904020309448,0.15063126385211945,0.9874758720397949,1.8152285999967717,46.61599359998945
40,NSL-KDD,15,0.0355563759803772,0.987958550453186,0.19253863394260406,0.9867576360702515,1.8152285999967717,46.61599359998945
41,NSL-KDD,15,0.037429843097925186,0.986914873123169,0.18914392590522766,0.9864882826805115,1.8152285999967717,46.61599359998945
42,NSL-KDD,15,0.038559429347515106,0.9867016673088074,0.19698849320411682,0.9873412251472473,1.8152285999967717,46.61599359998945
43,NSL-KDD,15,0.036391232162714005,0.9874759912490845,0.1971517950296402,0.9878349900245667,1.8152285999967717,46.61599359998945
44,NSL-KDD,15,0.03839532285928726,0.9871280789375305,0.22857658565044403,0.9881043434143066,1.8152285999967717,46.61599359998945
45,NSL-KDD,15,0.038110096007585526,0.9867016673088074,0.21063277125358582,0.9872065186500549,1.8152285999967717,46.61599359998945
46,NSL-KDD,15,0.03574490174651146,0.9876331090927124,0.30812177062034607,0.9872963428497314,1.8152285999967717,46.61599359998945
47,NSL-KDD,15,0.03630110248923302,0.9872066378593445,0.19392351806163788,0.9883736371994019,1.8152285999967717,46.61599359998945
48,NSL-KDD,15,0.036736324429512024,0.9875096678733826,0.15967950224876404,0.9873861074447632,1.8152285999967717,46.61599359998945
49,NSL-KDD,15,0.03623216226696968,0.9878799915313721,0.13406915962696075,0.9873412251472473,1.8152285999967717,46.61599359998945
50,NSL-KDD,15,0.03701749071478844,0.987105667591095,0.13945849239826202,0.9872514009475708,1.8152285999967717,46.61599359998945
51,NSL-KDD,15,0.03748109191656113,0.9872178435325623,0.14270395040512085,0.9887327551841736,1.8152285999967717,46.61599359998945
52,NSL-KDD,15,0.037786588072776794,0.9865557551383972,0.20621433854103088,0.9872065186500549,1.8152285999967717,46.61599359998945
53,NSL-KDD,15,0.036644551903009415,0.9874423146247864,0.18543945252895355,0.9877452254295349,1.8152285999967717,46.61599359998945
54,NSL-KDD,15,0.03691766411066055,0.9874535202980042,0.3112220764160156,0.9890469908714294,1.8152285999967717,46.61599359998945
55,NSL-KDD,15,0.03917326405644417,0.9865894317626953,0.2214341163635254,0.9872514009475708,1.8152285999967717,46.61599359998945
56,NSL-KDD,15,0.039227601140737534,0.9863537549972534,0.09900527447462082,0.987430989742279,1.8152285999967717,46.61599359998945
57,NSL-KDD,15,0.03781147301197052,0.9870383143424988,0.23222705721855164,0.9859047532081604,1.8152285999967717,46.61599359998945
58,NSL-KDD,15,0.03818541020154953,0.9868026375770569,0.20014554262161255,0.983166515827179,1.8152285999967717,46.61599359998945
59,NSL-KDD,15,0.037001293152570724,0.9877789616584778,0.16602478921413422,0.9892714619636536,1.8152285999967717,46.61599359998945
60,NSL-KDD,15,0.03806185722351074,0.9866343140602112,0.17242766916751862,0.9876554608345032,1.8152285999967717,46.61599359998945
61,NSL-KDD,15,0.03755573183298111,0.9867802262306213,0.23865289986133575,0.9855905175209045,1.8152285999967717,46.61599359998945
62,NSL-KDD,15,0.037071797996759415,0.9872403144836426,0.13230623304843903,0.9861292243003845,1.8152285999967717,46.61599359998945
63,NSL-KDD,15,0.0366833470761776,0.9873300790786743,0.1400119811296463,0.9872065186500549,1.8152285999967717,46.61599359998945
64,NSL-KDD,15,0.03794371709227562,0.987027108669281,0.16398538649082184,0.9870718717575073,1.8152285999967717,46.61599359998945
1,UNSW-NB15,12,0.4211176931858063,0.8076507449150085,0.4158421754837036,0.8102132081985474,2.1091141999932006,48.289308200008236
2,UNSW-NB15,12,0.4207930564880371,0.8074346780776978,0.4196911156177521,0.8093488812446594,2.1091141999932006,48.289308200008236
3,UNSW-NB15,12,0.4198797941207886,0.8061022758483887,0.42112722992897034,0.8096370100975037,2.1091141999932006,48.289308200008236
4,UNSW-NB15,12,0.42101383209228516,0.8066964745521545,0.4211319386959076,0.8059276938438416,2.1091141999932006,48.289308200008236
5,UNSW-NB15,12,0.41927504539489746,0.8060752153396606,0.4165591895580292,0.810285210609436,2.1091141999932006,48.289308200008236
6,UNSW-NB15,12,0.4227505326271057,0.8070385456085205,0.4187999963760376,0.8097450137138367,2.1091141999932006,48.289308200008236
7,UNSW-NB15,12,0.41680631041526794,0.8083980083465576,0.41653522849082947,0.8113656044006348,2.1091141999932006,48.289308200008236
8,UNSW-NB15,12,0.4184369444847107,0.8074796795845032,0.42006775736808777,0.8054955005645752,2.1091141999932006,48.289308200008236
9,UNSW-NB15,12,0.4178260862827301,0.807227611541748,0.4115680754184723,0.8093128800392151,2.1091141999932006,48.289308200008236
10,UNSW-NB15,12,0.4174984395503998,0.8069125413894653,0.41885435581207275,0.8084845542907715,2.1091141999932006,48.289308200008236
11,UNSW-NB15,12,0.4209522306919098,0.8063363432884216,0.4159754514694214,0.8105733394622803,2.1091141999932006,48.289308200008236
12,UNSW-NB15,12,0.419584184885025,0.8073626756668091,0.41590616106987,0.8081244230270386,2.1091141999932006,48.289308200008236
13,UNSW-NB15,12,0.4197833240032196,0.8075607419013977,0.4155236780643463,0.8105012774467468,2.1091141999932006,48.289308200008236
14,UNSW-NB15,12,0.4210164546966553,0.8073086738586426,0.4151226878166199,0.8115816712379456,2.1091141999932006,48.289308200008236
15,UNSW-NB15,12,0.4194790720939636,0.8077498078346252,0.4154786169528961,0.8104292750358582,2.1091141999932006,48.289308200008236
16,UNSW-NB15,12,0.41827961802482605,0.8084700107574463,0.41399234533309937,0.8120138049125671,2.1091141999932006,48.289308200008236
17,UNSW-NB15,12,0.4193311929702759,0.8076417446136475,0.41665998101234436,0.8100331425666809,2.1091141999932006,48.289308200008236
18,UNSW-NB15,12,0.41824162006378174,0.8078758120536804,0.41632795333862305,0.8078003525733948,2.1091141999932006,48.289308200008236
19,UNSW-NB15,12,0.42032361030578613,0.8071736097335815,0.41563883423805237,0.8113656044006348,2.1091141999932006,48.289308200008236
20,UNSW-NB15,12,0.41991645097732544,0.806480348110199,0.4205458462238312,0.8098170161247253,2.1091141999932006,48.289308200008236
21,UNSW-NB15,12,0.41901516914367676,0.8073716759681702,0.42143186926841736,0.8076202869415283,2.1091141999932006,48.289308200008236
22,UNSW-NB15,12,0.41936126351356506,0.8070115447044373,0.41471463441848755,0.812265932559967,2.1091141999932006,48.289308200008236
23,UNSW-NB15,12,0.41864657402038574,0.8062912821769714,0.41833943128585815,0.808700680732727,2.1091141999932006,48.289308200008236
24,UNSW-NB15,12,0.4193025827407837,0.8067774772644043,0.41745346784591675,0.8050273656845093,2.1091141999932006,48.289308200008236
25,UNSW-NB15,12,0.42066311836242676,0.8053730130195618,0.4157068729400635,0.8099970817565918,2.1091141999932006,48.289308200008236
26,UNSW-NB15,12,0.4198833703994751,0.806984543800354,0.41644495725631714,0.8090968132019043,2.1091141999932006,48.289308200008236
27,UNSW-NB15,12,0.42042458057403564,0.807587742805481,0.4159873425960541,0.8090607523918152,2.1091141999932006,48.289308200008236
28,UNSW-NB15,12,0.419018417596817,0.8068854808807373,0.4248027205467224,0.8057116270065308,2.1091141999932006,48.289308200008236
29,UNSW-NB15,12,0.4209180772304535,0.8068945407867432,0.4204832911491394,0.8081604838371277,2.1091141999932006,48.289308200008236
30,UNSW-NB15,12,0.41983240842819214,0.8071736097335815,0.4179689884185791,0.807692289352417,2.1091141999932006,48.289308200008236
31,UNSW-NB15,12,0.4200034737586975,0.8066424131393433,0.41909581422805786,0.8078003525733948,2.1091141999932006,48.289308200008236
32,UNSW-NB15,12,0.42091983556747437,0.8057061433792114,0.4194553792476654,0.8038029074668884,2.1091141999932006,48.289308200008236
33,UNSW-NB15,12,0.4204920530319214,0.8062012791633606,0.419986754655838,0.8062517642974854,2.1091141999932006,48.289308200008236
34,UNSW-NB15,12,0.41911420226097107,0.8068854808807373,0.41665810346603394,0.8106813430786133,2.1091141999932006,48.289308200008236
35,UNSW-NB15,12,0.42030614614486694,0.8069665431976318,0.4189006984233856,0.8065758943557739,2.1091141999932006,48.289308200008236
36,UNSW-NB15,12,0.421787828207016,0.8061652779579163,0.4206252694129944,0.8053874969482422,2.1091141999932006,48.289308200008236
37,UNSW-NB15,12,0.4200728237628937,0.8070835471153259,0.4138716459274292,0.8101411461830139,2.1091141999932006,48.289308200008236
38,UNSW-NB15,12,0.41726651787757874,0.8068404793739319,0.41945984959602356,0.8065038919448853,2.1091141999932006,48.289308200008236
39,UNSW-NB15,12,0.4191407263278961,0.8072636127471924,0.4209679663181305,0.8096009492874146,2.1091141999932006,48.289308200008236
40,UNSW-NB15,12,0.4194028079509735,0.8072006106376648,0.4155825078487396,0.8110054731369019,2.1091141999932006,48.289308200008236
41,UNSW-NB15,12,0.4201137125492096,0.8067774772644043,0.42117828130722046,0.8084485530853271,2.1091141999932006,48.289308200008236
42,UNSW-NB15,12,0.4198707044124603,0.8064623475074768,0.41745251417160034,0.8093848824501038,2.1091141999932006,48.289308200008236
43,UNSW-NB15,12,0.4202282726764679,0.8058051466941833,0.4142111539840698,0.8115096688270569,2.1091141999932006,48.289308200008236
44,UNSW-NB15,12,0.420014888048172,0.807830810546875,0.415422260761261,0.8122298717498779,2.1091141999932006,48.289308200008236
45,UNSW-NB15,12,0.41912782192230225,0.8067774772644043,0.416450560092926,0.8099970817565918,2.1091141999932006,48.289308200008236
46,UNSW-NB15,12,0.4218069612979889,0.8057331442832947,0.4215308427810669,0.8087726831436157,2.1091141999932006,48.289308200008236
47,UNSW-NB15,12,0.41905462741851807,0.8074256777763367,0.41540682315826416,0.8114016056060791,2.1091141999932006,48.289308200008236
48,UNSW-NB15,12,0.41959109902381897,0.8064083456993103,0.41963350772857666,0.8075482249259949,2.1091141999932006,48.289308200008236
49,UNSW-NB15,12,0.4171048402786255,0.807830810546875,0.4224287271499634,0.8085206151008606,2.1091141999932006,48.289308200008236
50,UNSW-NB15,12,0.41900748014450073,0.807227611541748,0.41914498805999756,0.8040910363197327,2.1091141999932006,48.289308200008236
51,UNSW-NB15,12,0.4190829396247864,0.8076417446136475,0.41911837458610535,0.8069720268249512,2.1091141999932006,48.289308200008236
52,UNSW-NB15,12,0.4210846722126007,0.8061922788619995,0.42166176438331604,0.8034067749977112,2.1091141999932006,48.289308200008236
53,UNSW-NB15,12,0.41995641589164734,0.8073356747627258,0.41517284512519836,0.8099610805511475,2.1091141999932006,48.289308200008236
54,UNSW-NB15,12,0.41631031036376953,0.8084070086479187,0.4118046462535858,0.8109334111213684,2.1091141999932006,48.289308200008236
55,UNSW-NB15,12,0.4186566174030304,0.8077318072319031,0.41902339458465576,0.8074042201042175,2.1091141999932006,48.289308200008236
56,UNSW-NB15,12,0.42010679841041565,0.8063993453979492,0.42260298132896423,0.8066118955612183,2.1091141999932006,48.289308200008236
57,UNSW-NB15,12,0.419904500246048,0.8063453435897827,0.4147564768791199,0.8110774755477905,2.1091141999932006,48.289308200008236
58,UNSW-NB15,12,0.41964876651763916,0.8065434098243713,0.41580069065093994,0.8099610805511475,2.1091141999932006,48.289308200008236
59,UNSW-NB15,12,0.42236870527267456,0.8063453435897827,0.4174402356147766,0.8092408180236816,2.1091141999932006,48.289308200008236
60,UNSW-NB15,12,0.41977688670158386,0.8067054748535156,0.41752931475639343,0.806215763092041,2.1091141999932006,48.289308200008236
61,UNSW-NB15,12,0.4202882945537567,0.8073626756668091,0.41485682129859924,0.8137423992156982,2.1091141999932006,48.289308200008236
62,UNSW-NB15,12,0.4201798439025879,0.8065344095230103,0.4183885157108307,0.8104292750358582,2.1091141999932006,48.289308200008236
63,UNSW-NB15,12,0.4190925061702728,0.8064984083175659,0.4169093668460846,0.8095649480819702,2.1091141999932006,48.289308200008236
64,UNSW-NB15,12,0.42109206318855286,0.8068404793739319,0.41755008697509766,0.8102492094039917,2.1091141999932006,48.289308200008236
1,NSL-KDD,16,0.03629031032323837,0.987386167049408,0.1366753876209259,0.9875656366348267,1.6854699999676086,48.38031849998515
2,NSL-KDD,16,0.03649940341711044,0.9873188734054565,0.15916597843170166,0.9869821071624756,1.6854699999676086,48.38031849998515
3,NSL-KDD,16,0.036134593188762665,0.9877004027366638,0.16552357375621796,0.9879696369171143,1.6854699999676086,48.38031849998515
4,NSL-KDD,16,0.03642522543668747,0.9871954321861267,0.14778535068035126,0.9893612265586853,1.6854699999676086,48.38031849998515
5,NSL-KDD,16,0.03667628392577171,0.9871280789375305,0.241292342543602,0.986578106880188,1.6854699999676086,48.38031849998515
6,NSL-KDD,16,0.03631550818681717,0.9877340793609619,0.16311433911323547,0.9875207543373108,1.6854699999676086,48.38031849998515
7,NSL-KDD,16,0.0352790392935276,0.9877565503120422,0.2262437641620636,0.9878798723220825,1.6854699999676086,48.38031849998515
8,NSL-KDD,16,0.036053430289030075,0.9878351092338562,0.31809642910957336,0.9879247546195984,1.6854699999676086,48.38031849998515
9,NSL-KDD,16,0.03657807409763336,0.9874423146247864,0.23411333560943604,0.9891816973686218,1.6854699999676086,48.38031849998515
10,NSL-KDD,16,0.03618599474430084,0.9876331090927124,0.18998898565769196,0.9882389903068542,1.6854699999676086,48.38031849998515
11,NSL-KDD,16,0.036630600690841675,0.9870831966400146,0.17972415685653687,0.9881941080093384,1.6854699999676086,48.38031849998515
12,NSL-KDD,16,0.03743457794189453,0.9872739911079407,0.1563601940870285,0.9880145192146301,1.6854699999676086,48.38031849998515
13,NSL-KDD,16,0.035915546119213104,0.9874086380004883,0.07625894248485565,0.9881492257118225,1.6854699999676086,48.38031849998515
14,NSL-KDD,16,0.035270173102617264,0.987846314907074,0.11169907450675964,0.9895407557487488,1.6854699999676086,48.38031849998515
15,NSL-KDD,16,0.037369608879089355,0.9873749613761902,0.23412618041038513,0.9871616363525391,1.6854699999676086,48.38031849998515
16,NSL-KDD,16,0.03661784529685974,0.9875208735466003,0.23573711514472961,0.9883736371994019,1.6854699999676086,48.38031849998515
17,NSL-KDD,16,0.037588734179735184,0.9872739911079407,0.23638105392456055,0.987430989742279,1.6854699999676086,48.38031849998515
18,NSL-KDD,16,0.03580819070339203,0.9878351092338562,0.26498904824256897,0.9869821071624756,1.6854699999676086,48.38031849998515
19,NSL-KDD,16,0.037100229412317276,0.9872403144836426,0.1705584079027176,0.9875207543373108,1.6854699999676086,48.38031849998515
20,NSL-KDD,16,0.03543602675199509,0.9881717562675476,0.269427627325058,0.9881043434143066,1.6854699999676086,48.38031849998515
21,NSL-KDD,16,0.03628019988536835,0.9871392846107483,0.143685981631279,0.9868474006652832,1.6854699999676086,48.38031849998515
22,NSL-KDD,16,0.03546967729926109,0.9875320792198181,0.37945303320884705,0.988598108291626,1.6854699999676086,48.38031849998515
23,NSL-KDD,16,0.03545909747481346,0.9877228736877441,0.26318347454071045,0.9868923425674438,1.6854699999676086,48.38031849998515
24,NSL-KDD,16,0.03584957867860794,0.9876106381416321,0.21485254168510437,0.9881492257118225,1.6854699999676086,48.38031849998515
25,NSL-KDD,16,0.034773945808410645,0.9881492853164673,0.2698068916797638,0.9868474006652832,1.6854699999676086,48.38031849998515
26,NSL-KDD,16,0.036746855825185776,0.9873637557029724,0.2297610193490982,0.9887327551841736,1.6854699999676086,48.38031849998515
27,NSL-KDD,16,0.035552944988012314,0.9881605505943298,0.18799220025539398,0.9867127537727356,1.6854699999676086,48.38031849998515
28,NSL-KDD,16,0.03696684539318085,0.9874086380004883,0.10441615432500839,0.9886878728866577,1.6854699999676086,48.38031849998515
29,NSL-KDD,16,0.03613554686307907,0.9873749613761902,0.18527673184871674,0.9883736371994019,1.6854699999676086,48.38031849998515
30,NSL-KDD,16,0.036200929433107376,0.98776775598526,0.21095715463161469,0.9872514009475708,1.6854699999676086,48.38031849998515
31,NSL-KDD,16,0.035103246569633484,0.9882615208625793,0.12740938365459442,0.9884634613990784,1.6854699999676086,48.38031849998515
32,NSL-KDD,16,0.037023115903139114,0.9872739911079407,0.1445942521095276,0.9882389903068542,1.6854699999676086,48.38031849998515
33,NSL-KDD,16,0.037357624620199203,0.9868026375770569,0.21113888919353485,0.9852313995361328,1.6854699999676086,48.38031849998515
34,NSL-KDD,16,0.0357164591550827,0.9875432848930359,0.21449925005435944,0.9882838726043701,1.6854699999676086,48.38031849998515
35,NSL-KDD,16,0.03618950396776199,0.9874535202980042,0.18726296722888947,0.9877901077270508,1.6854699999676086,48.38031849998515
36,NSL-KDD,16,0.03663616627454758,0.9872515201568604,0.16511331498622894,0.986578106880188,1.6854699999676086,48.38031849998515
37,NSL-KDD,16,0.03524748608469963,0.98776775598526,0.19976335763931274,0.9868923425674438,1.6854699999676086,48.38031849998515
38,NSL-KDD,16,0.036165520548820496,0.9879697561264038,0.16961844265460968,0.9895407557487488,1.6854699999676086,48.38031849998515
39,NSL-KDD,16,0.03729208931326866,0.9877004027366638,0.16205637156963348,0.9870269894599915,1.6854699999676086,48.38031849998515
40,NSL-KDD,16,0.03497892990708351,0.9882054328918457,0.19016839563846588,0.9868025183677673,1.6854699999676086,48.38031849998515
41,NSL-KDD,16,0.03666705638170242,0.9876331090927124,0.19648440182209015,0.9881043434143066,1.6854699999676086,48.38031849998515
42,NSL-KDD,16,0.036880530416965485,0.9869597554206848,0.23818820714950562,0.9869372248649597,1.6854699999676086,48.38031849998515
43,NSL-KDD,16,0.0344608835875988,0.9883849620819092,0.2170780897140503,0.9875656366348267,1.6854699999676086,48.38031849998515
44,NSL-KDD,16,0.036967091262340546,0.9869709610939026,0.24956673383712769,0.9884185791015625,1.6854699999676086,48.38031849998515
45,NSL-KDD,16,0.03702620044350624,0.9869821667671204,0.22077041864395142,0.9867576360702515,1.6854699999676086,48.38031849998515
46,NSL-KDD,16,0.034101761877536774,0.9883625507354736,0.3268101215362549,0.9871616363525391,1.6854699999676086,48.38031849998515
47,NSL-KDD,16,0.0346481129527092,0.988115668296814,0.22171293199062347,0.9870269894599915,1.6854699999676086,48.38031849998515
48,NSL-KDD,16,0.035915691405534744,0.9878014326095581,0.17428381741046906,0.9872514009475708,1.6854699999676086,48.38031849998515
49,NSL-KDD,16,0.03567550703883171,0.9880258440971375,0.1457580029964447,0.9878349900245667,1.6854699999676086,48.38031849998515
50,NSL-KDD,16,0.03486208617687225,0.9878911972045898,0.16401542723178864,0.9875656366348267,1.6854699999676086,48.38031849998515
51,NSL-KDD,16,0.03625532612204552,0.9876443147659302,0.15277187526226044,0.9870269894599915,1.6854699999676086,48.38031849998515
52,NSL-KDD,16,0.03637722134590149,0.9873974323272705,0.22057490050792694,0.9871167540550232,1.6854699999676086,48.38031849998515
53,NSL-KDD,16,0.03450377658009529,0.9881268739700317,0.1909521222114563,0.9882389903068542,1.6854699999676086,48.38031849998515
54,NSL-KDD,16,0.035362452268600464,0.987958550453186,0.3446524143218994,0.9869821071624756,1.6854699999676086,48.38031849998515
55,NSL-KDD,16,0.03834347054362297,0.9864996671676636,0.2367040067911148,0.9876105189323425,1.6854699999676086,48.38031849998515
56,NSL-KDD,16,0.037422064691782,0.9870607256889343,0.103301040828228,0.9863536357879639,1.6854699999676086,48.38031849998515
57,NSL-KDD,16,0.03655749559402466,0.9874535202980042,0.2373771071434021,0.9883736371994019,1.6854699999676086,48.38031849998515
58,NSL-KDD,16,0.03725592792034149,0.9871280789375305,0.19373521208763123,0.9873861074447632,1.6854699999676086,48.38031849998515
59,NSL-KDD,16,0.035878024995326996,0.9877228736877441,0.17861996591091156,0.9879247546195984,1.6854699999676086,48.38031849998515
60,NSL-KDD,16,0.03602759912610054,0.9876331090927124,0.18946263194084167,0.9868025183677673,1.6854699999676086,48.38031849998515
61,NSL-KDD,16,0.03632044792175293,0.9874311089515686,0.23718814551830292,0.9880594611167908,1.6854699999676086,48.38031849998515
62,NSL-KDD,16,0.03628449887037277,0.9874647259712219,0.13522176444530487,0.9877452254295349,1.6854699999676086,48.38031849998515
63,NSL-KDD,16,0.03548171743750572,0.9876667261123657,0.14492683112621307,0.9868025183677673,1.6854699999676086,48.38031849998515
64,NSL-KDD,16,0.03762948885560036,0.9870944023132324,0.173531636595726,0.9882838726043701,1.6854699999676086,48.38031849998515
1,NSL-KDD,17,0.03523445501923561,0.9878126382827759,0.13315413892269135,0.9881941080093384,1.7492209000047296,50.18789439997636
2,NSL-KDD,17,0.03664392605423927,0.987105667591095,0.14070656895637512,0.9881043434143066,1.7492209000047296,50.18789439997636
3,NSL-KDD,17,0.03590872138738632,0.9873974323272705,0.1749945729970932,0.9869821071624756,1.7492209000047296,50.18789439997636
4,NSL-KDD,17,0.03423334285616875,0.9881605505943298,0.16786372661590576,0.9881043434143066,1.7492209000047296,50.18789439997636
5,NSL-KDD,17,0.03507896885275841,0.9881044030189514,0.2581250071525574,0.9879247546195984,1.7492209000047296,50.18789439997636
6,NSL-KDD,17,0.035475436598062515,0.988037109375,0.1563478261232376,0.9882838726043701,1.7492209000047296,50.18789439997636
7,NSL-KDD,17,0.03453463688492775,0.9884074330329895,0.23532409965991974,0.9881043434143066,1.7492209000047296,50.18789439997636
8,NSL-KDD,17,0.035692207515239716,0.9878238439559937,0.3540722131729126,0.9879247546195984,1.7492209000047296,50.18789439997636
9,NSL-KDD,17,0.034950993955135345,0.98776775598526,0.2376188039779663,0.9891816973686218,1.7492209000047296,50.18789439997636
10,NSL-KDD,17,0.035044193267822266,0.9879921674728394,0.2032618671655655,0.9854109883308411,1.7492209000047296,50.18789439997636
11,NSL-KDD,17,0.03648543730378151,0.9873637557029724,0.19598978757858276,0.9881941080093384,1.7492209000047296,50.18789439997636
12,NSL-KDD,17,0.03579624742269516,0.9877228736877441,0.15057134628295898,0.9875656366348267,1.7492209000047296,50.18789439997636
13,NSL-KDD,17,0.03530774638056755,0.9872403144836426,0.07636062800884247,0.9871616363525391,1.7492209000047296,50.18789439997636
14,NSL-KDD,17,0.03377431258559227,0.9883512854576111,0.13739530742168427,0.9875656366348267,1.7492209000047296,50.18789439997636
15,NSL-KDD,17,0.03539366275072098,0.9879248738288879,0.24988819658756256,0.9890021085739136,1.7492209000047296,50.18789439997636
16,NSL-KDD,17,0.035719383507966995,0.9877004027366638,0.2507682144641876,0.9888225793838501,1.7492209000047296,50.18789439997636
17,NSL-KDD,17,0.0371604822576046,0.98776775598526,0.23662714660167694,0.9890021085739136,1.7492209000047296,50.18789439997636
18,NSL-KDD,17,0.034654442220926285,0.9885645508766174,0.2827534079551697,0.9880594611167908,1.7492209000047296,50.18789439997636
19,NSL-KDD,17,0.035446908324956894,0.9878575205802917,0.17347998917102814,0.9884634613990784,1.7492209000047296,50.18789439997636
20,NSL-KDD,17,0.03509838506579399,0.988115668296814,0.27541258931159973,0.9901243448257446,1.7492209000047296,50.18789439997636
21,NSL-KDD,17,0.034801382571458817,0.9881829619407654,0.15116964280605316,0.9879247546195984,1.7492209000047296,50.18789439997636
22,NSL-KDD,17,0.03441104292869568,0.9878351092338562,0.3945390582084656,0.9879696369171143,1.7492209000047296,50.18789439997636
23,NSL-KDD,17,0.033962082117795944,0.9879809617996216,0.2786976099014282,0.9885532259941101,1.7492209000047296,50.18789439997636
24,NSL-KDD,17,0.03544770926237106,0.9874871969223022,0.22746331989765167,0.9881492257118225,1.7492209000047296,50.18789439997636
25,NSL-KDD,17,0.03481445834040642,0.9880146384239197,0.2901788353919983,0.9871167540550232,1.7492209000047296,50.18789439997636
26,NSL-KDD,17,0.03578575700521469,0.9874647259712219,0.246408149600029,0.9890918731689453,1.7492209000047296,50.18789439997636
27,NSL-KDD,17,0.03569233790040016,0.9875432848930359,0.17633004486560822,0.9888225793838501,1.7492209000047296,50.18789439997636
28,NSL-KDD,17,0.035165172070264816,0.9880146384239197,0.12012158334255219,0.9881492257118225,1.7492209000047296,50.18789439997636
29,NSL-KDD,17,0.03513839840888977,0.987689197063446,0.18459512293338776,0.9888225793838501,1.7492209000047296,50.18789439997636
30,NSL-KDD,17,0.03517461195588112,0.988115668296814,0.23513934016227722,0.9876105189323425,1.7492209000047296,50.18789439997636
31,NSL-KDD,17,0.0348365344107151,0.9878911972045898,0.14323970675468445,0.9881492257118225,1.7492209000047296,50.18789439997636
32,NSL-KDD,17,0.03576255962252617,0.9878799915313721,0.14796020090579987,0.9871616363525391,1.7492209000047296,50.18789439997636
33,NSL-KDD,17,0.03657752275466919,0.9872178435325623,0.20846118032932281,0.9886878728866577,1.7492209000047296,50.18789439997636
34,NSL-KDD,17,0.03478694707155228,0.9882951974868774,0.20665332674980164,0.9876554608345032,1.7492209000047296,50.18789439997636
35,NSL-KDD,17,0.035004597157239914,0.9882166385650635,0.20800673961639404,0.9883736371994019,1.7492209000047296,50.18789439997636
36,NSL-KDD,17,0.03637630119919777,0.987576961517334,0.16200123727321625,0.9877901077270508,1.7492209000047296,50.18789439997636
37,NSL-KDD,17,0.03475859761238098,0.9879809617996216,0.18853333592414856,0.988598108291626,1.7492209000047296,50.18789439997636
38,NSL-KDD,17,0.03553634509444237,0.9880819916725159,0.17702190577983856,0.9896305799484253,1.7492209000047296,50.18789439997636
39,NSL-KDD,17,0.03587901592254639,0.9877340793609619,0.16597522795200348,0.9869821071624756,1.7492209000047296,50.18789439997636
40,NSL-KDD,17,0.03400423377752304,0.9884523153305054,0.2065018266439438,0.9876105189323425,1.7492209000047296,50.18789439997636
41,NSL-KDD,17,0.036663006991147995,0.9874759912490845,0.20539964735507965,0.9885083436965942,1.7492209000047296,50.18789439997636
42,NSL-KDD,17,0.03561382368206978,0.9877116680145264,0.25548887252807617,0.9882389903068542,1.7492209000047296,50.18789439997636
43,NSL-KDD,17,0.03398570045828819,0.9879248738288879,0.23412641882896423,0.9887776374816895,1.7492209000047296,50.18789439997636
44,NSL-KDD,17,0.035856980830430984,0.9876218438148499,0.2592225968837738,0.9872065186500549,1.7492209000047296,50.18789439997636
45,NSL-KDD,17,0.035876646637916565,0.9877340793609619,0.24180059134960175,0.9881941080093384,1.7492209000047296,50.18789439997636
46,NSL-KDD,17,0.034204430878162384,0.9882391095161438,0.31303662061691284,0.9886429905891418,1.7492209000047296,50.18789439997636
47,NSL-KDD,17,0.0340413898229599,0.9880258440971375,0.2313968986272812,0.9896305799484253,1.7492209000047296,50.18789439997636
48,NSL-KDD,17,0.034566257148981094,0.988037109375,0.17600581049919128,0.988598108291626,1.7492209000047296,50.18789439997636
49,NSL-KDD,17,0.034499552100896835,0.988115668296814,0.14809058606624603,0.9895856976509094,1.7492209000047296,50.18789439997636
50,NSL-KDD,17,0.03447598218917847,0.9880595207214355,0.15579479932785034,0.9872065186500549,1.7492209000047296,50.18789439997636
51,NSL-KDD,17,0.03655903413891792,0.9873412847518921,0.1419394314289093,0.9868474006652832,1.7492209000047296,50.18789439997636
52,NSL-KDD,17,0.036149363964796066,0.9876667261123657,0.22867925465106964,0.9859945178031921,1.7492209000047296,50.18789439997636
53,NSL-KDD,17,0.03431563824415207,0.9880258440971375,0.20982511341571808,0.9874758720397949,1.7492209000047296,50.18789439997636
54,NSL-KDD,17,0.035216931253671646,0.9878014326095581,0.3463858366012573,0.9884185791015625,1.7492209000047296,50.18789439997636
55,NSL-KDD,17,0.03640880808234215,0.9875545501708984,0.24586185812950134,0.9882389903068542,1.7492209000047296,50.18789439997636
56,NSL-KDD,17,0.037160538136959076,0.9868587255477905,0.10615323483943939,0.988598108291626,1.7492209000047296,50.18789439997636
57,NSL-KDD,17,0.0362561009824276,0.9875432848930359,0.2492021918296814,0.9887327551841736,1.7492209000047296,50.18789439997636
58,NSL-KDD,17,0.03560816869139671,0.9882278442382812,0.2028144747018814,0.9881492257118225,1.7492209000047296,50.18789439997636
59,NSL-KDD,17,0.03560636192560196,0.9874423146247864,0.1813250333070755,0.9883736371994019,1.7492209000047296,50.18789439997636
60,NSL-KDD,17,0.0358084999024868,0.9875432848930359,0.19075654447078705,0.9858149886131287,1.7492209000047296,50.18789439997636
61,NSL-KDD,17,0.035580117255449295,0.9877228736877441,0.2758420705795288,0.9878798723220825,1.7492209000047296,50.18789439997636
62,NSL-KDD,17,0.03521863743662834,0.9877228736877441,0.1527368724346161,0.9869372248649597,1.7492209000047296,50.18789439997636
63,NSL-KDD,17,0.03591540828347206,0.9878126382827759,0.1528099775314331,0.9872065186500549,1.7492209000047296,50.18789439997636
64,NSL-KDD,17,0.03690725192427635,0.9872851967811584,0.18510493636131287,0.9881043434143066,1.7492209000047296,50.18789439997636
1,UNSW-NB15,13,0.4188821613788605,0.8074166774749756,0.4147482216358185,0.8116536736488342,2.8515739999711514,51.18976709997514
2,UNSW-NB15,13,0.41854405403137207,0.8074256777763367,0.4148663878440857,0.8088086843490601,2.8515739999711514,51.18976709997514
3,UNSW-NB15,13,0.4180417060852051,0.807461678981781,0.4159027636051178,0.809673011302948,2.8515739999711514,51.18976709997514
4,UNSW-NB15,13,0.4188038408756256,0.8081189393997192,0.4179467260837555,0.807584285736084,2.8515739999711514,51.18976709997514
5,UNSW-NB15,13,0.41795194149017334,0.8078578114509583,0.4197714626789093,0.8110774755477905,2.8515739999711514,51.18976709997514
6,UNSW-NB15,13,0.419969767332077,0.8070745468139648,0.4239700138568878,0.7988331913948059,2.8515739999711514,51.18976709997514
7,UNSW-NB15,13,0.4146842360496521,0.8086320757865906,0.41888657212257385,0.807080090045929,2.8515739999711514,51.18976709997514
8,UNSW-NB15,13,0.41550350189208984,0.8075427412986755,0.41467055678367615,0.811149537563324,2.8515739999711514,51.18976709997514
9,UNSW-NB15,13,0.4160267412662506,0.8082900047302246,0.4132150709629059,0.8118337392807007,2.8515739999711514,51.18976709997514
10,UNSW-NB15,13,0.41559234261512756,0.8085420727729797,0.4127168655395508,0.8100331425666809,2.8515739999711514,51.18976709997514
11,UNSW-NB15,13,0.4189232885837555,0.8086320757865906,0.41801705956459045,0.8095289468765259,2.8515739999711514,51.18976709997514
12,UNSW-NB15,13,0.41786134243011475,0.8074076771736145,0.4129166007041931,0.8115456700325012,2.8515739999711514,51.18976709997514
13,UNSW-NB15,13,0.4182525873184204,0.8069125413894653,0.42409417033195496,0.806215763092041,2.8515739999711514,51.18976709997514
14,UNSW-NB15,13,0.41916999220848083,0.8075697422027588,0.4174690246582031,0.8069000244140625,2.8515739999711514,51.18976709997514
15,UNSW-NB15,13,0.41803786158561707,0.8077678084373474,0.41187697649002075,0.8107894062995911,2.8515739999711514,51.18976709997514
16,UNSW-NB15,13,0.41597285866737366,0.8085150718688965,0.4141368269920349,0.8116536736488342,2.8515739999711514,51.18976709997514
17,UNSW-NB15,13,0.41778039932250977,0.8078668117523193,0.41312897205352783,0.8126980662345886,2.8515739999711514,51.18976709997514
18,UNSW-NB15,13,0.4165351390838623,0.80833500623703,0.42370471358299255,0.8047752976417542,2.8515739999711514,51.18976709997514
19,UNSW-NB15,13,0.41742590069770813,0.8078488111495972,0.41274428367614746,0.8128781318664551,2.8515739999711514,51.18976709997514
20,UNSW-NB15,13,0.41681790351867676,0.8086140751838684,0.4180150628089905,0.8062878251075745,2.8515739999711514,51.18976709997514
21,UNSW-NB15,13,0.4176528751850128,0.8070115447044373,0.41732701659202576,0.806215763092041,2.8515739999711514,51.18976709997514
22,UNSW-NB15,13,0.4181039333343506,0.8084520101547241,0.41915836930274963,0.808196485042572,2.8515739999711514,51.18976709997514
23,UNSW-NB15,13,0.41575703024864197,0.8086590766906738,0.4138943552970886,0.8098890781402588,2.8515739999711514,51.18976709997514
24,UNSW-NB15,13,0.4168895184993744,0.8078938722610474,0.41491472721099854,0.807080090045929,2.8515739999711514,51.18976709997514
25,UNSW-NB15,13,0.41767916083335876,0.806138277053833,0.414914608001709,0.8110054731369019,2.8515739999711514,51.18976709997514
26,UNSW-NB15,13,0.41751912236213684,0.8085240721702576,0.41331037878990173,0.8125540018081665,2.8515739999711514,51.18976709997514
27,UNSW-NB15,13,0.4172613024711609,0.8086050748825073,0.4165363609790802,0.8093488812446594,2.8515739999711514,51.18976709997514
28,UNSW-NB15,13,0.41773176193237305,0.8063453435897827,0.4180782735347748,0.8085566163063049,2.8515739999711514,51.18976709997514
29,UNSW-NB15,13,0.4187208116054535,0.8066874146461487,0.4148949682712555,0.8124099373817444,2.8515739999711514,51.18976709997514
30,UNSW-NB15,13,0.41734686493873596,0.8081009387969971,0.4164506196975708,0.8079443573951721,2.8515739999711514,51.18976709997514
31,UNSW-NB15,13,0.4171750545501709,0.8081279397010803,0.4147043228149414,0.8105733394622803,2.8515739999711514,51.18976709997514
32,UNSW-NB15,13,0.41781336069107056,0.8073086738586426,0.41950684785842896,0.8078003525733948,2.8515739999711514,51.18976709997514
33,UNSW-NB15,13,0.4188849627971649,0.8073446750640869,0.4184049367904663,0.809781014919281,2.8515739999711514,51.18976709997514
34,UNSW-NB15,13,0.41704893112182617,0.8086861371994019,0.4150276184082031,0.8102132081985474,2.8515739999711514,51.18976709997514
35,UNSW-NB15,13,0.4187445342540741,0.8074166774749756,0.41764014959335327,0.8099970817565918,2.8515739999711514,51.18976709997514
36,UNSW-NB15,13,0.41926655173301697,0.8079388737678528,0.4147760570049286,0.8082684874534607,2.8515739999711514,51.18976709997514
37,UNSW-NB15,13,0.4163738787174225,0.8086771368980408,0.4151727259159088,0.809781014919281,2.8515739999711514,51.18976709997514
38,UNSW-NB15,13,0.41564586758613586,0.8080108761787415,0.4107174575328827,0.8130941987037659,2.8515739999711514,51.18976709997514
39,UNSW-NB15,13,0.417123407125473,0.8081819415092468,0.42572489380836487,0.8037309050559998,2.8515739999711514,51.18976709997514
40,UNSW-NB15,13,0.4180591404438019,0.8080829381942749,0.4159310460090637,0.8080884218215942,2.8515739999711514,51.18976709997514
41,UNSW-NB15,13,0.4173804223537445,0.8075067400932312,0.4156295359134674,0.8109334111213684,2.8515739999711514,51.18976709997514
42,UNSW-NB15,13,0.4180900752544403,0.808091938495636,0.4151402711868286,0.8088446855545044,2.8515739999711514,51.18976709997514
43,UNSW-NB15,13,0.41893237829208374,0.8068224787712097,0.4159083962440491,0.8037309050559998,2.8515739999711514,51.18976709997514
44,UNSW-NB15,13,0.41862303018569946,0.8074166774749756,0.41603243350982666,0.8105372786521912,2.8515739999711514,51.18976709997514
45,UNSW-NB15,13,0.4181540906429291,0.8071466088294983,0.4180513322353363,0.8078723549842834,2.8515739999711514,51.18976709997514
46,UNSW-NB15,13,0.4189542233943939,0.8072636127471924,0.4191272556781769,0.8050633668899536,2.8515739999711514,51.18976709997514
47,UNSW-NB15,13,0.4165186285972595,0.8087401390075684,0.41940242052078247,0.8035868406295776,2.8515739999711514,51.18976709997514
48,UNSW-NB15,13,0.41798141598701477,0.8064173460006714,0.4144967198371887,0.8095649480819702,2.8515739999711514,51.18976709997514
49,UNSW-NB15,13,0.4147984981536865,0.8078578114509583,0.4211622178554535,0.8109334111213684,2.8515739999711514,51.18976709997514
50,UNSW-NB15,13,0.4159938395023346,0.8086680769920349,0.42168480157852173,0.8078723549842834,2.8515739999711514,51.18976709997514
51,UNSW-NB15,13,0.41595542430877686,0.8093343377113342,0.4129197895526886,0.8113296031951904,2.8515739999711514,51.18976709997514
52,UNSW-NB15,13,0.41980019211769104,0.8065344095230103,0.4166627824306488,0.8081604838371277,2.8515739999711514,51.18976709997514
53,UNSW-NB15,13,0.4173891842365265,0.8081189393997192,0.4155712425708771,0.8125180006027222,2.8515739999711514,51.18976709997514
54,UNSW-NB15,13,0.414028137922287,0.8078038096427917,0.41204866766929626,0.8084845542907715,2.8515739999711514,51.18976709997514
55,UNSW-NB15,13,0.41638749837875366,0.8087401390075684,0.41407808661460876,0.8102132081985474,2.8515739999711514,51.18976709997514
56,UNSW-NB15,13,0.41738349199295044,0.8083710074424744,0.41746050119400024,0.8085926175117493,2.8515739999711514,51.18976709997514
57,UNSW-NB15,13,0.416486531496048,0.807488739490509,0.41532468795776367,0.8106813430786133,2.8515739999711514,51.18976709997514
58,UNSW-NB15,13,0.41820329427719116,0.8067054748535156,0.4139055609703064,0.8113656044006348,2.8515739999711514,51.18976709997514
59,UNSW-NB15,13,0.41944625973701477,0.8071016073226929,0.4151118993759155,0.8093488812446594,2.8515739999711514,51.18976709997514
60,UNSW-NB15,13,0.417243093252182,0.8084880709648132,0.4172195792198181,0.8079083561897278,2.8515739999711514,51.18976709997514
61,UNSW-NB15,13,0.41901203989982605,0.8078488111495972,0.41617056727409363,0.8092048168182373,2.8515739999711514,51.18976709997514
62,UNSW-NB15,13,0.41823315620422363,0.8074796795845032,0.4199467897415161,0.8093488812446594,2.8515739999711514,51.18976709997514
63,UNSW-NB15,13,0.41682174801826477,0.8084610104560852,0.4153912365436554,0.8101411461830139,2.8515739999711514,51.18976709997514
64,UNSW-NB15,13,0.4185614287853241,0.8072996735572815,0.41728973388671875,0.8092408180236816,2.8515739999711514,51.18976709997514
1,NSL-KDD,18,0.034804582595825195,0.9878014326095581,0.14007018506526947,0.9886878728866577,1.6392970999586396,51.888420499977656
2,NSL-KDD,18,0.03583817183971405,0.9876667261123657,0.1528467833995819,0.9889572262763977,1.6392970999586396,51.888420499977656
3,NSL-KDD,18,0.03513208404183388,0.9878238439559937,0.1787966638803482,0.9880145192146301,1.6392970999586396,51.888420499977656
4,NSL-KDD,18,0.034050121903419495,0.9882839918136597,0.16571515798568726,0.9884634613990784,1.6392970999586396,51.888420499977656
5,NSL-KDD,18,0.03404976427555084,0.9880595207214355,0.2751418352127075,0.9892265796661377,1.6392970999586396,51.888420499977656
6,NSL-KDD,18,0.03556833788752556,0.9881268739700317,0.1371781826019287,0.9878798723220825,1.6392970999586396,51.888420499977656
7,NSL-KDD,18,0.03422744199633598,0.9880483150482178,0.258380651473999,0.9872514009475708,1.6392970999586396,51.888420499977656
8,NSL-KDD,18,0.03364592418074608,0.9885420799255371,0.3796709179878235,0.9867127537727356,1.6392970999586396,51.888420499977656
9,NSL-KDD,18,0.03426643833518028,0.9882727265357971,0.25828415155410767,0.9887776374816895,1.6392970999586396,51.888420499977656
10,NSL-KDD,18,0.03455289453268051,0.9879360795021057,0.1897495687007904,0.988867461681366,1.6392970999586396,51.888420499977656
11,NSL-KDD,18,0.035966236144304276,0.9874423146247864,0.2167045921087265,0.9878349900245667,1.6392970999586396,51.888420499977656
12,NSL-KDD,18,0.03480464592576027,0.9879921674728394,0.16489773988723755,0.987700343132019,1.6392970999586396,51.888420499977656
13,NSL-KDD,18,0.03496047481894493,0.9880034327507019,0.08691787719726562,0.9890469908714294,1.6392970999586396,51.888420499977656
14,NSL-KDD,18,0.033360909670591354,0.9884523153305054,0.1354176551103592,0.9888225793838501,1.6392970999586396,51.888420499977656
15,NSL-KDD,18,0.03485073521733284,0.9882615208625793,0.24984775483608246,0.9890021085739136,1.6392970999586396,51.888420499977656
16,NSL-KDD,18,0.03461409732699394,0.9879136681556702,0.2432500720024109,0.9871616363525391,1.6392970999586396,51.888420499977656
17,NSL-KDD,18,0.03611890226602554,0.987958550453186,0.2519969046115875,0.9881043434143066,1.6392970999586396,51.888420499977656
18,NSL-KDD,18,0.03448467329144478,0.9879921674728394,0.2819598317146301,0.9873861074447632,1.6392970999586396,51.888420499977656
19,NSL-KDD,18,0.03542797267436981,0.9878351092338562,0.20454412698745728,0.9879247546195984,1.6392970999586396,51.888420499977656
20,NSL-KDD,18,0.03514102101325989,0.9881492853164673,0.2817029654979706,0.9896305799484253,1.6392970999586396,51.888420499977656
21,NSL-KDD,18,0.034859396517276764,0.9875657558441162,0.17440885305404663,0.9880145192146301,1.6392970999586396,51.888420499977656
22,NSL-KDD,18,0.033338382840156555,0.9884859919548035,0.41646718978881836,0.988598108291626,1.6392970999586396,51.888420499977656
23,NSL-KDD,18,0.033208876848220825,0.9884523153305054,0.27858901023864746,0.9887776374816895,1.6392970999586396,51.888420499977656
24,NSL-KDD,18,0.033861562609672546,0.9880819916725159,0.2479296624660492,0.9871616363525391,1.6392970999586396,51.888420499977656
25,NSL-KDD,18,0.033598072826862335,0.9882727265357971,0.2925243079662323,0.9889123439788818,1.6392970999586396,51.888420499977656
26,NSL-KDD,18,0.03466876223683357,0.9879360795021057,0.2542453408241272,0.9872065186500549,1.6392970999586396,51.888420499977656
27,NSL-KDD,18,0.03444485366344452,0.9879136681556702,0.19169415533542633,0.9872065186500549,1.6392970999586396,51.888420499977656
28,NSL-KDD,18,0.03434450179338455,0.9884186387062073,0.11362873762845993,0.9881492257118225,1.6392970999586396,51.888420499977656
29,NSL-KDD,18,0.03434314951300621,0.9880483150482178,0.19522704184055328,0.9879247546195984,1.6392970999586396,51.888420499977656
30,NSL-KDD,18,0.03463810682296753,0.9881492853164673,0.23645131289958954,0.9878798723220825,1.6392970999586396,51.888420499977656
31,NSL-KDD,18,0.034287676215171814,0.9877452850341797,0.15703117847442627,0.9875207543373108,1.6392970999586396,51.888420499977656
32,NSL-KDD,18,0.0355006642639637,0.9877901673316956,0.1598270833492279,0.9858598709106445,1.6392970999586396,51.888420499977656
33,NSL-KDD,18,0.03538611903786659,0.9877789616584778,0.2167290598154068,0.9871616363525391,1.6392970999586396,51.888420499977656
34,NSL-KDD,18,0.03436756134033203,0.9881829619407654,0.22299586236476898,0.989720344543457,1.6392970999586396,51.888420499977656
35,NSL-KDD,18,0.03401869162917137,0.9882166385650635,0.21283724904060364,0.9873412251472473,1.6392970999586396,51.888420499977656
36,NSL-KDD,18,0.03431385010480881,0.9882951974868774,0.17884831130504608,0.9877452254295349,1.6392970999586396,51.888420499977656
37,NSL-KDD,18,0.03396612033247948,0.988508403301239,0.19437900185585022,0.9877452254295349,1.6392970999586396,51.888420499977656
38,NSL-KDD,18,0.03512165695428848,0.9883288741111755,0.17780615389347076,0.9875656366348267,1.6392970999586396,51.888420499977656
39,NSL-KDD,18,0.03616754710674286,0.9875994324684143,0.1930941641330719,0.9871167540550232,1.6392970999586396,51.888420499977656
40,NSL-KDD,18,0.033648792654275894,0.9888338446617126,0.212789848446846,0.988867461681366,1.6392970999586396,51.888420499977656
41,NSL-KDD,18,0.03519061207771301,0.9878911972045898,0.2194572538137436,0.988328754901886,1.6392970999586396,51.888420499977656
42,NSL-KDD,18,0.03475445881485939,0.9881829619407654,0.2869756817817688,0.9890469908714294,1.6392970999586396,51.888420499977656
43,NSL-KDD,18,0.03322902321815491,0.9883512854576111,0.25264009833335876,0.9887327551841736,1.6392970999586396,51.888420499977656
44,NSL-KDD,18,0.035506557673215866,0.987419843673706,0.2508615255355835,0.9894061088562012,1.6392970999586396,51.888420499977656
45,NSL-KDD,18,0.03524860367178917,0.9876779913902283,0.2652038037776947,0.9868474006652832,1.6392970999586396,51.888420499977656
46,NSL-KDD,18,0.033275675028562546,0.9885645508766174,0.3317272961139679,0.9888225793838501,1.6392970999586396,51.888420499977656
47,NSL-KDD,18,0.03352588415145874,0.9883512854576111,0.24152939021587372,0.9903039336204529,1.6392970999586396,51.888420499977656
48,NSL-KDD,18,0.034755341708660126,0.9880819916725159,0.19070740044116974,0.9874758720397949,1.6392970999586396,51.888420499977656
49,NSL-KDD,18,0.03413766995072365,0.9880034327507019,0.17893914878368378,0.9897652268409729,1.6392970999586396,51.888420499977656
50,NSL-KDD,18,0.033131085336208344,0.9887552857398987,0.18205824494361877,0.9891816973686218,1.6392970999586396,51.888420499977656
51,NSL-KDD,18,0.03495349362492561,0.9878575205802917,0.14363805949687958,0.988598108291626,1.6392970999586396,51.888420499977656
52,NSL-KDD,18,0.03470902144908905,0.9881044030189514,0.25126227736473083,0.988867461681366,1.6392970999586396,51.888420499977656
53,NSL-KDD,18,0.03327734395861626,0.9886094331741333,0.21003633737564087,0.9887327551841736,1.6392970999586396,51.888420499977656
54,NSL-KDD,18,0.0345696397125721,0.9881044030189514,0.3485106825828552,0.9863536357879639,1.6392970999586396,51.888420499977656
55,NSL-KDD,18,0.03596481680870056,0.9874086380004883,0.26183781027793884,0.987700343132019,1.6392970999586396,51.888420499977656
56,NSL-KDD,18,0.03562800586223602,0.9878799915313721,0.10591504722833633,0.9884634613990784,1.6392970999586396,51.888420499977656
57,NSL-KDD,18,0.034747324883937836,0.9882615208625793,0.2777644395828247,0.9877452254295349,1.6392970999586396,51.888420499977656
58,NSL-KDD,18,0.035567913204431534,0.9878126382827759,0.21143671870231628,0.9879247546195984,1.6392970999586396,51.888420499977656
59,NSL-KDD,18,0.03517273813486099,0.9877565503120422,0.17764140665531158,0.9880145192146301,1.6392970999586396,51.888420499977656
60,NSL-KDD,18,0.03492801636457443,0.9881941676139832,0.21314117312431335,0.9876105189323425,1.6392970999586396,51.888420499977656
61,NSL-KDD,18,0.03461507707834244,0.9878911972045898,0.2877388000488281,0.9880145192146301,1.6392970999586396,51.888420499977656
62,NSL-KDD,18,0.03459753468632698,0.9883737564086914,0.1478414088487625,0.9881492257118225,1.6392970999586396,51.888420499977656
63,NSL-KDD,18,0.033873461186885834,0.9884074330329895,0.16197194159030914,0.9884634613990784,1.6392970999586396,51.888420499977656
64,NSL-KDD,18,0.03593890368938446,0.9876106381416321,0.17710022628307343,0.9880145192146301,1.6392970999586396,51.888420499977656
1,NSL-KDD,19,0.03412412106990814,0.9880595207214355,0.15464726090431213,0.9887776374816895,1.6975404999684542,53.62714659998892
2,NSL-KDD,19,0.0352659672498703,0.9879921674728394,0.14505450427532196,0.9877452254295349,1.6975404999684542,53.62714659998892
3,NSL-KDD,19,0.03387828543782234,0.9884186387062073,0.19869057834148407,0.9882389903068542,1.6975404999684542,53.62714659998892
4,NSL-KDD,19,0.032958779484033585,0.9884186387062073,0.17121371626853943,0.9886429905891418,1.6975404999684542,53.62714659998892
5,NSL-KDD,19,0.033326417207717896,0.9882503151893616,0.28166404366493225,0.987700343132019,1.6975404999684542,53.62714659998892
6,NSL-KDD,19,0.03421427309513092,0.9883625507354736,0.1524011492729187,0.9873412251472473,1.6975404999684542,53.62714659998892
7,NSL-KDD,19,0.03297204151749611,0.988429844379425,0.26738932728767395,0.9901243448257446,1.6975404999684542,53.62714659998892
8,NSL-KDD,19,0.03345055505633354,0.9885645508766174,0.41355645656585693,0.9872065186500549,1.6975404999684542,53.62714659998892
9,NSL-KDD,19,0.03369126468896866,0.9885757565498352,0.25605177879333496,0.9882389903068542,1.6975404999684542,53.62714659998892
10,NSL-KDD,19,0.03359831124544144,0.9884859919548035,0.20246729254722595,0.9881492257118225,1.6975404999684542,53.62714659998892
11,NSL-KDD,19,0.034712862223386765,0.9878238439559937,0.2241278737783432,0.9844233989715576,1.6975404999684542,53.62714659998892
12,NSL-KDD,19,0.0342244915664196,0.9885645508766174,0.1724405437707901,0.9877901077270508,1.6975404999684542,53.62714659998892
13,NSL-KDD,19,0.03435729071497917,0.9880595207214355,0.09722277522087097,0.9888225793838501,1.6975404999684542,53.62714659998892
14,NSL-KDD,19,0.03239625692367554,0.9887440800666809,0.1430288553237915,0.9897652268409729,1.6975404999684542,53.62714659998892
15,NSL-KDD,19,0.03427833691239357,0.9881492853164673,0.26643306016921997,0.9863536357879639,1.6975404999684542,53.62714659998892
16,NSL-KDD,19,0.03456633910536766,0.9880483150482178,0.2539369463920593,0.9868923425674438,1.6975404999684542,53.62714659998892
17,NSL-KDD,19,0.035879213362932205,0.9876443147659302,0.24914604425430298,0.9877452254295349,1.6975404999684542,53.62714659998892
18,NSL-KDD,19,0.03382296487689018,0.9881717562675476,0.32251399755477905,0.9866678714752197,1.6975404999684542,53.62714659998892
19,NSL-KDD,19,0.03398013859987259,0.9883064031600952,0.1989053636789322,0.9874758720397949,1.6975404999684542,53.62714659998892
20,NSL-KDD,19,0.03310330584645271,0.9891144037246704,0.28584444522857666,0.9881941080093384,1.6975404999684542,53.62714659998892
21,NSL-KDD,19,0.034121762961149216,0.987958550453186,0.16849669814109802,0.988867461681366,1.6975404999684542,53.62714659998892
22,NSL-KDD,19,0.032374680042266846,0.9887216687202454,0.42644232511520386,0.989720344543457,1.6975404999684542,53.62714659998892
23,NSL-KDD,19,0.03316302224993706,0.9884859919548035,0.297239750623703,0.9890469908714294,1.6975404999684542,53.62714659998892
24,NSL-KDD,19,0.03300430625677109,0.9889572858810425,0.2550356686115265,0.9886878728866577,1.6975404999684542,53.62714659998892
25,NSL-KDD,19,0.03266880288720131,0.9884971976280212,0.31230664253234863,0.9875656366348267,1.6975404999684542,53.62714659998892
26,NSL-KDD,19,0.033938586711883545,0.9884971976280212,0.2662239670753479,0.987430989742279,1.6975404999684542,53.62714659998892
27,NSL-KDD,19,0.033737607300281525,0.9882278442382812,0.20325802266597748,0.9873861074447632,1.6975404999684542,53.62714659998892
28,NSL-KDD,19,0.03442865610122681,0.9882391095161438,0.12186335772275925,0.9881941080093384,1.6975404999684542,53.62714659998892
29,NSL-KDD,19,0.034025173634290695,0.9883512854576111,0.21461708843708038,0.9863985180854797,1.6975404999684542,53.62714659998892
30,NSL-KDD,19,0.03386618196964264,0.9883400797843933,0.24478301405906677,0.9879696369171143,1.6975404999684542,53.62714659998892
31,NSL-KDD,19,0.03365187346935272,0.9885532855987549,0.16070155799388885,0.9881043434143066,1.6975404999684542,53.62714659998892
32,NSL-KDD,19,0.0342293418943882,0.9882615208625793,0.16957266628742218,0.9881941080093384,1.6975404999684542,53.62714659998892
33,NSL-KDD,19,0.03484787419438362,0.9884186387062073,0.2350940853357315,0.9872065186500549,1.6975404999684542,53.62714659998892
34,NSL-KDD,19,0.03350326418876648,0.9880258440971375,0.22039906680583954,0.9882838726043701,1.6975404999684542,53.62714659998892
35,NSL-KDD,19,0.0333336740732193,0.9885645508766174,0.2040783315896988,0.987430989742279,1.6975404999684542,53.62714659998892
36,NSL-KDD,19,0.03458990901708603,0.9881829619407654,0.18677613139152527,0.9877452254295349,1.6975404999684542,53.62714659998892
37,NSL-KDD,19,0.032607316970825195,0.9887552857398987,0.23521840572357178,0.9878349900245667,1.6975404999684542,53.62714659998892
38,NSL-KDD,19,0.034527067095041275,0.9880483150482178,0.19937466084957123,0.9890021085739136,1.6975404999684542,53.62714659998892
39,NSL-KDD,19,0.0351443737745285,0.9878238439559937,0.20160305500030518,0.9850518703460693,1.6975404999684542,53.62714659998892
40,NSL-KDD,19,0.0325225405395031,0.9892041683197021,0.2289319634437561,0.9872065186500549,1.6975404999684542,53.62714659998892
41,NSL-KDD,19,0.033339615911245346,0.9883288741111755,0.22552241384983063,0.9879696369171143,1.6975404999684542,53.62714659998892
42,NSL-KDD,19,0.03356512635946274,0.9882951974868774,0.2799237370491028,0.988328754901886,1.6975404999684542,53.62714659998892
43,NSL-KDD,19,0.032541461288928986,0.9888787269592285,0.255264014005661,0.9894958734512329,1.6975404999684542,53.62714659998892
44,NSL-KDD,19,0.03411730378866196,0.9879360795021057,0.2718026638031006,0.9871167540550232,1.6975404999684542,53.62714659998892
45,NSL-KDD,19,0.03486821800470352,0.9875994324684143,0.25327545404434204,0.9878798723220825,1.6975404999684542,53.62714659998892
46,NSL-KDD,19,0.032354969531297684,0.9889460802078247,0.34591996669769287,0.9870718717575073,1.6975404999684542,53.62714659998892
47,NSL-KDD,19,0.032267119735479355,0.9888675212860107,0.23486477136611938,0.9897652268409729,1.6975404999684542,53.62714659998892
48,NSL-KDD,19,0.03295581042766571,0.9885196685791016,0.180160254240036,0.9875656366348267,1.6975404999684542,53.62714659998892
49,NSL-KDD,19,0.03345275670289993,0.9884859919548035,0.19434361159801483,0.9872963428497314,1.6975404999684542,53.62714659998892
50,NSL-KDD,19,0.03249586373567581,0.9891929626464844,0.17413824796676636,0.9900345802307129,1.6975404999684542,53.62714659998892
51,NSL-KDD,19,0.033674679696559906,0.9887440800666809,0.15655635297298431,0.9884634613990784,1.6975404999684542,53.62714659998892
52,NSL-KDD,19,0.03366442769765854,0.9879248738288879,0.2581201195716858,0.9874758720397949,1.6975404999684542,53.62714659998892
53,NSL-KDD,19,0.03353990986943245,0.9882951974868774,0.21829645335674286,0.9874758720397949,1.6975404999684542,53.62714659998892
54,NSL-KDD,19,0.033889394253492355,0.9882391095161438,0.3784099221229553,0.9886429905891418,1.6975404999684542,53.62714659998892
55,NSL-KDD,19,0.035226140171289444,0.9876106381416321,0.27555030584335327,0.9869821071624756,1.6975404999684542,53.62714659998892
56,NSL-KDD,19,0.035932667553424835,0.987386167049408,0.1082678809762001,0.988867461681366,1.6975404999684542,53.62714659998892
57,NSL-KDD,19,0.033733051270246506,0.988396167755127,0.28021422028541565,0.9869821071624756,1.6975404999684542,53.62714659998892
58,NSL-KDD,19,0.034913621842861176,0.9880034327507019,0.22436171770095825,0.9880594611167908,1.6975404999684542,53.62714659998892
59,NSL-KDD,19,0.03326014429330826,0.9883512854576111,0.18566127121448517,0.9856353998184204,1.6975404999684542,53.62714659998892
60,NSL-KDD,19,0.033795520663261414,0.9882839918136597,0.20092807710170746,0.9867127537727356,1.6975404999684542,53.62714659998892
61,NSL-KDD,19,0.03356536477804184,0.9886318445205688,0.3013101816177368,0.9881941080093384,1.6975404999684542,53.62714659998892
62,NSL-KDD,19,0.03373975306749344,0.9883625507354736,0.1547447293996811,0.9881941080093384,1.6975404999684542,53.62714659998892
63,NSL-KDD,19,0.03348902612924576,0.988508403301239,0.16463471949100494,0.9891816973686218,1.6975404999684542,53.62714659998892
64,NSL-KDD,19,0.03541130572557449,0.987419843673706,0.1994299739599228,0.9875656366348267,1.6975404999684542,53.62714659998892
1,UNSW-NB15,14,0.41673609614372253,0.8082179427146912,0.41460394859313965,0.8109334111213684,2.6081200999906287,53.8803828000091
2,UNSW-NB15,14,0.41649365425109863,0.8095414042472839,0.4158395230770111,0.8080164194107056,2.6081200999906287,53.8803828000091
3,UNSW-NB15,14,0.41549116373062134,0.8092983365058899,0.4114411175251007,0.8129861354827881,2.6081200999906287,53.8803828000091
4,UNSW-NB15,14,0.41792723536491394,0.8072636127471924,0.41971638798713684,0.8078723549842834,2.6081200999906287,53.8803828000091
5,UNSW-NB15,14,0.41729772090911865,0.8079028725624084,0.4144277572631836,0.8100691437721252,2.6081200999906287,53.8803828000091
6,UNSW-NB15,14,0.4180302619934082,0.8082449436187744,0.41965946555137634,0.8047752976417542,2.6081200999906287,53.8803828000091
7,UNSW-NB15,14,0.4128272533416748,0.8097484707832336,0.4177871346473694,0.8072601556777954,2.6081200999906287,53.8803828000091
8,UNSW-NB15,14,0.4137818515300751,0.8081189393997192,0.4192015528678894,0.8102132081985474,2.6081200999906287,53.8803828000091
9,UNSW-NB15,14,0.4139512777328491,0.8088932037353516,0.41301944851875305,0.8097450137138367,2.6081200999906287,53.8803828000091
10,UNSW-NB15,14,0.4129605293273926,0.8085150718688965,0.41170385479927063,0.8104652762413025,2.6081200999906287,53.8803828000091
11,UNSW-NB15,14,0.4163833558559418,0.8089022040367126,0.4123345911502838,0.8112215399742126,2.6081200999906287,53.8803828000091
12,UNSW-NB15,14,0.415069043636322,0.8094964027404785,0.4240349531173706,0.8080164194107056,2.6081200999906287,53.8803828000091
13,UNSW-NB15,14,0.4153987169265747,0.8079118728637695,0.41429370641708374,0.8085926175117493,2.6081200999906287,53.8803828000091
14,UNSW-NB15,14,0.4181206524372101,0.8076687455177307,0.41380515694618225,0.8105733394622803,2.6081200999906287,53.8803828000091
15,UNSW-NB15,14,0.41538190841674805,0.8088752031326294,0.41429632902145386,0.8112935423851013,2.6081200999906287,53.8803828000091
16,UNSW-NB15,14,0.41480106115341187,0.8082810044288635,0.4101422131061554,0.8125900030136108,2.6081200999906287,53.8803828000091
17,UNSW-NB15,14,0.4163351058959961,0.8079838752746582,0.4154125154018402,0.8125540018081665,2.6081200999906287,53.8803828000091
18,UNSW-NB15,14,0.4145725667476654,0.8082900047302246,0.41053375601768494,0.8130221962928772,2.6081200999906287,53.8803828000091
19,UNSW-NB15,14,0.41569429636001587,0.8085150718688965,0.4157865643501282,0.8116176724433899,2.6081200999906287,53.8803828000091
20,UNSW-NB15,14,0.41557222604751587,0.8089472055435181,0.4133284091949463,0.8108254075050354,2.6081200999906287,53.8803828000091
21,UNSW-NB15,14,0.41418004035949707,0.8093973398208618,0.4125257432460785,0.807188093662262,2.6081200999906287,53.8803828000091
22,UNSW-NB15,14,0.41590216755867004,0.8088571429252625,0.41433224081993103,0.8120498061180115,2.6081200999906287,53.8803828000091
23,UNSW-NB15,14,0.4151506721973419,0.8086500763893127,0.41274186968803406,0.8101771473884583,2.6081200999906287,53.8803828000091
24,UNSW-NB15,14,0.4141692519187927,0.8094063401222229,0.4176780879497528,0.8072961568832397,2.6081200999906287,53.8803828000091
25,UNSW-NB15,14,0.416789174079895,0.8072636127471924,0.4137369692325592,0.808304488658905,2.6081200999906287,53.8803828000091
26,UNSW-NB15,14,0.41603919863700867,0.8081549406051636,0.4122353196144104,0.8089887499809265,2.6081200999906287,53.8803828000091
27,UNSW-NB15,14,0.41553300619125366,0.8087131381034851,0.4113885462284088,0.8128421306610107,2.6081200999906287,53.8803828000091
28,UNSW-NB15,14,0.41514283418655396,0.8088842034339905,0.4118461310863495,0.8097090125083923,2.6081200999906287,53.8803828000091
29,UNSW-NB15,14,0.416132390499115,0.8079028725624084,0.4152420163154602,0.8090607523918152,2.6081200999906287,53.8803828000091
30,UNSW-NB15,14,0.41568416357040405,0.8088842034339905,0.41342422366142273,0.8116896748542786,2.6081200999906287,53.8803828000091
31,UNSW-NB15,14,0.4162972867488861,0.8078938722610474,0.4152193069458008,0.8116896748542786,2.6081200999906287,53.8803828000091
32,UNSW-NB15,14,0.41592705249786377,0.8072096109390259,0.41699960827827454,0.8065398931503296,2.6081200999906287,53.8803828000091
33,UNSW-NB15,14,0.4165395498275757,0.8087311387062073,0.41227033734321594,0.8129501342773438,2.6081200999906287,53.8803828000091
34,UNSW-NB15,14,0.41583752632141113,0.8086140751838684,0.41427862644195557,0.8115096688270569,2.6081200999906287,53.8803828000091
35,UNSW-NB15,14,0.41591688990592957,0.8085510730743408,0.41509002447128296,0.8089167475700378,2.6081200999906287,53.8803828000091
36,UNSW-NB15,14,0.4178762137889862,0.8073626756668091,0.41636383533477783,0.8098890781402588,2.6081200999906287,53.8803828000091
37,UNSW-NB15,14,0.4140230715274811,0.8092713356018066,0.41422441601753235,0.8086286187171936,2.6081200999906287,53.8803828000091
38,UNSW-NB15,14,0.41282883286476135,0.8099555373191833,0.4111008048057556,0.8102492094039917,2.6081200999906287,53.8803828000091
39,UNSW-NB15,14,0.4162140488624573,0.8087581396102905,0.4128491282463074,0.8107173442840576,2.6081200999906287,53.8803828000091
40,UNSW-NB15,14,0.4160991311073303,0.8091542720794678,0.4147849380970001,0.8083765506744385,2.6081200999906287,53.8803828000091
41,UNSW-NB15,14,0.4155057966709137,0.8083170056343079,0.41286274790763855,0.8114376068115234,2.6081200999906287,53.8803828000091
42,UNSW-NB15,14,0.41610193252563477,0.8079388737678528,0.4153491258621216,0.8112935423851013,2.6081200999906287,53.8803828000091
43,UNSW-NB15,14,0.41571447253227234,0.8090192079544067,0.41139495372772217,0.8099610805511475,2.6081200999906287,53.8803828000091
44,UNSW-NB15,14,0.4154466688632965,0.8083620071411133,0.41390863060951233,0.8101051449775696,2.6081200999906287,53.8803828000091
45,UNSW-NB15,14,0.4155140519142151,0.808199942111969,0.41989901661872864,0.8089887499809265,2.6081200999906287,53.8803828000091
46,UNSW-NB15,14,0.4171496629714966,0.8086140751838684,0.41732800006866455,0.8075122237205505,2.6081200999906287,53.8803828000091
47,UNSW-NB15,14,0.4140419363975525,0.8085150718688965,0.4135311543941498,0.8092408180236816,2.6081200999906287,53.8803828000091
48,UNSW-NB15,14,0.4146175980567932,0.8083890080451965,0.4160904288291931,0.808196485042572,2.6081200999906287,53.8803828000091
49,UNSW-NB15,14,0.4139726161956787,0.8089562058448792,0.41095802187919617,0.8137784600257874,2.6081200999906287,53.8803828000091
50,UNSW-NB15,14,0.4139765799045563,0.8097754716873169,0.4168953597545624,0.8058556318283081,2.6081200999906287,53.8803828000091
51,UNSW-NB15,14,0.41452756524086,0.8100635409355164,0.410593718290329,0.8110054731369019,2.6081200999906287,53.8803828000091
52,UNSW-NB15,14,0.4176372289657593,0.8077138066291809,0.41647276282310486,0.8093488812446594,2.6081200999906287,53.8803828000091
53,UNSW-NB15,14,0.4152861535549164,0.8086861371994019,0.41434863209724426,0.8107894062995911,2.6081200999906287,53.8803828000091
54,UNSW-NB15,14,0.4122574031352997,0.8100906014442444,0.40922120213508606,0.8103932738304138,2.6081200999906287,53.8803828000091
55,UNSW-NB15,14,0.41499701142311096,0.8079118728637695,0.41742491722106934,0.8059636950492859,2.6081200999906287,53.8803828000091
56,UNSW-NB15,14,0.4146448075771332,0.8083080053329468,0.4143035411834717,0.8087366819381714,2.6081200999906287,53.8803828000091
57,UNSW-NB15,14,0.41497528553009033,0.8081639409065247,0.4118877947330475,0.8094569444656372,2.6081200999906287,53.8803828000091
58,UNSW-NB15,14,0.41568121314048767,0.8081189393997192,0.42160800099372864,0.8041990399360657,2.6081200999906287,53.8803828000091
59,UNSW-NB15,14,0.4176468551158905,0.8067954778671265,0.4147804379463196,0.8110414743423462,2.6081200999906287,53.8803828000091
60,UNSW-NB15,14,0.41484445333480835,0.809181272983551,0.4157267212867737,0.810753345489502,2.6081200999906287,53.8803828000091
61,UNSW-NB15,14,0.4166930317878723,0.8090642094612122,0.4132649302482605,0.8101771473884583,2.6081200999906287,53.8803828000091
62,UNSW-NB15,14,0.41689997911453247,0.80833500623703,0.413167268037796,0.8129861354827881,2.6081200999906287,53.8803828000091
63,UNSW-NB15,14,0.4154254198074341,0.8090552091598511,0.4113146960735321,0.8110774755477905,2.6081200999906287,53.8803828000091
64,UNSW-NB15,14,0.4166955351829529,0.8081459403038025,0.4159053862094879,0.8101771473884583,2.6081200999906287,53.8803828000091
1,NSL-KDD,20,0.033762019127607346,0.9882615208625793,0.14579953253269196,0.9885532259941101,1.560423799965065,55.24200769996969
2,NSL-KDD,20,0.03449586033821106,0.9880146384239197,0.15913917124271393,0.9895407557487488,1.560423799965065,55.24200769996969
3,NSL-KDD,20,0.03396899253129959,0.9877565503120422,0.2072814255952835,0.9889572262763977,1.560423799965065,55.24200769996969
4,NSL-KDD,20,0.032480157911777496,0.9884523153305054,0.17572343349456787,0.9885532259941101,1.560423799965065,55.24200769996969
5,NSL-KDD,20,0.03360196575522423,0.9882727265357971,0.3116518259048462,0.9844233989715576,1.560423799965065,55.24200769996969
6,NSL-KDD,20,0.03240397945046425,0.9890807271003723,0.14630421996116638,0.9878798723220825,1.560423799965065,55.24200769996969
7,NSL-KDD,20,0.03255481272935867,0.9885196685791016,0.2852127254009247,0.9893612265586853,1.560423799965065,55.24200769996969
8,NSL-KDD,20,0.03261781856417656,0.9888787269592285,0.4156695306301117,0.9894958734512329,1.560423799965065,55.24200769996969
9,NSL-KDD,20,0.033198434859514236,0.9883849620819092,0.2747459411621094,0.9898549914360046,1.560423799965065,55.24200769996969
10,NSL-KDD,20,0.03308336064219475,0.9885645508766174,0.21441002190113068,0.9891367554664612,1.560423799965065,55.24200769996969
11,NSL-KDD,20,0.03439626097679138,0.9881941676139832,0.22776499390602112,0.9892714619636536,1.560423799965065,55.24200769996969
12,NSL-KDD,20,0.033402279019355774,0.9885420799255371,0.1772427260875702,0.9884634613990784,1.560423799965065,55.24200769996969
13,NSL-KDD,20,0.03327855467796326,0.988429844379425,0.11474024504423141,0.9891816973686218,1.560423799965065,55.24200769996969
14,NSL-KDD,20,0.03201386332511902,0.9891480803489685,0.15867868065834045,0.9890918731689453,1.560423799965065,55.24200769996969
15,NSL-KDD,20,0.03314158692955971,0.9887665510177612,0.260654479265213,0.988867461681366,1.560423799965065,55.24200769996969
16,NSL-KDD,20,0.03417665511369705,0.9885308742523193,0.2644500732421875,0.9884634613990784,1.560423799965065,55.24200769996969
17,NSL-KDD,20,0.034161996096372604,0.9883064031600952,0.27698060870170593,0.9888225793838501,1.560423799965065,55.24200769996969
18,NSL-KDD,20,0.03243277594447136,0.9888338446617126,0.332358717918396,0.9883736371994019,1.560423799965065,55.24200769996969
19,NSL-KDD,20,0.033503200858831406,0.9883625507354736,0.20017530024051666,0.9884185791015625,1.560423799965065,55.24200769996969
20,NSL-KDD,20,0.03341495245695114,0.9883737564086914,0.299871563911438,0.9887776374816895,1.560423799965065,55.24200769996969
21,NSL-KDD,20,0.03215270861983299,0.9888899922370911,0.17953187227249146,0.9880594611167908,1.560423799965065,55.24200769996969
22,NSL-KDD,20,0.032215800136327744,0.988968551158905,0.4522004723548889,0.9891367554664612,1.560423799965065,55.24200769996969
23,NSL-KDD,20,0.03111720271408558,0.9889460802078247,0.27883705496788025,0.9882838726043701,1.560423799965065,55.24200769996969
24,NSL-KDD,20,0.032826729118824005,0.9884971976280212,0.2688164710998535,0.9889123439788818,1.560423799965065,55.24200769996969
25,NSL-KDD,20,0.0329381600022316,0.9884186387062073,0.3466742932796478,0.9873861074447632,1.560423799965065,55.24200769996969
26,NSL-KDD,20,0.033212754875421524,0.9886543154716492,0.2674129605293274,0.9881043434143066,1.560423799965065,55.24200769996969
27,NSL-KDD,20,0.03307473659515381,0.988586962223053,0.16261710226535797,0.9893612265586853,1.560423799965065,55.24200769996969
28,NSL-KDD,20,0.03399750217795372,0.9880595207214355,0.1258251667022705,0.9872065186500549,1.560423799965065,55.24200769996969
29,NSL-KDD,20,0.033773791044950485,0.9881492853164673,0.24155935645103455,0.984917163848877,1.560423799965065,55.24200769996969
30,NSL-KDD,20,0.03222692012786865,0.9888899922370911,0.25802797079086304,0.9871616363525391,1.560423799965065,55.24200769996969
31,NSL-KDD,20,0.03220771625638008,0.9885981678962708,0.17235709726810455,0.9894958734512329,1.560423799965065,55.24200769996969
32,NSL-KDD,20,0.0338691808283329,0.9882839918136597,0.1659458726644516,0.9871167540550232,1.560423799965065,55.24200769996969
33,NSL-KDD,20,0.033588338643312454,0.9883288741111755,0.2388676106929779,0.9883736371994019,1.560423799965065,55.24200769996969
34,NSL-KDD,20,0.03230494260787964,0.9886879920959473,0.22309976816177368,0.9879247546195984,1.560423799965065,55.24200769996969
35,NSL-KDD,20,0.03297910839319229,0.9885757565498352,0.20908750593662262,0.9892714619636536,1.560423799965065,55.24200769996969
36,NSL-KDD,20,0.032888732850551605,0.9887665510177612,0.19937549531459808,0.9893612265586853,1.560423799965065,55.24200769996969
37,NSL-KDD,20,0.03287198394536972,0.9887440800666809,0.2208762764930725,0.9895856976509094,1.560423799965065,55.24200769996969
38,NSL-KDD,20,0.03310377523303032,0.9888675212860107,0.20597292482852936,0.9893612265586853,1.560423799965065,55.24200769996969
39,NSL-KDD,20,0.034454066306352615,0.9882391095161438,0.22602054476737976,0.9880594611167908,1.560423799965065,55.24200769996969
40,NSL-KDD,20,0.032543253153562546,0.9888451099395752,0.24662284553050995,0.9881492257118225,1.560423799965065,55.24200769996969
41,NSL-KDD,20,0.0335056371986866,0.9885757565498352,0.22808797657489777,0.9887776374816895,1.560423799965065,55.24200769996969
42,NSL-KDD,20,0.03385930135846138,0.9884074330329895,0.2937232255935669,0.9890469908714294,1.560423799965065,55.24200769996969
43,NSL-KDD,20,0.032663390040397644,0.9886431097984314,0.2575058937072754,0.9882389903068542,1.560423799965065,55.24200769996969
44,NSL-KDD,20,0.03376263007521629,0.9880819916725159,0.2706535756587982,0.9877901077270508,1.560423799965065,55.24200769996969
45,NSL-KDD,20,0.033764299005270004,0.9884411096572876,0.2673327326774597,0.9898998737335205,1.560423799965065,55.24200769996969
46,NSL-KDD,20,0.031839825212955475,0.988777756690979,0.32095450162887573,0.9898998737335205,1.560423799965065,55.24200769996969
47,NSL-KDD,20,0.03213503956794739,0.9889572858810425,0.2504233419895172,0.9882838726043701,1.560423799965065,55.24200769996969
48,NSL-KDD,20,0.03270910680294037,0.9888001680374146,0.18132466077804565,0.9897652268409729,1.560423799965065,55.24200769996969
49,NSL-KDD,20,0.03246612846851349,0.988699197769165,0.224167600274086,0.9881941080093384,1.560423799965065,55.24200769996969
50,NSL-KDD,20,0.0323968380689621,0.9888899922370911,0.197236105799675,0.9868923425674438,1.560423799965065,55.24200769996969
51,NSL-KDD,20,0.03371955081820488,0.9882727265357971,0.15196333825588226,0.9888225793838501,1.560423799965065,55.24200769996969
52,NSL-KDD,20,0.03343944996595383,0.9885645508766174,0.2836964428424835,0.9887327551841736,1.560423799965065,55.24200769996969
53,NSL-KDD,20,0.03179676830768585,0.9892154335975647,0.243861585855484,0.9874758720397949,1.560423799965065,55.24200769996969
54,NSL-KDD,20,0.03295831009745598,0.9886655211448669,0.37437501549720764,0.9887327551841736,1.560423799965065,55.24200769996969
55,NSL-KDD,20,0.03402746096253395,0.9880595207214355,0.29682016372680664,0.9878349900245667,1.560423799965065,55.24200769996969
56,NSL-KDD,20,0.03440488502383232,0.988396167755127,0.10814545303583145,0.9886429905891418,1.560423799965065,55.24200769996969
57,NSL-KDD,20,0.033042456954717636,0.988586962223053,0.3237106502056122,0.9885083436965942,1.560423799965065,55.24200769996969
58,NSL-KDD,20,0.034092407673597336,0.9883849620819092,0.24378731846809387,0.9883736371994019,1.560423799965065,55.24200769996969
59,NSL-KDD,20,0.033256784081459045,0.9882951974868774,0.19993673264980316,0.9859496355056763,1.560423799965065,55.24200769996969
60,NSL-KDD,20,0.03319322690367699,0.988508403301239,0.19787952303886414,0.987430989742279,1.560423799965065,55.24200769996969
61,NSL-KDD,20,0.03295009210705757,0.9884635210037231,0.31259289383888245,0.9891367554664612,1.560423799965065,55.24200769996969
62,NSL-KDD,20,0.033785056322813034,0.9883064031600952,0.1571577489376068,0.9882389903068542,1.560423799965065,55.24200769996969
63,NSL-KDD,20,0.03229476884007454,0.988856315612793,0.18764451146125793,0.9870718717575073,1.560423799965065,55.24200769996969
64,NSL-KDD,20,0.0340428426861763,0.9883625507354736,0.19931435585021973,0.9866678714752197,1.560423799965065,55.24200769996969
1,UNSW-NB15,15,0.4150952696800232,0.8086861371994019,0.4140262305736542,0.807584285736084,2.9023493999848142,56.868453299975954
2,UNSW-NB15,15,0.41448113322257996,0.8095954060554504,0.4129852056503296,0.8112215399742126,2.9023493999848142,56.868453299975954
3,UNSW-NB15,15,0.41389626264572144,0.8083530068397522,0.41029706597328186,0.8125540018081665,2.9023493999848142,56.868453299975954
4,UNSW-NB15,15,0.4155491292476654,0.8082359433174133,0.41460829973220825,0.8096370100975037,2.9023493999848142,56.868453299975954
5,UNSW-NB15,15,0.41433238983154297,0.8091092705726624,0.40989208221435547,0.8107173442840576,2.9023493999848142,56.868453299975954
6,UNSW-NB15,15,0.4161505401134491,0.8089562058448792,0.4137052595615387,0.8105733394622803,2.9023493999848142,56.868453299975954
7,UNSW-NB15,15,0.4112836718559265,0.8107388019561768,0.40875470638275146,0.8130221962928772,2.9023493999848142,56.868453299975954
8,UNSW-NB15,15,0.41191577911376953,0.8089202046394348,0.4086568355560303,0.8113296031951904,2.9023493999848142,56.868453299975954
9,UNSW-NB15,15,0.4129185676574707,0.8095414042472839,0.4093739986419678,0.8116896748542786,2.9023493999848142,56.868453299975954
10,UNSW-NB15,15,0.4120112359523773,0.8100095391273499,0.4143470227718353,0.8115456700325012,2.9023493999848142,56.868453299975954
11,UNSW-NB15,15,0.41487401723861694,0.8090192079544067,0.41399091482162476,0.8093488812446594,2.9023493999848142,56.868453299975954
12,UNSW-NB15,15,0.4139654338359833,0.8100455403327942,0.4164792597293854,0.808700680732727,2.9023493999848142,56.868453299975954
13,UNSW-NB15,15,0.413089781999588,0.8083530068397522,0.4129369556903839,0.8130581974983215,2.9023493999848142,56.868453299975954
14,UNSW-NB15,15,0.41522443294525146,0.8085330724716187,0.4126134514808655,0.8110774755477905,2.9023493999848142,56.868453299975954
15,UNSW-NB15,15,0.4134810268878937,0.8086680769920349,0.42098942399024963,0.8094929456710815,2.9023493999848142,56.868453299975954
16,UNSW-NB15,15,0.4124419391155243,0.8101266026496887,0.409128874540329,0.8126260042190552,2.9023493999848142,56.868453299975954
17,UNSW-NB15,15,0.41310515999794006,0.8094694018363953,0.41254734992980957,0.807188093662262,2.9023493999848142,56.868453299975954
18,UNSW-NB15,15,0.41289472579956055,0.8096674084663391,0.4117846190929413,0.8124819993972778,2.9023493999848142,56.868453299975954
19,UNSW-NB15,15,0.4137164056301117,0.8092713356018066,0.4126023054122925,0.8123739361763,2.9023493999848142,56.868453299975954
20,UNSW-NB15,15,0.4134384095668793,0.8091542720794678,0.4123718738555908,0.8121938705444336,2.9023493999848142,56.868453299975954
21,UNSW-NB15,15,0.4120291471481323,0.8090372085571289,0.41281193494796753,0.8108974099159241,2.9023493999848142,56.868453299975954
22,UNSW-NB15,15,0.4141542911529541,0.8104236721992493,0.4119073748588562,0.8062878251075745,2.9023493999848142,56.868453299975954
23,UNSW-NB15,15,0.4134836792945862,0.8090372085571289,0.41323336958885193,0.8098890781402588,2.9023493999848142,56.868453299975954
24,UNSW-NB15,15,0.4125202000141144,0.8094423413276672,0.41545984148979187,0.8074762225151062,2.9023493999848142,56.868453299975954
25,UNSW-NB15,15,0.41362065076828003,0.8082810044288635,0.41004225611686707,0.809168815612793,2.9023493999848142,56.868453299975954
26,UNSW-NB15,15,0.41399410367012024,0.8097214698791504,0.41365355253219604,0.8109694719314575,2.9023493999848142,56.868453299975954
27,UNSW-NB15,15,0.4141131043434143,0.8093703389167786,0.4164526164531708,0.8064678907394409,2.9023493999848142,56.868453299975954
28,UNSW-NB15,15,0.4132077395915985,0.8089292049407959,0.4122268259525299,0.8118337392807007,2.9023493999848142,56.868453299975954
29,UNSW-NB15,15,0.41596701741218567,0.8086500763893127,0.4122120141983032,0.8106813430786133,2.9023493999848142,56.868453299975954
30,UNSW-NB15,15,0.4136998653411865,0.8082269430160522,0.41073161363601685,0.8138144612312317,2.9023493999848142,56.868453299975954
31,UNSW-NB15,15,0.41383856534957886,0.8087671399116516,0.4121418297290802,0.8113296031951904,2.9023493999848142,56.868453299975954
32,UNSW-NB15,15,0.4143791198730469,0.8089022040367126,0.4140303134918213,0.8098170161247253,2.9023493999848142,56.868453299975954
33,UNSW-NB15,15,0.4147593677043915,0.8085600733757019,0.41247448325157166,0.8082684874534607,2.9023493999848142,56.868453299975954
34,UNSW-NB15,15,0.4137496054172516,0.8093523383140564,0.4124917685985565,0.8125540018081665,2.9023493999848142,56.868453299975954
35,UNSW-NB15,15,0.41438764333724976,0.809415340423584,0.4142645299434662,0.8101411461830139,2.9023493999848142,56.868453299975954
36,UNSW-NB15,15,0.41534528136253357,0.8082179427146912,0.41632163524627686,0.8048833012580872,2.9023493999848142,56.868453299975954
37,UNSW-NB15,15,0.41279831528663635,0.8095234036445618,0.41268739104270935,0.8110774755477905,2.9023493999848142,56.868453299975954
38,UNSW-NB15,15,0.41173574328422546,0.8098114728927612,0.40791743993759155,0.8133823275566101,2.9023493999848142,56.868453299975954
39,UNSW-NB15,15,0.41431915760040283,0.8091002702713013,0.41046154499053955,0.8102132081985474,2.9023493999848142,56.868453299975954
40,UNSW-NB15,15,0.41423970460891724,0.809658408164978,0.426632821559906,0.8033347725868225,2.9023493999848142,56.868453299975954
41,UNSW-NB15,15,0.4131118357181549,0.8082359433174133,0.40977931022644043,0.8129861354827881,2.9023493999848142,56.868453299975954
42,UNSW-NB15,15,0.41306379437446594,0.8095774054527283,0.41004326939582825,0.8138144612312317,2.9023493999848142,56.868453299975954
43,UNSW-NB15,15,0.41461122035980225,0.8092262744903564,0.40855470299720764,0.8129141330718994,2.9023493999848142,56.868453299975954
44,UNSW-NB15,15,0.41458404064178467,0.8092893362045288,0.41771093010902405,0.8045952320098877,2.9023493999848142,56.868453299975954
45,UNSW-NB15,15,0.41336193680763245,0.8087671399116516,0.4119701683521271,0.8120138049125671,2.9023493999848142,56.868453299975954
46,UNSW-NB15,15,0.414791077375412,0.8089652061462402,0.4207269251346588,0.8055675625801086,2.9023493999848142,56.868453299975954
47,UNSW-NB15,15,0.4123019576072693,0.8093613386154175,0.4158895015716553,0.8104652762413025,2.9023493999848142,56.868453299975954
48,UNSW-NB15,15,0.41471320390701294,0.80833500623703,0.4087110161781311,0.8115816712379456,2.9023493999848142,56.868453299975954
49,UNSW-NB15,15,0.41161444783210754,0.8098835349082947,0.41121748089790344,0.8126260042190552,2.9023493999848142,56.868453299975954
50,UNSW-NB15,15,0.4125175178050995,0.8089292049407959,0.41218066215515137,0.8119058012962341,2.9023493999848142,56.868453299975954
51,UNSW-NB15,15,0.41316017508506775,0.8100635409355164,0.4097561240196228,0.814822793006897,2.9023493999848142,56.868453299975954
52,UNSW-NB15,15,0.41591182351112366,0.80833500623703,0.4204445779323578,0.806107759475708,2.9023493999848142,56.868453299975954
53,UNSW-NB15,15,0.4144248962402344,0.8099105358123779,0.41316846013069153,0.8114016056060791,2.9023493999848142,56.868453299975954
54,UNSW-NB15,15,0.4108263850212097,0.8098474740982056,0.40996894240379333,0.8117257356643677,2.9023493999848142,56.868453299975954
55,UNSW-NB15,15,0.41287511587142944,0.8095684051513672,0.4121808111667633,0.8108254075050354,2.9023493999848142,56.868453299975954
56,UNSW-NB15,15,0.4131868779659271,0.8073986768722534,0.4150938391685486,0.8034067749977112,2.9023493999848142,56.868453299975954
57,UNSW-NB15,15,0.41416245698928833,0.8077948093414307,0.41445356607437134,0.8097450137138367,2.9023493999848142,56.868453299975954
58,UNSW-NB15,15,0.4146237373352051,0.8085780739784241,0.4132830798625946,0.8097450137138367,2.9023493999848142,56.868453299975954
59,UNSW-NB15,15,0.41511043906211853,0.808434009552002,0.41579610109329224,0.8093848824501038,2.9023493999848142,56.868453299975954
60,UNSW-NB15,15,0.41308438777923584,0.8098835349082947,0.4184289872646332,0.8082684874534607,2.9023493999848142,56.868453299975954
61,UNSW-NB15,15,0.4146541655063629,0.8089742064476013,0.41213616728782654,0.8109334111213684,2.9023493999848142,56.868453299975954
62,UNSW-NB15,15,0.4144338071346283,0.8092803359031677,0.41254541277885437,0.8119778037071228,2.9023493999848142,56.868453299975954
63,UNSW-NB15,15,0.41317883133888245,0.8087941408157349,0.41198089718818665,0.8123019337654114,2.9023493999848142,56.868453299975954
64,UNSW-NB15,15,0.41534483432769775,0.8079748749732971,0.41432490944862366,0.8105372786521912,2.9023493999848142,56.868453299975954
1,UNSW-NB15,16,0.41278064250946045,0.8102976679801941,0.41164353489875793,0.8116536736488342,1.6286533999955282,58.54216720000841
2,UNSW-NB15,16,0.4128289222717285,0.810288667678833,0.41019320487976074,0.8121218681335449,1.6286533999955282,58.54216720000841
3,UNSW-NB15,16,0.41241908073425293,0.8095684051513672,0.4104136526584625,0.8093128800392151,1.6286533999955282,58.54216720000841
4,UNSW-NB15,16,0.4145539700984955,0.8086861371994019,0.4115140438079834,0.8098530769348145,1.6286533999955282,58.54216720000841
5,UNSW-NB15,16,0.4118005037307739,0.8088211417198181,0.4119793176651001,0.8116896748542786,1.6286533999955282,58.54216720000841
6,UNSW-NB15,16,0.41417065262794495,0.8101266026496887,0.4173164963722229,0.8092408180236816,1.6286533999955282,58.54216720000841
7,UNSW-NB15,16,0.40946492552757263,0.8101806044578552,0.4117966294288635,0.8131662011146545,1.6286533999955282,58.54216720000841
8,UNSW-NB15,16,0.4110225737094879,0.809307336807251,0.4066520035266876,0.813346266746521,1.6286533999955282,58.54216720000841
9,UNSW-NB15,16,0.4102446734905243,0.8104146718978882,0.413728803396225,0.8109334111213684,1.6286533999955282,58.54216720000841
10,UNSW-NB15,16,0.4106683135032654,0.8104236721992493,0.4150170385837555,0.8060356974601746,1.6286533999955282,58.54216720000841
11,UNSW-NB15,16,0.41339224576950073,0.8097124695777893,0.41250112652778625,0.8120498061180115,1.6286533999955282,58.54216720000841
12,UNSW-NB15,16,0.41186749935150146,0.8096494078636169,0.4124748706817627,0.809673011302948,1.6286533999955282,58.54216720000841
13,UNSW-NB15,16,0.41197100281715393,0.8093973398208618,0.4107115566730499,0.8127700686454773,1.6286533999955282,58.54216720000841
14,UNSW-NB15,16,0.4129839837551117,0.8102256059646606,0.4191741943359375,0.8083405494689941,1.6286533999955282,58.54216720000841
15,UNSW-NB15,16,0.4119222164154053,0.8094243407249451,0.4087061583995819,0.8124099373817444,1.6286533999955282,58.54216720000841
16,UNSW-NB15,16,0.4099578857421875,0.8104146718978882,0.40737229585647583,0.814354658126831,1.6286533999955282,58.54216720000841
17,UNSW-NB15,16,0.4116550087928772,0.8095864057540894,0.4090351164340973,0.8133823275566101,1.6286533999955282,58.54216720000841
18,UNSW-NB15,16,0.41101834177970886,0.8090552091598511,0.4077471196651459,0.8116536736488342,1.6286533999955282,58.54216720000841
19,UNSW-NB15,16,0.41162729263305664,0.8102346062660217,0.41138187050819397,0.8125540018081665,1.6286533999955282,58.54216720000841
20,UNSW-NB15,16,0.41122809052467346,0.8103156685829163,0.4139740467071533,0.8123019337654114,1.6286533999955282,58.54216720000841
21,UNSW-NB15,16,0.41100168228149414,0.8100005388259888,0.4075317978858948,0.8124819993972778,1.6286533999955282,58.54216720000841
22,UNSW-NB15,16,0.4127039611339569,0.8097394704818726,0.4119918644428253,0.8144987225532532,1.6286533999955282,58.54216720000841
23,UNSW-NB15,16,0.4120880663394928,0.8095054030418396,0.4158020317554474,0.8116176724433899,1.6286533999955282,58.54216720000841
24,UNSW-NB15,16,0.4106007218360901,0.8090912699699402,0.4088643193244934,0.8087726831436157,1.6286533999955282,58.54216720000841
25,UNSW-NB15,16,0.4113403856754303,0.8088481426239014,0.4109566807746887,0.8101051449775696,1.6286533999955282,58.54216720000841
26,UNSW-NB15,16,0.41242313385009766,0.8101266026496887,0.4105275273323059,0.8128421306610107,1.6286533999955282,58.54216720000841
27,UNSW-NB15,16,0.4121452271938324,0.8098024725914001,0.4146600365638733,0.8118337392807007,1.6286533999955282,58.54216720000841
28,UNSW-NB15,16,0.4113103747367859,0.8099105358123779,0.4136851131916046,0.8090968132019043,1.6286533999955282,58.54216720000841
29,UNSW-NB15,16,0.41353291273117065,0.8093973398208618,0.4117911756038666,0.8102492094039917,1.6286533999955282,58.54216720000841
30,UNSW-NB15,16,0.41157495975494385,0.8092983365058899,0.41285693645477295,0.8100331425666809,1.6286533999955282,58.54216720000841
31,UNSW-NB15,16,0.4126385450363159,0.8097124695777893,0.40849369764328003,0.8126980662345886,1.6286533999955282,58.54216720000841
32,UNSW-NB15,16,0.41258862614631653,0.8085060715675354,0.4088107645511627,0.8117257356643677,1.6286533999955282,58.54216720000841
33,UNSW-NB15,16,0.4131123721599579,0.8089472055435181,0.40979325771331787,0.8116896748542786,1.6286533999955282,58.54216720000841
34,UNSW-NB15,16,0.41075682640075684,0.809658408164978,0.4144657254219055,0.8109334111213684,1.6286533999955282,58.54216720000841
35,UNSW-NB15,16,0.41269728541374207,0.8100455403327942,0.4079136550426483,0.810645341873169,1.6286533999955282,58.54216720000841
36,UNSW-NB15,16,0.4131028652191162,0.8098294734954834,0.41682153940200806,0.8089887499809265,1.6286533999955282,58.54216720000841
37,UNSW-NB15,16,0.4113833010196686,0.809550404548645,0.4084336757659912,0.8112215399742126,1.6286533999955282,58.54216720000841
38,UNSW-NB15,16,0.4099259376525879,0.811378002166748,0.4057866036891937,0.811149537563324,1.6286533999955282,58.54216720000841
39,UNSW-NB15,16,0.41192626953125,0.8099825382232666,0.4143749475479126,0.8059996962547302,1.6286533999955282,58.54216720000841
40,UNSW-NB15,16,0.41299813985824585,0.8097304701805115,0.41728848218917847,0.8077282905578613,1.6286533999955282,58.54216720000841
41,UNSW-NB15,16,0.4120178520679474,0.8097664713859558,0.4119025468826294,0.8104652762413025,1.6286533999955282,58.54216720000841
42,UNSW-NB15,16,0.4113526940345764,0.8095594048500061,0.40927138924598694,0.8128060698509216,1.6286533999955282,58.54216720000841
43,UNSW-NB15,16,0.41177502274513245,0.8098474740982056,0.40878474712371826,0.8113296031951904,1.6286533999955282,58.54216720000841
44,UNSW-NB15,16,0.4128795862197876,0.8099105358123779,0.41123485565185547,0.8119418025016785,1.6286533999955282,58.54216720000841
45,UNSW-NB15,16,0.4124967157840729,0.8095324039459229,0.40827658772468567,0.8128421306610107,1.6286533999955282,58.54216720000841
46,UNSW-NB15,16,0.4141483008861542,0.8091632723808289,0.4099061191082001,0.8123019337654114,1.6286533999955282,58.54216720000841
47,UNSW-NB15,16,0.41044265031814575,0.8104596734046936,0.4129965305328369,0.8094569444656372,1.6286533999955282,58.54216720000841
48,UNSW-NB15,16,0.4124373197555542,0.8081369400024414,0.4080044627189636,0.8121578693389893,1.6286533999955282,58.54216720000841
49,UNSW-NB15,16,0.410020112991333,0.8109638690948486,0.4129585921764374,0.8088806867599487,1.6286533999955282,58.54216720000841
50,UNSW-NB15,16,0.4106692373752594,0.811134934425354,0.41365817189216614,0.8077282905578613,1.6286533999955282,58.54216720000841
51,UNSW-NB15,16,0.4101359248161316,0.811504065990448,0.407620370388031,0.8134183287620544,1.6286533999955282,58.54216720000841
52,UNSW-NB15,16,0.41413259506225586,0.8090012073516846,0.41342392563819885,0.8105012774467468,1.6286533999955282,58.54216720000841
53,UNSW-NB15,16,0.4124346077442169,0.8097484707832336,0.40973061323165894,0.8132742643356323,1.6286533999955282,58.54216720000841
54,UNSW-NB15,16,0.408902645111084,0.8101356029510498,0.40766432881355286,0.811761736869812,1.6286533999955282,58.54216720000841
55,UNSW-NB15,16,0.4106878638267517,0.8104957342147827,0.41004201769828796,0.8116536736488342,1.6286533999955282,58.54216720000841
56,UNSW-NB15,16,0.4111643135547638,0.8094784021377563,0.40858784317970276,0.8124459981918335,1.6286533999955282,58.54216720000841
57,UNSW-NB15,16,0.4108368754386902,0.809181272983551,0.4091934561729431,0.8103212118148804,1.6286533999955282,58.54216720000841
58,UNSW-NB15,16,0.41315674781799316,0.8094333410263062,0.4167720377445221,0.8109694719314575,1.6286533999955282,58.54216720000841
59,UNSW-NB15,16,0.413548082113266,0.8094513416290283,0.4256665110588074,0.8037309050559998,1.6286533999955282,58.54216720000841
60,UNSW-NB15,16,0.4112977981567383,0.8096224069595337,0.4098062515258789,0.8123739361763,1.6286533999955282,58.54216720000841
61,UNSW-NB15,16,0.4139871895313263,0.8092082738876343,0.4106893539428711,0.8111134767532349,1.6286533999955282,58.54216720000841
62,UNSW-NB15,16,0.41262224316596985,0.8095954060554504,0.41329020261764526,0.8083765506744385,1.6286533999955282,58.54216720000841
63,UNSW-NB15,16,0.41086918115615845,0.8105137348175049,0.40817195177078247,0.8119778037071228,1.6286533999955282,58.54216720000841
64,UNSW-NB15,16,0.41367754340171814,0.8098835349082947,0.4183390438556671,0.807080090045929,1.6286533999955282,58.54216720000841
1,UNSW-NB15,17,0.4111191928386688,0.8105857372283936,0.4107687473297119,0.8114736080169678,1.6496772000100464,60.315831499989145
2,UNSW-NB15,17,0.41207626461982727,0.8095864057540894,0.4094706177711487,0.8134903311729431,1.6496772000100464,60.315831499989145
3,UNSW-NB15,17,0.4102783501148224,0.8100906014442444,0.41019803285598755,0.810645341873169,1.6496772000100464,60.315831499989145
4,UNSW-NB15,17,0.412202924489975,0.810531735420227,0.40978336334228516,0.8114736080169678,1.6496772000100464,60.315831499989145
5,UNSW-NB15,17,0.41116517782211304,0.8090282082557678,0.417761892080307,0.8065398931503296,1.6496772000100464,60.315831499989145
6,UNSW-NB15,17,0.41224709153175354,0.8100185394287109,0.41361746191978455,0.8094569444656372,1.6496772000100464,60.315831499989145
7,UNSW-NB15,17,0.40745463967323303,0.8112789988517761,0.4071621894836426,0.8143906593322754,1.6496772000100464,60.315831499989145
8,UNSW-NB15,17,0.40905889868736267,0.8101896047592163,0.4077596664428711,0.8123739361763,1.6496772000100464,60.315831499989145
9,UNSW-NB15,17,0.40881669521331787,0.8106487393379211,0.4113069176673889,0.8099610805511475,1.6496772000100464,60.315831499989145
10,UNSW-NB15,17,0.40868300199508667,0.8104777336120605,0.4060618281364441,0.8160112500190735,1.6496772000100464,60.315831499989145
11,UNSW-NB15,17,0.4117327928543091,0.8107568025588989,0.4147493839263916,0.8107173442840576,1.6496772000100464,60.315831499989145
12,UNSW-NB15,17,0.410851389169693,0.8100005388259888,0.41475972533226013,0.8059636950492859,1.6496772000100464,60.315831499989145
13,UNSW-NB15,17,0.4105605483055115,0.8104687333106995,0.409945011138916,0.811869740486145,1.6496772000100464,60.315831499989145
14,UNSW-NB15,17,0.41201087832450867,0.8105407357215881,0.40906766057014465,0.8120498061180115,1.6496772000100464,60.315831499989145
15,UNSW-NB15,17,0.41002967953681946,0.8101806044578552,0.409052312374115,0.8130941987037659,1.6496772000100464,60.315831499989145
16,UNSW-NB15,17,0.4093901515007019,0.8116030693054199,0.409528523683548,0.8122298717498779,1.6496772000100464,60.315831499989145
17,UNSW-NB15,17,0.4095001816749573,0.8105047345161438,0.40551695227622986,0.8129501342773438,1.6496772000100464,60.315831499989145
18,UNSW-NB15,17,0.40956830978393555,0.8106487393379211,0.40740564465522766,0.8106813430786133,1.6496772000100464,60.315831499989145
19,UNSW-NB15,17,0.40950700640678406,0.8111529350280762,0.40875932574272156,0.8126260042190552,1.6496772000100464,60.315831499989145
20,UNSW-NB15,17,0.41084784269332886,0.8101356029510498,0.4112657904624939,0.8133102655410767,1.6496772000100464,60.315831499989145
21,UNSW-NB15,17,0.40892496705055237,0.8102526068687439,0.4078521132469177,0.8119058012962341,1.6496772000100464,60.315831499989145
22,UNSW-NB15,17,0.41139790415763855,0.8099375367164612,0.41044357419013977,0.8130581974983215,1.6496772000100464,60.315831499989145
23,UNSW-NB15,17,0.40955471992492676,0.8106667995452881,0.4066508412361145,0.8129141330718994,1.6496772000100464,60.315831499989145
24,UNSW-NB15,17,0.40989646315574646,0.810153603553772,0.4075475037097931,0.8125900030136108,1.6496772000100464,60.315831499989145
25,UNSW-NB15,17,0.41075947880744934,0.8085330724716187,0.41676175594329834,0.8094569444656372,1.6496772000100464,60.315831499989145
26,UNSW-NB15,17,0.410709947347641,0.8101176023483276,0.4110155999660492,0.8097450137138367,1.6496772000100464,60.315831499989145
27,UNSW-NB15,17,0.41135671734809875,0.8106757998466492,0.4082815945148468,0.811869740486145,1.6496772000100464,60.315831499989145
28,UNSW-NB15,17,0.4095624089241028,0.8097934722900391,0.4067858159542084,0.813238263130188,1.6496772000100464,60.315831499989145
29,UNSW-NB15,17,0.4116401970386505,0.8091002702713013,0.40917450189590454,0.8124459981918335,1.6496772000100464,60.315831499989145
30,UNSW-NB15,17,0.40987181663513184,0.8104596734046936,0.40806838870048523,0.8130581974983215,1.6496772000100464,60.315831499989145
31,UNSW-NB15,17,0.41069599986076355,0.8098474740982056,0.4160267412662506,0.805603563785553,1.6496772000100464,60.315831499989145
32,UNSW-NB15,17,0.4108198881149292,0.809685468673706,0.408919095993042,0.8116176724433899,1.6496772000100464,60.315831499989145
33,UNSW-NB15,17,0.41171127557754517,0.8091902732849121,0.40950900316238403,0.8130941987037659,1.6496772000100464,60.315831499989145
34,UNSW-NB15,17,0.40964600443840027,0.8100906014442444,0.4098144471645355,0.811869740486145,1.6496772000100464,60.315831499989145
35,UNSW-NB15,17,0.4115942716598511,0.8094874024391174,0.40796831250190735,0.811761736869812,1.6496772000100464,60.315831499989145
36,UNSW-NB15,17,0.41184210777282715,0.8106217384338379,0.413829505443573,0.8090247511863708,1.6496772000100464,60.315831499989145
37,UNSW-NB15,17,0.4089076817035675,0.8109728693962097,0.4097599983215332,0.8118337392807007,1.6496772000100464,60.315831499989145
38,UNSW-NB15,17,0.40772342681884766,0.8116931319236755,0.4044111371040344,0.8142105937004089,1.6496772000100464,60.315831499989145
39,UNSW-NB15,17,0.4109329283237457,0.8099645376205444,0.41055259108543396,0.8116176724433899,1.6496772000100464,60.315831499989145
40,UNSW-NB15,17,0.4111119508743286,0.810522735118866,0.41102612018585205,0.8116536736488342,1.6496772000100464,60.315831499989145
41,UNSW-NB15,17,0.41008880734443665,0.8100635409355164,0.4119676351547241,0.8105733394622803,1.6496772000100464,60.315831499989145
42,UNSW-NB15,17,0.40983667969703674,0.8106938004493713,0.41322627663612366,0.8093488812446594,1.6496772000100464,60.315831499989145
43,UNSW-NB15,17,0.4104710519313812,0.8099735379219055,0.4110832214355469,0.8110054731369019,1.6496772000100464,60.315831499989145
44,UNSW-NB15,17,0.4108634889125824,0.8103516697883606,0.40808409452438354,0.8126620650291443,1.6496772000100464,60.315831499989145
45,UNSW-NB15,17,0.4103558659553528,0.8097484707832336,0.4149949550628662,0.8080884218215942,1.6496772000100464,60.315831499989145
46,UNSW-NB15,17,0.41236451268196106,0.8090372085571289,0.4113493859767914,0.8096370100975037,1.6496772000100464,60.315831499989145
47,UNSW-NB15,17,0.4091850519180298,0.8106217384338379,0.409806489944458,0.8126620650291443,1.6496772000100464,60.315831499989145
48,UNSW-NB15,17,0.41075024008750916,0.8097484707832336,0.40916019678115845,0.8116176724433899,1.6496772000100464,60.315831499989145
49,UNSW-NB15,17,0.4078349173069,0.8116300702095032,0.4068607687950134,0.8129141330718994,1.6496772000100464,60.315831499989145
50,UNSW-NB15,17,0.40946996212005615,0.8109728693962097,0.4132404625415802,0.8116536736488342,1.6496772000100464,60.315831499989145
51,UNSW-NB15,17,0.4096740186214447,0.8112339377403259,0.40823203325271606,0.8116536736488342,1.6496772000100464,60.315831499989145
52,UNSW-NB15,17,0.4121951162815094,0.8096404075622559,0.42012500762939453,0.808700680732727,1.6496772000100464,60.315831499989145
53,UNSW-NB15,17,0.41081637144088745,0.8107388019561768,0.4106335937976837,0.8132022619247437,1.6496772000100464,60.315831499989145
54,UNSW-NB15,17,0.4070149064064026,0.8116841316223145,0.4071263372898102,0.8094569444656372,1.6496772000100464,60.315831499989145
55,UNSW-NB15,17,0.40871661901474,0.8105947375297546,0.413065105676651,0.8113656044006348,1.6496772000100464,60.315831499989145
56,UNSW-NB15,17,0.4096798300743103,0.8104867339134216,0.4132711887359619,0.8106813430786133,1.6496772000100464,60.315831499989145
57,UNSW-NB15,17,0.4086030125617981,0.8102796673774719,0.40588632225990295,0.8110414743423462,1.6496772000100464,60.315831499989145
58,UNSW-NB15,17,0.41134849190711975,0.809685468673706,0.41748592257499695,0.8041630387306213,1.6496772000100464,60.315831499989145
59,UNSW-NB15,17,0.41255009174346924,0.8083710074424744,0.4096466600894928,0.8113656044006348,1.6496772000100464,60.315831499989145
60,UNSW-NB15,17,0.4091613292694092,0.8113960027694702,0.40775683522224426,0.8109694719314575,1.6496772000100464,60.315831499989145
61,UNSW-NB15,17,0.41189366579055786,0.8100365400314331,0.4232039153575897,0.8059636950492859,1.6496772000100464,60.315831499989145
62,UNSW-NB15,17,0.41167566180229187,0.809307336807251,0.4105348289012909,0.8123379349708557,1.6496772000100464,60.315831499989145
63,UNSW-NB15,17,0.40987715125083923,0.8098745346069336,0.4129144549369812,0.8059636950492859,1.6496772000100464,60.315831499989145
64,UNSW-NB15,17,0.4113207459449768,0.8099645376205444,0.41099804639816284,0.8125180006027222,1.6496772000100464,60.315831499989145
1,UNSW-NB15,18,0.40943893790245056,0.810396671295166,0.4082924723625183,0.8126260042190552,1.7183909000013955,62.08644310000818
2,UNSW-NB15,18,0.40925097465515137,0.8110899329185486,0.41352301836013794,0.8114376068115234,1.7183909000013955,62.08644310000818
3,UNSW-NB15,18,0.408243328332901,0.8102166056632996,0.4071609079837799,0.8131301999092102,1.7183909000013955,62.08644310000818
4,UNSW-NB15,18,0.4104430079460144,0.8112339377403259,0.4125131070613861,0.8121578693389893,1.7183909000013955,62.08644310000818
5,UNSW-NB15,18,0.40974947810173035,0.8093613386154175,0.41297292709350586,0.8102492094039917,1.7183909000013955,62.08644310000818
6,UNSW-NB15,18,0.41106584668159485,0.8101806044578552,0.4120185673236847,0.8106093406677246,1.7183909000013955,62.08644310000818
7,UNSW-NB15,18,0.4055526852607727,0.8122783303260803,0.4101218283176422,0.8109334111213684,1.7183909000013955,62.08644310000818
8,UNSW-NB15,18,0.4069424867630005,0.8104596734046936,0.4072795808315277,0.810645341873169,1.7183909000013955,62.08644310000818
9,UNSW-NB15,18,0.4077327847480774,0.8108198046684265,0.4048249125480652,0.8153989911079407,1.7183909000013955,62.08644310000818
10,UNSW-NB15,18,0.40680742263793945,0.8114140033721924,0.4081084430217743,0.8118337392807007,1.7183909000013955,62.08644310000818
11,UNSW-NB15,18,0.40967923402786255,0.811008870601654,0.41303780674934387,0.8108614087104797,1.7183909000013955,62.08644310000818
12,UNSW-NB15,18,0.4095677435398102,0.8110899329185486,0.4114566147327423,0.8129141330718994,1.7183909000013955,62.08644310000818
13,UNSW-NB15,18,0.409385621547699,0.8104056715965271,0.41227564215660095,0.8109334111213684,1.7183909000013955,62.08644310000818
14,UNSW-NB15,18,0.41017523407936096,0.810288667678833,0.40995293855667114,0.8116896748542786,1.7183909000013955,62.08644310000818
15,UNSW-NB15,18,0.409025639295578,0.8103426694869995,0.40586549043655396,0.8132022619247437,1.7183909000013955,62.08644310000818
16,UNSW-NB15,18,0.408153235912323,0.8115580677986145,0.4073912501335144,0.8131301999092102,1.7183909000013955,62.08644310000818
17,UNSW-NB15,18,0.40803515911102295,0.8110358715057373,0.4068785011768341,0.811761736869812,1.7183909000013955,62.08644310000818
18,UNSW-NB15,18,0.4073807895183563,0.812116265296936,0.4056517481803894,0.8141025304794312,1.7183909000013955,62.08644310000818
19,UNSW-NB15,18,0.4080362319946289,0.8110809326171875,0.4057486951351166,0.8102132081985474,1.7183909000013955,62.08644310000818
20,UNSW-NB15,18,0.4087393283843994,0.8112969994544983,0.4073198139667511,0.8143906593322754,1.7183909000013955,62.08644310000818
21,UNSW-NB15,18,0.4064275622367859,0.8113420009613037,0.408623605966568,0.8108974099159241,1.7183909000013955,62.08644310000818
22,UNSW-NB15,18,0.40923139452934265,0.8114320039749146,0.4076824486255646,0.8151829242706299,1.7183909000013955,62.08644310000818
23,UNSW-NB15,18,0.4084739089012146,0.810900866985321,0.40776586532592773,0.8139224648475647,1.7183909000013955,62.08644310000818
24,UNSW-NB15,18,0.4070456326007843,0.8111619353294373,0.4088747799396515,0.8116176724433899,1.7183909000013955,62.08644310000818
25,UNSW-NB15,18,0.40879178047180176,0.810027539730072,0.4091649055480957,0.8105733394622803,1.7183909000013955,62.08644310000818
26,UNSW-NB15,18,0.40943634510040283,0.8111979365348816,0.40495896339416504,0.8119418025016785,1.7183909000013955,62.08644310000818
27,UNSW-NB15,18,0.40875956416130066,0.8114320039749146,0.4107506573200226,0.8096370100975037,1.7183909000013955,62.08644310000818
28,UNSW-NB15,18,0.40760335326194763,0.8106757998466492,0.4091421365737915,0.8102492094039917,1.7183909000013955,62.08644310000818
29,UNSW-NB15,18,0.4096502661705017,0.8106938004493713,0.4088784158229828,0.8126260042190552,1.7183909000013955,62.08644310000818
30,UNSW-NB15,18,0.40902647376060486,0.8112969994544983,0.4105075001716614,0.8101051449775696,1.7183909000013955,62.08644310000818
31,UNSW-NB15,18,0.40985387563705444,0.8111169338226318,0.40854397416114807,0.8125900030136108,1.7183909000013955,62.08644310000818
32,UNSW-NB15,18,0.40976256132125854,0.8100365400314331,0.407524973154068,0.8129861354827881,1.7183909000013955,62.08644310000818
33,UNSW-NB15,18,0.40996694564819336,0.8107208013534546,0.4084572196006775,0.8130581974983215,1.7183909000013955,62.08644310000818
34,UNSW-NB15,18,0.40855133533477783,0.8111169338226318,0.40719032287597656,0.8116176724433899,1.7183909000013955,62.08644310000818
35,UNSW-NB15,18,0.4100250005722046,0.8106757998466492,0.4076017141342163,0.8123739361763,1.7183909000013955,62.08644310000818
36,UNSW-NB15,18,0.4113190472126007,0.8094784021377563,0.4077830910682678,0.8116896748542786,1.7183909000013955,62.08644310000818
37,UNSW-NB15,18,0.40766143798828125,0.8109818696975708,0.4079532027244568,0.8137423992156982,1.7183909000013955,62.08644310000818
38,UNSW-NB15,18,0.4063172936439514,0.8117651343345642,0.40422889590263367,0.8145707249641418,1.7183909000013955,62.08644310000818
39,UNSW-NB15,18,0.4087279140949249,0.811981201171875,0.41057029366493225,0.8070440888404846,1.7183909000013955,62.08644310000818
40,UNSW-NB15,18,0.40934672951698303,0.8107928037643433,0.4107103645801544,0.8135623335838318,1.7183909000013955,62.08644310000818
41,UNSW-NB15,18,0.4085681438446045,0.8103066682815552,0.41346684098243713,0.8053514957427979,1.7183909000013955,62.08644310000818
42,UNSW-NB15,18,0.4085700809955597,0.8119361996650696,0.40667203068733215,0.8134903311729431,1.7183909000013955,62.08644310000818
43,UNSW-NB15,18,0.408882737159729,0.8097304701805115,0.40786924958229065,0.8106093406677246,1.7183909000013955,62.08644310000818
44,UNSW-NB15,18,0.4100828170776367,0.8108648657798767,0.40899771451950073,0.8123379349708557,1.7183909000013955,62.08644310000818
45,UNSW-NB15,18,0.40931281447410583,0.8100005388259888,0.40592002868652344,0.8126260042190552,1.7183909000013955,62.08644310000818
46,UNSW-NB15,18,0.41084372997283936,0.8108288049697876,0.4173988699913025,0.8109334111213684,1.7183909000013955,62.08644310000818
47,UNSW-NB15,18,0.407715380191803,0.8116571307182312,0.4121604263782501,0.8091328144073486,1.7183909000013955,62.08644310000818
48,UNSW-NB15,18,0.4094129800796509,0.8099285364151001,0.4085100591182709,0.8125900030136108,1.7183909000013955,62.08644310000818
49,UNSW-NB15,18,0.405754953622818,0.8128995299339294,0.41307857632637024,0.8123019337654114,1.7183909000013955,62.08644310000818
50,UNSW-NB15,18,0.4076780080795288,0.8119451999664307,0.40702927112579346,0.8140305280685425,1.7183909000013955,62.08644310000818
51,UNSW-NB15,18,0.4069553017616272,0.811738133430481,0.4104742109775543,0.8114016056060791,1.7183909000013955,62.08644310000818
52,UNSW-NB15,18,0.41095298528671265,0.8100005388259888,0.40954750776290894,0.8104292750358582,1.7183909000013955,62.08644310000818
53,UNSW-NB15,18,0.409614622592926,0.811981201171875,0.4116118848323822,0.8103572130203247,1.7183909000013955,62.08644310000818
54,UNSW-NB15,18,0.40598922967910767,0.811981201171875,0.4041014313697815,0.8148587942123413,1.7183909000013955,62.08644310000818
55,UNSW-NB15,18,0.4084417223930359,0.810999870300293,0.4070170819759369,0.8139224648475647,1.7183909000013955,62.08644310000818
56,UNSW-NB15,18,0.4080614149570465,0.8100095391273499,0.41695258021354675,0.8112935423851013,1.7183909000013955,62.08644310000818
57,UNSW-NB15,18,0.40793830156326294,0.8100996017456055,0.40846899151802063,0.8099250793457031,1.7183909000013955,62.08644310000818
58,UNSW-NB15,18,0.4100651741027832,0.8102526068687439,0.40654459595680237,0.8121938705444336,1.7183909000013955,62.08644310000818
59,UNSW-NB15,18,0.40988466143608093,0.8099555373191833,0.4108562171459198,0.8110054731369019,1.7183909000013955,62.08644310000818
60,UNSW-NB15,18,0.40707889199256897,0.8119001984596252,0.4052654206752777,0.8155070543289185,1.7183909000013955,62.08644310000818
61,UNSW-NB15,18,0.4108942151069641,0.8105137348175049,0.4088458716869354,0.8138864636421204,1.7183909000013955,62.08644310000818
62,UNSW-NB15,18,0.40899789333343506,0.8101176023483276,0.40759673714637756,0.8135263323783875,1.7183909000013955,62.08644310000818
63,UNSW-NB15,18,0.40677422285079956,0.8101986050605774,0.4105795919895172,0.8093488812446594,1.7183909000013955,62.08644310000818
64,UNSW-NB15,18,0.40965989232063293,0.8106667995452881,0.40954965353012085,0.8119418025016785,1.7183909000013955,62.08644310000818
1,UNSW-NB15,19,0.40734225511550903,0.8113510012626648,0.4070790112018585,0.8107894062995911,1.6556586000369862,63.79634130001068
2,UNSW-NB15,19,0.4079703986644745,0.8110178709030151,0.4071005880832672,0.8101771473884583,1.6556586000369862,63.79634130001068
3,UNSW-NB15,19,0.4076167643070221,0.8109818696975708,0.4057649075984955,0.8084125518798828,1.6556586000369862,63.79634130001068
4,UNSW-NB15,19,0.4098387658596039,0.8103336691856384,0.4075827896595001,0.8115816712379456,1.6556586000369862,63.79634130001068
5,UNSW-NB15,19,0.40780821442604065,0.810531735420227,0.40868690609931946,0.8124099373817444,1.6556586000369862,63.79634130001068
6,UNSW-NB15,19,0.409639835357666,0.8113420009613037,0.41171643137931824,0.8116896748542786,1.6556586000369862,63.79634130001068
7,UNSW-NB15,19,0.40396833419799805,0.8112789988517761,0.41298750042915344,0.8110414743423462,1.6556586000369862,63.79634130001068
8,UNSW-NB15,19,0.40498366951942444,0.8122603297233582,0.4036826193332672,0.8134903311729431,1.6556586000369862,63.79634130001068
9,UNSW-NB15,19,0.40636104345321655,0.8117831349372864,0.4093784689903259,0.813346266746521,1.6556586000369862,63.79634130001068
10,UNSW-NB15,19,0.4052361249923706,0.8117831349372864,0.4033431112766266,0.8155790567398071,1.6556586000369862,63.79634130001068
11,UNSW-NB15,19,0.40907591581344604,0.8111709356307983,0.4092541038990021,0.8124459981918335,1.6556586000369862,63.79634130001068
12,UNSW-NB15,19,0.4082522988319397,0.811269998550415,0.4095810055732727,0.8107894062995911,1.6556586000369862,63.79634130001068
13,UNSW-NB15,19,0.4072173833847046,0.8110989332199097,0.41094404458999634,0.8115816712379456,1.6556586000369862,63.79634130001068
14,UNSW-NB15,19,0.4091561436653137,0.8106217384338379,0.40788230299949646,0.8133823275566101,1.6556586000369862,63.79634130001068
15,UNSW-NB15,19,0.40630462765693665,0.8118911981582642,0.4068099856376648,0.8135263323783875,1.6556586000369862,63.79634130001068
16,UNSW-NB15,19,0.40626105666160583,0.8122783303260803,0.4056644141674042,0.8139224648475647,1.6556586000369862,63.79634130001068
17,UNSW-NB15,19,0.40510156750679016,0.8123053312301636,0.4088236689567566,0.8126620650291443,1.6556586000369862,63.79634130001068
18,UNSW-NB15,19,0.40700435638427734,0.8114230036735535,0.40566885471343994,0.8123379349708557,1.6556586000369862,63.79634130001068
19,UNSW-NB15,19,0.4065144956111908,0.8111979365348816,0.4058283567428589,0.8116896748542786,1.6556586000369862,63.79634130001068
20,UNSW-NB15,19,0.4075584411621094,0.8111799359321594,0.4041377604007721,0.8145707249641418,1.6556586000369862,63.79634130001068
21,UNSW-NB15,19,0.4049634039402008,0.8119902014732361,0.4037328064441681,0.8123019337654114,1.6556586000369862,63.79634130001068
22,UNSW-NB15,19,0.40830543637275696,0.8108738660812378,0.40483516454696655,0.8150749206542969,1.6556586000369862,63.79634130001068
23,UNSW-NB15,19,0.40758904814720154,0.8107028007507324,0.4050816297531128,0.8145347237586975,1.6556586000369862,63.79634130001068
24,UNSW-NB15,19,0.40629029273986816,0.8119542002677917,0.40403231978416443,0.8104652762413025,1.6556586000369862,63.79634130001068
25,UNSW-NB15,19,0.40748873353004456,0.8100185394287109,0.40696778893470764,0.8120498061180115,1.6556586000369862,63.79634130001068
26,UNSW-NB15,19,0.408322274684906,0.8107298016548157,0.4077663719654083,0.8121578693389893,1.6556586000369862,63.79634130001068
27,UNSW-NB15,19,0.4075373709201813,0.8123053312301636,0.4087785482406616,0.8141385912895203,1.6556586000369862,63.79634130001068
28,UNSW-NB15,19,0.40625858306884766,0.8119271993637085,0.4071781039237976,0.8137063980102539,1.6556586000369862,63.79634130001068
29,UNSW-NB15,19,0.40958839654922485,0.8096404075622559,0.4078090190887451,0.8129501342773438,1.6556586000369862,63.79634130001068
30,UNSW-NB15,19,0.4069651663303375,0.8117201328277588,0.40907642245292664,0.8122298717498779,1.6556586000369862,63.79634130001068
31,UNSW-NB15,19,0.4087202847003937,0.8113960027694702,0.4067215621471405,0.813346266746521,1.6556586000369862,63.79634130001068
32,UNSW-NB15,19,0.4090206027030945,0.8103606700897217,0.4113942086696625,0.8075122237205505,1.6556586000369862,63.79634130001068
33,UNSW-NB15,19,0.4084033966064453,0.8110809326171875,0.4045674800872803,0.8155070543289185,1.6556586000369862,63.79634130001068
34,UNSW-NB15,19,0.40717804431915283,0.8105947375297546,0.4124537706375122,0.8107894062995911,1.6556586000369862,63.79634130001068
35,UNSW-NB15,19,0.40823256969451904,0.8108378052711487,0.4054702818393707,0.8130581974983215,1.6556586000369862,63.79634130001068
36,UNSW-NB15,19,0.4090401232242584,0.8114140033721924,0.4072531759738922,0.8137423992156982,1.6556586000369862,63.79634130001068
37,UNSW-NB15,19,0.4063851535320282,0.8127374649047852,0.40760815143585205,0.8134183287620544,1.6556586000369862,63.79634130001068
38,UNSW-NB15,19,0.4047416150569916,0.8124043345451355,0.40450432896614075,0.8131662011146545,1.6556586000369862,63.79634130001068
39,UNSW-NB15,19,0.4067712426185608,0.8113510012626648,0.41011756658554077,0.8107894062995911,1.6556586000369862,63.79634130001068
40,UNSW-NB15,19,0.4081534743309021,0.8106217384338379,0.41168874502182007,0.8124099373817444,1.6556586000369862,63.79634130001068
41,UNSW-NB15,19,0.40763652324676514,0.8103246688842773,0.4064497947692871,0.8125180006027222,1.6556586000369862,63.79634130001068
42,UNSW-NB15,19,0.40707850456237793,0.8109188675880432,0.4060761630535126,0.8128781318664551,1.6556586000369862,63.79634130001068
43,UNSW-NB15,19,0.4066910445690155,0.8111709356307983,0.40361031889915466,0.8136343955993652,1.6556586000369862,63.79634130001068
44,UNSW-NB15,19,0.4085097014904022,0.8100005388259888,0.4070953130722046,0.8129501342773438,1.6556586000369862,63.79634130001068
45,UNSW-NB15,19,0.40807729959487915,0.8099015355110168,0.411553293466568,0.808196485042572,1.6556586000369862,63.79634130001068
46,UNSW-NB15,19,0.40949010848999023,0.8117201328277588,0.41103047132492065,0.8116176724433899,1.6556586000369862,63.79634130001068
47,UNSW-NB15,19,0.4068869352340698,0.8116571307182312,0.4087013304233551,0.810753345489502,1.6556586000369862,63.79634130001068
48,UNSW-NB15,19,0.4073655307292938,0.8110358715057373,0.40577858686447144,0.8115816712379456,1.6556586000369862,63.79634130001068
49,UNSW-NB15,19,0.4051889479160309,0.8118011355400085,0.40864500403404236,0.8120498061180115,1.6556586000369862,63.79634130001068
50,UNSW-NB15,19,0.4072161614894867,0.811378002166748,0.40805748105049133,0.8137063980102539,1.6556586000369862,63.79634130001068
51,UNSW-NB15,19,0.40552571415901184,0.8124313354492188,0.40582573413848877,0.8135983943939209,1.6556586000369862,63.79634130001068
52,UNSW-NB15,19,0.40871909260749817,0.8116751313209534,0.4078788757324219,0.8115816712379456,1.6556586000369862,63.79634130001068
53,UNSW-NB15,19,0.40845122933387756,0.8111889362335205,0.40851131081581116,0.812734067440033,1.6556586000369862,63.79634130001068
54,UNSW-NB15,19,0.40397486090660095,0.8129895329475403,0.40673261880874634,0.8131662011146545,1.6556586000369862,63.79634130001068
55,UNSW-NB15,19,0.40546277165412903,0.8120172023773193,0.40614593029022217,0.8138864636421204,1.6556586000369862,63.79634130001068
56,UNSW-NB15,19,0.4071051776409149,0.8107478022575378,0.4055883586406708,0.8134543299674988,1.6556586000369862,63.79634130001068
57,UNSW-NB15,19,0.4054391384124756,0.8105047345161438,0.40244436264038086,0.8149308562278748,1.6556586000369862,63.79634130001068
58,UNSW-NB15,19,0.40899673104286194,0.8102076053619385,0.4095970392227173,0.8114016056060791,1.6556586000369862,63.79634130001068
59,UNSW-NB15,19,0.4090732932090759,0.8105047345161438,0.40822261571884155,0.8115816712379456,1.6556586000369862,63.79634130001068
60,UNSW-NB15,19,0.40551963448524475,0.8127104640007019,0.40470191836357117,0.8137784600257874,1.6556586000369862,63.79634130001068
61,UNSW-NB15,19,0.408829927444458,0.8116480708122253,0.41089436411857605,0.8111134767532349,1.6556586000369862,63.79634130001068
62,UNSW-NB15,19,0.4077874720096588,0.8103336691856384,0.40756240487098694,0.8125180006027222,1.6556586000369862,63.79634130001068
63,UNSW-NB15,19,0.40580064058303833,0.8114140033721924,0.4076000154018402,0.8132022619247437,1.6556586000369862,63.79634130001068
64,UNSW-NB15,19,0.40864577889442444,0.8104687333106995,0.41092535853385925,0.8081604838371277,1.6556586000369862,63.79634130001068
1,UNSW-NB15,20,0.40571022033691406,0.8122062683105469,0.4053986072540283,0.8114736080169678,1.6253759000101127,65.4638323999825
2,UNSW-NB15,20,0.4071807265281677,0.8113150000572205,0.4054985046386719,0.8135623335838318,1.6253759000101127,65.4638323999825
3,UNSW-NB15,20,0.4058282971382141,0.8123143315315247,0.4095538556575775,0.8120858669281006,1.6253759000101127,65.4638323999825
4,UNSW-NB15,20,0.4077054262161255,0.8107298016548157,0.4086131453514099,0.8116536736488342,1.6253759000101127,65.4638323999825
5,UNSW-NB15,20,0.40627437829971313,0.8101626038551331,0.405710905790329,0.8129141330718994,1.6253759000101127,65.4638323999825
6,UNSW-NB15,20,0.4080817699432373,0.8111619353294373,0.4060717225074768,0.8128781318664551,1.6253759000101127,65.4638323999825
7,UNSW-NB15,20,0.4029553532600403,0.8123053312301636,0.40683770179748535,0.8125900030136108,1.6253759000101127,65.4638323999825
8,UNSW-NB15,20,0.4038059711456299,0.8118371367454529,0.4024319052696228,0.8145347237586975,1.6253759000101127,65.4638323999825
9,UNSW-NB15,20,0.4042651355266571,0.8130795955657959,0.40356603264808655,0.8137063980102539,1.6253759000101127,65.4638323999825
10,UNSW-NB15,20,0.40452754497528076,0.8131605982780457,0.40292757749557495,0.8144987225532532,1.6253759000101127,65.4638323999825
11,UNSW-NB15,20,0.407871276140213,0.811369001865387,0.4087981581687927,0.8113656044006348,1.6253759000101127,65.4638323999825
12,UNSW-NB15,20,0.4068194329738617,0.8109908699989319,0.41082897782325745,0.8108974099159241,1.6253759000101127,65.4638323999825
13,UNSW-NB15,20,0.4060477912425995,0.8119091987609863,0.41386905312538147,0.8099250793457031,1.6253759000101127,65.4638323999825
14,UNSW-NB15,20,0.4073428511619568,0.8114050030708313,0.40618792176246643,0.8130941987037659,1.6253759000101127,65.4638323999825
15,UNSW-NB15,20,0.4055992662906647,0.8123233318328857,0.40680381655693054,0.8147867918014526,1.6253759000101127,65.4638323999825
16,UNSW-NB15,20,0.4049701988697052,0.8130615949630737,0.405944287776947,0.8121218681335449,1.6253759000101127,65.4638323999825
17,UNSW-NB15,20,0.40494871139526367,0.8121972680091858,0.4027732014656067,0.8154350519180298,1.6253759000101127,65.4638323999825
18,UNSW-NB15,20,0.40516790747642517,0.8122873306274414,0.4079476296901703,0.8102492094039917,1.6253759000101127,65.4638323999825
19,UNSW-NB15,20,0.4052314758300781,0.8124943971633911,0.4036048948764801,0.815326988697052,1.6253759000101127,65.4638323999825
20,UNSW-NB15,20,0.40621498227119446,0.8119902014732361,0.40712276101112366,0.811761736869812,1.6253759000101127,65.4638323999825
21,UNSW-NB15,20,0.40337905287742615,0.8117291331291199,0.4073774218559265,0.8088446855545044,1.6253759000101127,65.4638323999825
22,UNSW-NB15,20,0.40677425265312195,0.8117291331291199,0.40788641571998596,0.8143906593322754,1.6253759000101127,65.4638323999825
23,UNSW-NB15,20,0.4063524603843689,0.8120352029800415,0.4092252552509308,0.8103932738304138,1.6253759000101127,65.4638323999825
24,UNSW-NB15,20,0.4039554297924042,0.8126294016838074,0.4029448926448822,0.8121578693389893,1.6253759000101127,65.4638323999825
25,UNSW-NB15,20,0.4049985408782959,0.8118191361427307,0.40833935141563416,0.8107173442840576,1.6253759000101127,65.4638323999825
26,UNSW-NB15,20,0.40640944242477417,0.812584400177002,0.403045117855072,0.8135623335838318,1.6253759000101127,65.4638323999825
27,UNSW-NB15,20,0.40724948048591614,0.8122332692146301,0.4120456576347351,0.8114736080169678,1.6253759000101127,65.4638323999825
28,UNSW-NB15,20,0.40483221411705017,0.8121612668037415,0.4080258309841156,0.8124099373817444,1.6253759000101127,65.4638323999825
29,UNSW-NB15,20,0.40759873390197754,0.8117741346359253,0.4070844352245331,0.8112935423851013,1.6253759000101127,65.4638323999825
30,UNSW-NB15,20,0.4053386151790619,0.8131875991821289,0.4050549268722534,0.8119418025016785,1.6253759000101127,65.4638323999825
31,UNSW-NB15,20,0.4069828391075134,0.8116751313209534,0.4121742248535156,0.8094569444656372,1.6253759000101127,65.4638323999825
32,UNSW-NB15,20,0.40691688656806946,0.811873197555542,0.40519070625305176,0.812734067440033,1.6253759000101127,65.4638323999825
33,UNSW-NB15,20,0.40597957372665405,0.8111169338226318,0.4072030782699585,0.8144266605377197,1.6253759000101127,65.4638323999825
34,UNSW-NB15,20,0.40573129057884216,0.8114320039749146,0.4034698009490967,0.8144266605377197,1.6253759000101127,65.4638323999825
35,UNSW-NB15,20,0.40613773465156555,0.8119361996650696,0.40985047817230225,0.8092048168182373,1.6253759000101127,65.4638323999825
36,UNSW-NB15,20,0.408481240272522,0.8109638690948486,0.40567100048065186,0.8127700686454773,1.6253759000101127,65.4638323999825
37,UNSW-NB15,20,0.405718058347702,0.8116751313209534,0.4072020351886749,0.8125540018081665,1.6253759000101127,65.4638323999825
38,UNSW-NB15,20,0.40328216552734375,0.8137907981872559,0.40481022000312805,0.8136703968048096,1.6253759000101127,65.4638323999825
39,UNSW-NB15,20,0.4058806300163269,0.8117831349372864,0.40828031301498413,0.8111134767532349,1.6253759000101127,65.4638323999825
40,UNSW-NB15,20,0.40640372037887573,0.8115220665931702,0.4097445607185364,0.8114376068115234,1.6253759000101127,65.4638323999825
41,UNSW-NB15,20,0.405428022146225,0.8115220665931702,0.40792950987815857,0.8134543299674988,1.6253759000101127,65.4638323999825
42,UNSW-NB15,20,0.4050757586956024,0.8122963309288025,0.4072244167327881,0.8144987225532532,1.6253759000101127,65.4638323999825
43,UNSW-NB15,20,0.40451285243034363,0.8119451999664307,0.40551427006721497,0.8114016056060791,1.6253759000101127,65.4638323999825
44,UNSW-NB15,20,0.4072127938270569,0.812107264995575,0.4054901897907257,0.8112935423851013,1.6253759000101127,65.4638323999825
45,UNSW-NB15,20,0.4057961702346802,0.8112879991531372,0.4047269821166992,0.8129501342773438,1.6253759000101127,65.4638323999825
46,UNSW-NB15,20,0.40831559896469116,0.8114860653877258,0.4058286249637604,0.8132742643356323,1.6253759000101127,65.4638323999825
47,UNSW-NB15,20,0.4050154685974121,0.8113600015640259,0.4044717252254486,0.8147507905960083,1.6253759000101127,65.4638323999825
48,UNSW-NB15,20,0.4063635766506195,0.811008870601654,0.4026927649974823,0.8140665292739868,1.6253759000101127,65.4638323999825
49,UNSW-NB15,20,0.40289416909217834,0.8115670680999756,0.4022405743598938,0.8161552548408508,1.6253759000101127,65.4638323999825
50,UNSW-NB15,20,0.4051320254802704,0.8125483989715576,0.4048970639705658,0.8137784600257874,1.6253759000101127,65.4638323999825
51,UNSW-NB15,20,0.4046039283275604,0.8124133348464966,0.40458348393440247,0.8144987225532532,1.6253759000101127,65.4638323999825
52,UNSW-NB15,20,0.4084710478782654,0.8108828663825989,0.4066355526447296,0.8124459981918335,1.6253759000101127,65.4638323999825
53,UNSW-NB15,20,0.4069479703903198,0.8125303983688354,0.4076487123966217,0.8136343955993652,1.6253759000101127,65.4638323999825
54,UNSW-NB15,20,0.4034375846385956,0.812224268913269,0.4039764702320099,0.8142105937004089,1.6253759000101127,65.4638323999825
55,UNSW-NB15,20,0.4048330783843994,0.8112159371376038,0.4031445384025574,0.814822793006897,1.6253759000101127,65.4638323999825
56,UNSW-NB15,20,0.4057081937789917,0.8117021322250366,0.40627843141555786,0.8129501342773438,1.6253759000101127,65.4638323999825
57,UNSW-NB15,20,0.40400299429893494,0.8118371367454529,0.4057781994342804,0.8130221962928772,1.6253759000101127,65.4638323999825
58,UNSW-NB15,20,0.4073874056339264,0.8108468055725098,0.411308616399765,0.8107173442840576,1.6253759000101127,65.4638323999825
59,UNSW-NB15,20,0.4078138768672943,0.8103786706924438,0.40813198685646057,0.8105733394622803,1.6253759000101127,65.4638323999825
60,UNSW-NB15,20,0.40456658601760864,0.8123143315315247,0.40538960695266724,0.8140665292739868,1.6253759000101127,65.4638323999825
61,UNSW-NB15,20,0.4089609682559967,0.8104687333106995,0.4067857563495636,0.8128421306610107,1.6253759000101127,65.4638323999825
62,UNSW-NB15,20,0.40641170740127563,0.8110809326171875,0.4076137840747833,0.8142465949058533,1.6253759000101127,65.4638323999825
63,UNSW-NB15,20,0.40500783920288086,0.8120622634887695,0.4030091464519501,0.8120498061180115,1.6253759000101127,65.4638323999825
64,UNSW-NB15,20,0.40584829449653625,0.8108288049697876,0.40644389390945435,0.8128781318664551,1.6253759000101127,65.4638323999825
